anno,Provincia,comune,Abitato,localizzazione,strada,tipologia,feriti,morti
2020,Foggia,Foggia,Fuori Abitato,Strada Statale,Rettilineo,Incidente tra veicoli,2,0
2020,Foggia,Manfredonia,Nell'Abitato,Strada Provinciale,Rettilineo,Incidente tra veicoli,3,0
2020,Foggia,San Severo,Fuori Abitato,Strada Provinciale,Curva,Incidente tra veicoli,3,0
2020,Foggia,Foggia,Fuori Abitato,Strada Statale,Incrocio,Incidente tra veicoli,0,2
2020,Foggia,Cerignola,Fuori Abitato,Autostrada,Rettilineo,Incidente tra veicoli,1,0
2020,Foggia,San Severo,Fuori Abitato,Strada Statale,Rettilineo,Incidente a veicolo isolato,2,0
2020,Foggia,San Severo,Fuori Abitato,Strada Statale,Rettilineo,Incidente tra veicoli,3,0
2020,Foggia,Foggia,Fuori Abitato,Strada Statale,Rettilineo,Incidente tra veicoli,1,1
2020,Foggia,Foggia,Fuori Abitato,Strada Statale,Rettilineo,Incidente tra veicoli,3,0
2020,Foggia,Foggia,Fuori Abitato,Strada Statale,Incrocio,Incidente tra veicoli,3,0
2020,Foggia,Chieuti,Fuori Abitato,Autostrada,Rettilineo,Incidente tra veicoli,2,1
2020,Foggia,Foggia,Fuori Abitato,Strada Statale,Rotatoria,Incidente tra veicoli,4,1
2020,Foggia,Orta Nova,Nell'Abitato,Strada Statale,Rettilineo,Incidente tra veicoli,1,1
2020,Foggia,San Giovanni Rotondo,Fuori Abitato,Strada Statale,Rettilineo,Incidente tra veicoli,3,0
2020,Foggia,Cerignola,Nell'Abitato,Strada Urbana,Incrocio,Incidente tra veicoli,2,0
2020,Foggia,San Severo,Nell'Abitato,Strada Urbana,Rettilineo,Incidente tra veicoli,2,0
2020,Foggia,San Severo,Fuori Abitato,Strada Statale,Rettilineo,Incidente tra veicoli,1,0
2020,Foggia,Rignano Garganico,Fuori Abitato,Strada Provinciale,Rettilineo,Incidente a veicolo isolato,1,0
2020,Foggia,Foggia,Fuori Abitato,Strada Statale,Rettilineo,Incidente a veicolo isolato,4,0
2020,Foggia,Lucera,Fuori Abitato,Strada Statale,Rettilineo,Incidente a veicolo isolato,0,1
2020,Foggia,Lucera,Fuori Abitato,Strada Provinciale,Rettilineo,Incidente a veicolo isolato,1,0
2020,Foggia,Lucera,Fuori Abitato,Strada Statale,Rettilineo,Incidente tra veicoli,2,0
2020,Foggia,Manfredonia,Nell'Abitato,Strada Urbana,Incrocio,Incidente tra veicoli,2,0
2020,Foggia,Lucera,Fuori Abitato,Strada Statale,Rettilineo,Incidente tra veicoli,5,0
2020,Foggia,Cerignola,Nell'Abitato,Strada Urbana,Incrocio,Incidente tra veicoli,2,0
2020,Foggia,Casalvecchio di Puglia,Fuori Abitato,Strada Provinciale,Curva,Incidente tra veicoli,2,0
2020,Foggia,Lucera,Fuori Abitato,Strada Statale,Rettilineo,Incidente tra veicoli,2,0
2020,Foggia,Panni,Nell'Abitato,Strada Provinciale,Incrocio,Incidente tra veicoli,9,0
2020,Foggia,Cerignola,Fuori Abitato,Strada comunale extraurbana,Rettilineo,Incidente tra veicoli,2,0
2020,Foggia,Lucera,Nell'Abitato,Strada Urbana,Incrocio,Incidente tra veicoli,1,0
2020,Foggia,San Marco in Lamis,Nell'Abitato,Strada Urbana,Rettilineo,Incidente tra veicoli,2,0
2020,Foggia,Cerignola,Nell'Abitato,Strada Urbana,Incrocio,Incidente tra veicoli,2,0
2020,Foggia,Foggia,Nell'Abitato,Strada Urbana,Incrocio,Incidente tra veicoli,2,0
2020,Foggia,Foggia,Nell'Abitato,Strada Urbana,Rettilineo,Incidente tra veicoli,2,0
2020,Foggia,Foggia,Nell'Abitato,Strada Urbana,Incrocio,Incidente tra veicoli,2,0
2020,Foggia,Foggia,Nell'Abitato,Strada Urbana,Rettilineo,Investimento di pedone,1,0
2020,Foggia,Foggia,Nell'Abitato,Strada Urbana,Incrocio,Incidente tra veicoli,4,0
2020,Foggia,Foggia,Nell'Abitato,Strada Urbana,Rotatoria,Investimento di pedone,1,0
2020,Foggia,Foggia,Nell'Abitato,Strada Urbana,Incrocio,Incidente tra veicoli,1,0
2020,Foggia,Foggia,Nell'Abitato,Strada Urbana,Incrocio,Incidente tra veicoli,1,0
2020,Foggia,Foggia,Nell'Abitato,Strada Urbana,Incrocio,Incidente tra veicoli,1,0
2020,Foggia,Foggia,Nell'Abitato,Strada Urbana,Rettilineo,Incidente tra veicoli,2,0
2020,Foggia,Lucera,Nell'Abitato,Strada Urbana,Incrocio,Incidente tra veicoli,2,0
2020,Foggia,Foggia,Nell'Abitato,Strada Urbana,Rettilineo,Incidente tra veicoli,1,0
2020,Foggia,Apricena,Fuori Abitato,Strada Statale,Incrocio,Incidente tra veicoli,3,0
2020,Foggia,Foggia,Nell'Abitato,Strada Urbana,Rettilineo,Investimento di pedone,1,0
2020,Foggia,Foggia,Nell'Abitato,Strada Urbana,Incrocio,Incidente tra veicoli,2,0
2020,Foggia,Foggia,Nell'Abitato,Strada Urbana,Incrocio,Incidente tra veicoli,3,0
2020,Foggia,Foggia,Nell'Abitato,Strada Urbana,Incrocio,Incidente tra veicoli,1,0
2020,Foggia,Foggia,Nell'Abitato,Strada Urbana,Incrocio,Incidente tra veicoli,4,0
2020,Foggia,San Giovanni Rotondo,Nell'Abitato,Strada Urbana,Incrocio,Incidente tra veicoli,2,0
2020,Foggia,Foggia,Fuori Abitato,Strada Statale,Rettilineo,Investimento di pedone,2,0
2020,Foggia,Foggia,Nell'Abitato,Strada Urbana,Rettilineo,Investimento di pedone,1,0
2020,Foggia,Foggia,Fuori Abitato,Altra strada,Incrocio,Incidente tra veicoli,1,0
2020,Foggia,Foggia,Nell'Abitato,Strada Urbana,Incrocio,Incidente tra veicoli,1,0
2020,Foggia,Foggia,Nell'Abitato,Strada Urbana,Rettilineo,Investimento di pedone,1,0
2020,Foggia,Foggia,Nell'Abitato,Strada Urbana,Rotatoria,Incidente tra veicoli,1,0
2020,Foggia,Foggia,Nell'Abitato,Strada Urbana,Rettilineo,Incidente tra veicoli,1,0
2020,Foggia,Foggia,Nell'Abitato,Strada Urbana,Incrocio,Incidente tra veicoli,3,0
2020,Foggia,Foggia,Nell'Abitato,Strada Urbana,Incrocio,Incidente tra veicoli,1,0
2020,Foggia,Foggia,Nell'Abitato,Strada Urbana,Rettilineo,Incidente tra veicoli,2,0
2020,Foggia,Foggia,Nell'Abitato,Strada Urbana,Rettilineo,Incidente tra veicoli,2,0
2020,Foggia,Foggia,Nell'Abitato,Strada Urbana,Incrocio,Incidente tra veicoli,2,0
2020,Foggia,Foggia,Nell'Abitato,Strada Urbana,Rettilineo,Investimento di pedone,1,0
2020,Foggia,Foggia,Fuori Abitato,Strada Statale,Rotatoria,Incidente tra veicoli,1,0
2020,Foggia,Foggia,Nell'Abitato,Strada Urbana,Incrocio,Incidente tra veicoli,2,0
2020,Foggia,Foggia,Fuori Abitato,Strada Statale,Rotatoria,Incidente tra veicoli,2,0
2020,Foggia,Foggia,Nell'Abitato,Strada Urbana,Incrocio,Incidente tra veicoli,1,0
2020,Foggia,San Severo,Nell'Abitato,Strada Provinciale,Rettilineo,Incidente tra veicoli,2,0
2020,Foggia,Orta Nova,Nell'Abitato,Strada Urbana,Incrocio,Incidente tra veicoli,3,0
2020,Foggia,Orta Nova,Nell'Abitato,Strada Urbana,Incrocio,Incidente tra veicoli,2,0
2020,Foggia,San Marco in Lamis,Fuori Abitato,Strada Statale,Incrocio,Incidente tra veicoli,1,0
2020,Foggia,Cerignola,Nell'Abitato,Strada Urbana,Rettilineo,Incidente tra veicoli,2,0
2020,Foggia,Manfredonia,Nell'Abitato,Strada Urbana,Incrocio,Incidente tra veicoli,2,0
2020,Foggia,Troia,Fuori Abitato,Strada Provinciale,Rettilineo,Incidente a veicolo isolato,2,1
2020,Foggia,Rocchetta Sant'Antonio,Fuori Abitato,Autostrada,Curva,Incidente a veicolo isolato,0,1
2020,Foggia,Foggia,Fuori Abitato,Strada Statale,Rettilineo,Incidente a veicolo isolato,2,0
2020,Foggia,San Severo,Nell'Abitato,Strada Urbana,Incrocio,Incidente tra veicoli,1,0
2020,Foggia,San Severo,Nell'Abitato,Strada Urbana,Incrocio,Incidente tra veicoli,2,0
2020,Foggia,Cerignola,Fuori Abitato,Strada Provinciale,Rettilineo,Incidente tra veicoli,2,0
2020,Foggia,San Severo,Fuori Abitato,Strada Provinciale,Incrocio,Incidente tra veicoli,2,0
2020,Foggia,Foggia,Fuori Abitato,Strada comunale extraurbana,Curva,Incidente a veicolo isolato,2,0
2020,Foggia,Cerignola,Nell'Abitato,Strada Urbana,Incrocio,Incidente tra veicoli,5,0
2020,Foggia,Foggia,Fuori Abitato,Strada Statale,Incrocio,Incidente tra veicoli,6,0
2020,Foggia,Cerignola,Nell'Abitato,Strada Urbana,Rettilineo,Incidente tra veicoli,3,0
2020,Foggia,Foggia,Nell'Abitato,Strada Urbana,Rettilineo,Investimento di pedone,1,0
2020,Foggia,Foggia,Nell'Abitato,Strada Urbana,Rettilineo,Incidente a veicolo isolato,1,0
2020,Foggia,Foggia,Nell'Abitato,Strada Urbana,Rettilineo,Incidente tra veicoli,1,0
2020,Foggia,Foggia,Nell'Abitato,Strada Urbana,Rettilineo,Investimento di pedone,1,0
2020,Foggia,Foggia,Nell'Abitato,Strada Urbana,Rettilineo,Investimento di pedone,1,0
2020,Foggia,Foggia,Nell'Abitato,Strada Urbana,Incrocio,Incidente tra veicoli,3,0
2020,Foggia,Foggia,Nell'Abitato,Strada Urbana,Rettilineo,Investimento di pedone,1,0
2020,Foggia,Foggia,Nell'Abitato,Strada Urbana,Incrocio,Incidente tra veicoli,1,0
2020,Foggia,Foggia,Nell'Abitato,Strada Urbana,Rettilineo,Incidente tra veicoli,1,0
2020,Foggia,Cerignola,Fuori Abitato,Strada Provinciale,Rettilineo,Incidente a veicolo isolato,1,0
2020,Foggia,San Severo,Nell'Abitato,Strada Urbana,Rettilineo,Investimento di pedone,1,0
2020,Foggia,Cerignola,Nell'Abitato,Strada Urbana,Incrocio,Incidente tra veicoli,1,0
2020,Foggia,Cerignola,Nell'Abitato,Strada Urbana,Incrocio,Incidente tra veicoli,3,0
2020,Foggia,Cerignola,Nell'Abitato,Strada Urbana,Incrocio,Incidente tra veicoli,1,0
2020,Foggia,Cerignola,Fuori Abitato,Strada Provinciale,Incrocio,Incidente tra veicoli,3,0
2020,Foggia,Manfredonia,Nell'Abitato,Strada Urbana,Rettilineo,Incidente tra veicoli,1,0
2020,Foggia,Manfredonia,Fuori Abitato,Strada comunale extraurbana,Rettilineo,Incidente tra veicoli,3,1
2020,Foggia,San Giovanni Rotondo,Nell'Abitato,Strada Provinciale,Incrocio,Incidente tra veicoli,1,0
2020,Foggia,Manfredonia,Nell'Abitato,Strada Urbana,Rettilineo,Incidente tra veicoli,5,0
2020,Foggia,Ascoli Satriano,Fuori Abitato,Strada Statale,Rettilineo,Incidente a veicolo isolato,1,0
2020,Foggia,San Giovanni Rotondo,Fuori Abitato,Strada Statale,Curva,Incidente tra veicoli,2,0
2020,Foggia,Cerignola,Nell'Abitato,Strada Urbana,Rettilineo,Incidente tra veicoli,2,0
2020,Foggia,Foggia,Nell'Abitato,Strada Urbana,Incrocio,Incidente tra veicoli,1,0
2020,Foggia,Foggia,Nell'Abitato,Strada Urbana,Incrocio,Incidente tra veicoli,1,0
2020,Foggia,Foggia,Nell'Abitato,Strada Urbana,Rotatoria,Incidente tra veicoli,1,0
2020,Foggia,Foggia,Nell'Abitato,Strada Urbana,Incrocio,Incidente tra veicoli,2,0
2020,Foggia,Foggia,Nell'Abitato,Strada Urbana,Rettilineo,Incidente a veicolo isolato,1,0
2020,Foggia,Foggia,Nell'Abitato,Strada Urbana,Incrocio,Incidente tra veicoli,1,0
2020,Foggia,Lucera,Nell'Abitato,Strada Urbana,Incrocio,Incidente tra veicoli,1,0
2020,Foggia,Foggia,Nell'Abitato,Strada Urbana,Incrocio,Incidente tra veicoli,1,0
2020,Foggia,San Giovanni Rotondo,Nell'Abitato,Strada Provinciale,Curva,Incidente a veicolo isolato,2,0
2020,Foggia,Foggia,Nell'Abitato,Strada Urbana,Rotatoria,Incidente tra veicoli,1,0
2020,Foggia,Foggia,Nell'Abitato,Strada Urbana,Rettilineo,Incidente a veicolo isolato,1,0
2020,Foggia,San Severo,Fuori Abitato,Strada comunale extraurbana,Rettilineo,Incidente a veicolo isolato,1,0
2020,Foggia,Foggia,Fuori Abitato,Strada Statale,Rettilineo,Incidente a veicolo isolato,1,0
2020,Foggia,Cerignola,Nell'Abitato,Strada Urbana,Incrocio,Incidente tra veicoli,1,0
2020,Foggia,San Severo,Nell'Abitato,Strada Urbana,Incrocio,Investimento di pedone,1,0
2020,Foggia,San Severo,Nell'Abitato,Strada Urbana,Incrocio,Incidente tra veicoli,2,0
2020,Foggia,Cerignola,Nell'Abitato,Strada Urbana,Incrocio,Incidente tra veicoli,2,0
2020,Foggia,San Severo,Nell'Abitato,Strada Urbana,Rotatoria,Incidente tra veicoli,1,0
2020,Foggia,San Giovanni Rotondo,Nell'Abitato,Strada Urbana,Incrocio,Incidente tra veicoli,1,0
2020,Foggia,Manfredonia,Fuori Abitato,Strada Statale,Rettilineo,Incidente a veicolo isolato,1,0
2020,Foggia,Foggia,Fuori Abitato,Strada Statale,Rettilineo,Incidente a veicolo isolato,1,0
2020,Foggia,San Severo,Fuori Abitato,Strada Statale,Incrocio,Incidente tra veicoli,1,0
2020,Foggia,San Severo,Fuori Abitato,Strada Statale,Curva,Incidente a veicolo isolato,1,1
2020,Foggia,Cerignola,Fuori Abitato,Strada Statale,Rettilineo,Incidente tra veicoli,1,0
2020,Foggia,Lesina,Fuori Abitato,Autostrada,Rettilineo,Incidente a veicolo isolato,1,0
2020,Foggia,San Severo,Nell'Abitato,Strada Statale,Rettilineo,Incidente tra veicoli,3,0
2020,Foggia,Manfredonia,Fuori Abitato,Strada Statale,Curva,Incidente tra veicoli,1,0
2020,Foggia,Foggia,Fuori Abitato,Strada Statale,Incrocio,Incidente tra veicoli,3,0
2020,Foggia,Foggia,Fuori Abitato,Strada Statale,Incrocio,Incidente tra veicoli,3,0
2020,Foggia,Lucera,Fuori Abitato,Strada Statale,Rettilineo,Incidente tra veicoli,1,0
2020,Foggia,Cerignola,Fuori Abitato,Strada Provinciale,Rettilineo,Incidente a veicolo isolato,1,0
2020,Foggia,Candela,Fuori Abitato,Strada Statale,Rettilineo,Incidente a veicolo isolato,1,0
2020,Foggia,Cagnano Varano,Fuori Abitato,Strada Provinciale,Curva,Incidente a veicolo isolato,1,0
2020,Foggia,Stornarella,Nell'Abitato,Strada Urbana,Incrocio,Incidente tra veicoli,1,0
2020,Foggia,Cerignola,Nell'Abitato,Strada Provinciale,Rettilineo,Incidente tra veicoli,1,0
2020,Foggia,Serracapriola,Nell'Abitato,Strada Urbana,Incrocio,Incidente tra veicoli,1,0
2020,Foggia,Candela,Fuori Abitato,Strada Provinciale,Rettilineo,Incidente tra veicoli,1,0
2020,Foggia,Troia,Fuori Abitato,Strada Provinciale,Incrocio,Incidente tra veicoli,1,0
2020,Foggia,Cerignola,Nell'Abitato,Strada Urbana,Rettilineo,Incidente tra veicoli,4,0
2020,Foggia,Foggia,Fuori Abitato,Strada Provinciale,Rettilineo,Incidente tra veicoli,4,0
2020,Foggia,Foggia,Nell'Abitato,Strada Urbana,Incrocio,Incidente tra veicoli,2,0
2020,Foggia,San Giovanni Rotondo,Nell'Abitato,Strada Provinciale,Incrocio,Incidente tra veicoli,1,0
2020,Foggia,Foggia,Nell'Abitato,Strada Urbana,Incrocio,Incidente tra veicoli,2,0
2020,Foggia,Torremaggiore,Fuori Abitato,Strada Provinciale,Incrocio,Incidente tra veicoli,3,0
2020,Foggia,Foggia,Nell'Abitato,Strada Urbana,Incrocio,Incidente tra veicoli,1,0
2020,Foggia,Foggia,Fuori Abitato,Strada Statale,Rettilineo,Incidente tra veicoli,3,0
2020,Foggia,Foggia,Nell'Abitato,Strada Urbana,Incrocio,Incidente tra veicoli,1,0
2020,Foggia,Foggia,Nell'Abitato,Strada Urbana,Incrocio,Investimento di pedone,1,0
2020,Foggia,Foggia,Nell'Abitato,Strada Urbana,Rettilineo,Incidente tra veicoli,2,0
2020,Foggia,San Giovanni Rotondo,Nell'Abitato,Strada Urbana,Incrocio,Incidente tra veicoli,2,0
2020,Foggia,Foggia,Nell'Abitato,Strada Urbana,Incrocio,Investimento di pedone,1,0
2020,Foggia,Foggia,Nell'Abitato,Strada Urbana,Rettilineo,Incidente tra veicoli,1,0
2020,Foggia,Foggia,Nell'Abitato,Strada Urbana,Rettilineo,Investimento di pedone,1,0
2020,Foggia,San Giovanni Rotondo,Nell'Abitato,Strada Urbana,Rettilineo,Investimento di pedone,1,0
2020,Foggia,Foggia,Nell'Abitato,Strada Urbana,Incrocio,Incidente tra veicoli,5,0
2020,Foggia,Foggia,Nell'Abitato,Strada Urbana,Incrocio,Incidente tra veicoli,4,0
2020,Foggia,Foggia,Nell'Abitato,Strada Urbana,Incrocio,Incidente tra veicoli,2,0
2020,Foggia,Foggia,Nell'Abitato,Strada Urbana,Rettilineo,Incidente a veicolo isolato,1,0
2020,Foggia,Foggia,Nell'Abitato,Strada Urbana,Incrocio,Incidente tra veicoli,1,0
2020,Foggia,Foggia,Nell'Abitato,Strada Urbana,Incrocio,Investimento di pedone,1,0
2020,Foggia,Foggia,Nell'Abitato,Strada Urbana,Curva,Incidente a veicolo isolato,1,0
2020,Foggia,Cerignola,Nell'Abitato,Strada Urbana,Curva,Incidente tra veicoli,1,0
2020,Foggia,Cerignola,Nell'Abitato,Strada Urbana,Incrocio,Incidente tra veicoli,1,0
2020,Foggia,Manfredonia,Nell'Abitato,Strada Urbana,Incrocio,Investimento di pedone,1,0
2020,Foggia,San Severo,Nell'Abitato,Strada Urbana,Rettilineo,Incidente tra veicoli,1,0
2020,Foggia,San Severo,Fuori Abitato,Strada Provinciale,Rettilineo,Incidente a veicolo isolato,1,0
2020,Foggia,San Severo,Nell'Abitato,Strada Urbana,Incrocio,Incidente tra veicoli,1,0
2020,Foggia,San Severo,Nell'Abitato,Strada Urbana,Rettilineo,Investimento di pedone,1,0
2020,Foggia,Manfredonia,Nell'Abitato,Strada Urbana,Rettilineo,Incidente tra veicoli,1,0
2020,Foggia,Vieste,Fuori Abitato,Strada Statale,Rettilineo,Incidente a veicolo isolato,1,0
2020,Foggia,Cerignola,Nell'Abitato,Strada Urbana,Incrocio,Incidente tra veicoli,3,0
2020,Foggia,Manfredonia,Nell'Abitato,Strada Urbana,Incrocio,Incidente tra veicoli,1,0
2020,Foggia,Manfredonia,Nell'Abitato,Strada Urbana,Incrocio,Incidente tra veicoli,1,0
2020,Foggia,Manfredonia,Nell'Abitato,Strada Urbana,Incrocio,Incidente tra veicoli,1,0
2020,Foggia,Orta Nova,Nell'Abitato,Strada Urbana,Incrocio,Incidente tra veicoli,1,0
2020,Foggia,San Severo,Nell'Abitato,Strada Urbana,Incrocio,Incidente tra veicoli,2,0
2020,Foggia,San Severo,Nell'Abitato,Strada Urbana,Incrocio,Incidente tra veicoli,1,0
2020,Foggia,Orta Nova,Fuori Abitato,Strada Statale,Rettilineo,Incidente tra veicoli,2,0
2020,Foggia,Manfredonia,Nell'Abitato,Strada Urbana,Incrocio,Incidente tra veicoli,1,0
2020,Foggia,Manfredonia,Fuori Abitato,Strada Provinciale,Incrocio,Incidente tra veicoli,1,0
2020,Foggia,Vieste,Nell'Abitato,Strada Urbana,Rettilineo,Incidente tra veicoli,1,0
2020,Foggia,Vieste,Nell'Abitato,Strada Urbana,Incrocio,Incidente tra veicoli,4,0
2020,Foggia,San Severo,Fuori Abitato,Strada Provinciale,Incrocio,Incidente tra veicoli,4,0
2020,Foggia,San Severo,Fuori Abitato,Strada Statale,Curva,Incidente a veicolo isolato,1,0
2020,Foggia,San Severo,Fuori Abitato,Strada Provinciale,Rettilineo,Incidente a veicolo isolato,3,0
2020,Foggia,Zapponeta,Fuori Abitato,Strada Provinciale,Rettilineo,Incidente tra veicoli,1,0
2020,Foggia,San Giovanni Rotondo,Fuori Abitato,Strada Statale,Rettilineo,Incidente a veicolo isolato,3,0
2020,Foggia,Stornara,Fuori Abitato,Strada Statale,Rettilineo,Incidente a veicolo isolato,1,0
2020,Foggia,San Severo,Nell'Abitato,Strada Urbana,Incrocio,Incidente tra veicoli,5,0
2020,Foggia,Foggia,Fuori Abitato,Strada Statale,Rettilineo,Incidente tra veicoli,1,0
2020,Foggia,Lesina,Fuori Abitato,Autostrada,Rettilineo,Incidente tra veicoli,3,0
2020,Foggia,San Severo,Fuori Abitato,Autostrada,Rettilineo,Incidente tra veicoli,2,0
2020,Foggia,Stornarella,Nell'Abitato,Strada Urbana,Incrocio,Incidente tra veicoli,1,0
2020,Foggia,Ascoli Satriano,Nell'Abitato,Strada Urbana,Rettilineo,Incidente tra veicoli,1,0
2020,Foggia,Lesina,Nell'Abitato,Strada Urbana,Rettilineo,Incidente a veicolo isolato,2,0
2020,Foggia,Stornarella,Nell'Abitato,Strada Urbana,Rettilineo,Incidente tra veicoli,1,0
2020,Foggia,Orta Nova,Fuori Abitato,Strada Provinciale,Rettilineo,Incidente a veicolo isolato,2,0
2020,Foggia,Cagnano Varano,Fuori Abitato,Strada Statale,Rettilineo,Incidente a veicolo isolato,1,0
2020,Foggia,Cerignola,Fuori Abitato,Strada Provinciale,Rettilineo,Incidente tra veicoli,2,0
2020,Foggia,Lucera,Fuori Abitato,Strada Provinciale,Rettilineo,Incidente tra veicoli,2,0
2020,Foggia,Cerignola,Nell'Abitato,Strada Urbana,Rettilineo,Incidente tra veicoli,1,0
2020,Foggia,Cerignola,Nell'Abitato,Strada Urbana,Incrocio,Incidente tra veicoli,4,0
2020,Foggia,San Marco in Lamis,Nell'Abitato,Strada Urbana,Incrocio,Incidente tra veicoli,1,0
2020,Foggia,San Nicandro Garganico,Nell'Abitato,Strada Statale,Rettilineo,Incidente tra veicoli,2,0
2020,Foggia,Foggia,Nell'Abitato,Strada Urbana,Rettilineo,Incidente tra veicoli,1,0
2020,Foggia,Foggia,Nell'Abitato,Strada Urbana,Rettilineo,Incidente tra veicoli,2,0
2020,Foggia,Foggia,Nell'Abitato,Strada Urbana,Incrocio,Incidente tra veicoli,1,0
2020,Foggia,Foggia,Nell'Abitato,Strada Urbana,Incrocio,Incidente tra veicoli,4,0
2020,Foggia,Foggia,Nell'Abitato,Strada Urbana,Rettilineo,Investimento di pedone,2,0
2020,Foggia,Foggia,Nell'Abitato,Strada Urbana,Incrocio,Incidente tra veicoli,1,0
2020,Foggia,Foggia,Nell'Abitato,Strada Urbana,Incrocio,Incidente tra veicoli,1,0
2020,Foggia,Foggia,Nell'Abitato,Strada Urbana,Rettilineo,Incidente tra veicoli,1,0
2020,Foggia,Foggia,Nell'Abitato,Strada Urbana,Incrocio,Incidente tra veicoli,2,0
2020,Foggia,Poggio Imperiale,Nell'Abitato,Strada Urbana,Incrocio,Incidente tra veicoli,1,0
2020,Foggia,Foggia,Nell'Abitato,Strada Urbana,Incrocio,Incidente tra veicoli,1,0
2020,Foggia,Foggia,Nell'Abitato,Strada Urbana,Rettilineo,Incidente tra veicoli,1,0
2020,Foggia,Foggia,Nell'Abitato,Strada Urbana,Rettilineo,Incidente tra veicoli,1,0
2020,Foggia,Foggia,Nell'Abitato,Strada Urbana,Rettilineo,Incidente tra veicoli,2,0
2020,Foggia,Foggia,Fuori Abitato,Strada Provinciale,Rettilineo,Incidente a veicolo isolato,1,0
2020,Foggia,Foggia,Nell'Abitato,Strada Urbana,Rettilineo,Incidente tra veicoli,1,0
2020,Foggia,Foggia,Nell'Abitato,Strada Urbana,Incrocio,Incidente tra veicoli,4,0
2020,Foggia,Foggia,Nell'Abitato,Strada Urbana,Incrocio,Incidente tra veicoli,4,0
2020,Foggia,Foggia,Nell'Abitato,Strada Urbana,Rettilineo,Incidente tra veicoli,1,0
2020,Foggia,Foggia,Nell'Abitato,Strada Urbana,Rettilineo,Incidente tra veicoli,2,0
2020,Foggia,Foggia,Fuori Abitato,Strada comunale extraurbana,Incrocio,Incidente tra veicoli,4,0
2020,Foggia,Foggia,Nell'Abitato,Strada Urbana,Incrocio,Incidente tra veicoli,2,0
2020,Foggia,Foggia,Nell'Abitato,Strada Urbana,Incrocio,Incidente tra veicoli,1,0
2020,Foggia,Foggia,Nell'Abitato,Strada Urbana,Incrocio,Incidente tra veicoli,1,0
2020,Foggia,Foggia,Nell'Abitato,Strada Urbana,Incrocio,Incidente tra veicoli,1,0
2020,Foggia,Foggia,Fuori Abitato,Strada Statale,Rotatoria,Incidente a veicolo isolato,1,0
2020,Foggia,Foggia,Nell'Abitato,Strada Urbana,Incrocio,Incidente tra veicoli,4,0
2020,Foggia,Foggia,Nell'Abitato,Strada Urbana,Rettilineo,Investimento di pedone,1,0
2020,Foggia,Foggia,Nell'Abitato,Strada Urbana,Rettilineo,Investimento di pedone,1,0
2020,Foggia,Foggia,Nell'Abitato,Strada Urbana,Incrocio,Incidente tra veicoli,2,0
2020,Foggia,Foggia,Nell'Abitato,Strada Urbana,Incrocio,Incidente tra veicoli,1,0
2020,Foggia,Foggia,Nell'Abitato,Strada Urbana,Incrocio,Incidente tra veicoli,1,0
2020,Foggia,Foggia,Nell'Abitato,Strada Urbana,Rettilineo,Incidente tra veicoli,1,0
2020,Foggia,Foggia,Nell'Abitato,Strada Urbana,Incrocio,Incidente tra veicoli,2,0
2020,Foggia,Foggia,Nell'Abitato,Strada Urbana,Incrocio,Incidente tra veicoli,2,0
2020,Foggia,Foggia,Fuori Abitato,Strada comunale extraurbana,Incrocio,Incidente tra veicoli,2,0
2020,Foggia,Foggia,Fuori Abitato,Strada Statale,Rettilineo,Incidente a veicolo isolato,1,0
2020,Foggia,Foggia,Fuori Abitato,Strada comunale extraurbana,Incrocio,Incidente tra veicoli,2,0
2020,Foggia,Foggia,Nell'Abitato,Strada Urbana,Rettilineo,Incidente tra veicoli,3,0
2020,Foggia,Foggia,Nell'Abitato,Strada Urbana,Rettilineo,Incidente tra veicoli,1,0
2020,Foggia,Peschici,Nell'Abitato,Strada Urbana,Incrocio,Incidente tra veicoli,1,0
2020,Foggia,Torremaggiore,Nell'Abitato,Strada Urbana,Incrocio,Incidente tra veicoli,1,0
2020,Foggia,Lucera,Nell'Abitato,Strada Urbana,Rettilineo,Incidente tra veicoli,1,0
2020,Foggia,Foggia,Nell'Abitato,Strada Urbana,Rettilineo,Incidente tra veicoli,4,0
2020,Foggia,Foggia,Nell'Abitato,Strada Urbana,Rettilineo,Investimento di pedone,1,0
2020,Foggia,San Giovanni Rotondo,Fuori Abitato,Strada Provinciale,Rettilineo,Incidente tra veicoli,1,0
2020,Foggia,Vieste,Fuori Abitato,Strada Provinciale,Incrocio,Incidente tra veicoli,4,0
2020,Foggia,Troia,Nell'Abitato,Strada Urbana,Incrocio,Investimento di pedone,1,0
2020,Foggia,San Severo,Nell'Abitato,Strada Urbana,Incrocio,Incidente tra veicoli,1,0
2020,Foggia,Cerignola,Nell'Abitato,Strada Urbana,Incrocio,Incidente tra veicoli,2,0
2020,Foggia,Cerignola,Nell'Abitato,Strada Urbana,Rettilineo,Incidente a veicolo isolato,1,0
2020,Foggia,Cerignola,Nell'Abitato,Strada Urbana,Incrocio,Incidente tra veicoli,1,0
2020,Foggia,Cerignola,Nell'Abitato,Strada Urbana,Incrocio,Incidente tra veicoli,1,0
2020,Foggia,Cerignola,Fuori Abitato,Strada comunale extraurbana,Rettilineo,Incidente tra veicoli,2,0
2020,Foggia,Cerignola,Fuori Abitato,Strada comunale extraurbana,Rettilineo,Incidente tra veicoli,5,0
2020,Foggia,Cerignola,Nell'Abitato,Strada Urbana,Rettilineo,Incidente tra veicoli,1,0
2020,Foggia,Cerignola,Fuori Abitato,Strada comunale extraurbana,Rettilineo,Incidente tra veicoli,1,0
2020,Foggia,San Severo,Nell'Abitato,Strada Urbana,Incrocio,Incidente tra veicoli,1,0
2020,Foggia,San Severo,Nell'Abitato,Strada Urbana,Incrocio,Incidente tra veicoli,1,0
2020,Foggia,Manfredonia,Fuori Abitato,Strada Provinciale,Incrocio,Incidente tra veicoli,2,0
2020,Foggia,Manfredonia,Nell'Abitato,Strada Urbana,Incrocio,Incidente tra veicoli,3,0
2020,Foggia,Manfredonia,Nell'Abitato,Strada Urbana,Incrocio,Incidente tra veicoli,1,0
2020,Foggia,Manfredonia,Nell'Abitato,Strada Urbana,Incrocio,Incidente tra veicoli,1,0
2020,Foggia,Vieste,Fuori Abitato,Strada Provinciale,Incrocio,Incidente tra veicoli,1,0
2020,Foggia,San Severo,Nell'Abitato,Strada Urbana,Incrocio,Incidente tra veicoli,1,0
2020,Foggia,San Severo,Nell'Abitato,Strada Urbana,Rettilineo,Incidente tra veicoli,1,0
2020,Foggia,Manfredonia,Nell'Abitato,Strada Urbana,Curva,Incidente tra veicoli,3,0
2020,Foggia,Foggia,Fuori Abitato,Strada Statale,Curva,Incidente tra veicoli,2,0
2020,Foggia,Foggia,Fuori Abitato,Strada Provinciale,Curva,Incidente tra veicoli,3,0
2020,Foggia,Foggia,Fuori Abitato,Strada Statale,Rettilineo,Incidente a veicolo isolato,0,1
2020,Foggia,Foggia,Fuori Abitato,Autostrada,Rettilineo,Incidente a veicolo isolato,3,0
2020,Foggia,Foggia,Fuori Abitato,Strada Statale,Rettilineo,Incidente tra veicoli,5,0
2020,Foggia,Foggia,Fuori Abitato,Strada Statale,Incrocio,Incidente tra veicoli,3,0
2020,Foggia,Cerignola,Fuori Abitato,Autostrada,Rettilineo,Incidente a veicolo isolato,4,0
2020,Foggia,Cerignola,Fuori Abitato,Autostrada,Rettilineo,Incidente a veicolo isolato,2,0
2020,Foggia,Ascoli Satriano,Fuori Abitato,Autostrada,Rettilineo,Incidente a veicolo isolato,1,0
2020,Foggia,Ascoli Satriano,Fuori Abitato,Autostrada,Rettilineo,Investimento di pedone,1,0
2020,Foggia,Poggio Imperiale,Fuori Abitato,Autostrada,Curva,Incidente tra veicoli,1,0
2020,Foggia,Foggia,Fuori Abitato,Autostrada,Rettilineo,Incidente tra veicoli,1,1
2020,Foggia,Monte Sant'Angelo,Nell'Abitato,Strada Statale,Rotatoria,Investimento di pedone,1,0
2020,Foggia,Vico del Gargano,Fuori Abitato,Strada comunale extraurbana,Curva,Incidente a veicolo isolato,1,0
2020,Foggia,Ascoli Satriano,Fuori Abitato,Strada Provinciale,Rettilineo,Incidente tra veicoli,0,1
2020,Foggia,San Severo,Fuori Abitato,Strada Statale,Incrocio,Incidente tra veicoli,2,0
2020,Foggia,Stornara,Fuori Abitato,Strada Provinciale,Rettilineo,Incidente tra veicoli,1,0
2020,Foggia,Torremaggiore,Fuori Abitato,Strada Provinciale,Rettilineo,Incidente a veicolo isolato,6,0
2020,Foggia,Castelnuovo della Daunia,Fuori Abitato,Strada Provinciale,Rettilineo,Incidente a veicolo isolato,1,0
2020,Foggia,San Nicandro Garganico,Fuori Abitato,Strada Statale,Curva,Incidente tra veicoli,2,0
2020,Foggia,Serracapriola,Fuori Abitato,Strada Provinciale,Rettilineo,Incidente a veicolo isolato,2,0
2020,Foggia,Lucera,Nell'Abitato,Strada Urbana,Incrocio,Incidente tra veicoli,1,0
2020,Foggia,Cerignola,Fuori Abitato,Strada Statale,Rettilineo,Incidente a veicolo isolato,2,0
2020,Foggia,Stornarella,Fuori Abitato,Strada Provinciale,Rettilineo,Incidente a veicolo isolato,3,0
2020,Foggia,Foggia,Nell'Abitato,Strada Urbana,Incrocio,Incidente tra veicoli,1,0
2020,Foggia,Ischitella,Nell'Abitato,Strada Urbana,Rettilineo,Investimento di pedone,1,0
2020,Foggia,Orta Nova,Nell'Abitato,Strada Provinciale,Curva,Incidente a veicolo isolato,3,0
2020,Foggia,Stornara,Nell'Abitato,Strada Provinciale,Rettilineo,Incidente a veicolo isolato,1,0
2020,Foggia,Cerignola,Nell'Abitato,Strada Urbana,Rettilineo,Incidente a veicolo isolato,2,0
2020,Foggia,Ascoli Satriano,Nell'Abitato,Strada Urbana,Incrocio,Incidente tra veicoli,2,0
2020,Foggia,Casalvecchio di Puglia,Fuori Abitato,Strada Provinciale,Rettilineo,Incidente tra veicoli,1,0
2020,Foggia,Ordona,Fuori Abitato,Strada Provinciale,Curva,Incidente tra veicoli,6,1
2020,Foggia,Manfredonia,Fuori Abitato,Strada Provinciale,Incrocio,Incidente tra veicoli,5,0
2020,Foggia,Lucera,Nell'Abitato,Strada Urbana,Incrocio,Incidente tra veicoli,2,0
2020,Foggia,Foggia,Nell'Abitato,Strada Urbana,Incrocio,Incidente tra veicoli,1,0
2020,Foggia,Foggia,Nell'Abitato,Strada Urbana,Incrocio,Incidente tra veicoli,1,0
2020,Foggia,Foggia,Nell'Abitato,Strada Urbana,Incrocio,Incidente tra veicoli,3,0
2020,Foggia,Foggia,Nell'Abitato,Strada Urbana,Incrocio,Incidente tra veicoli,2,0
2020,Foggia,San Severo,Nell'Abitato,Strada Urbana,Rettilineo,Incidente tra veicoli,1,0
2020,Foggia,Foggia,Nell'Abitato,Strada Urbana,Rettilineo,Incidente tra veicoli,1,0
2020,Foggia,Foggia,Nell'Abitato,Strada Urbana,Rettilineo,Incidente tra veicoli,2,0
2020,Foggia,Foggia,Nell'Abitato,Strada Urbana,Rettilineo,Incidente a veicolo isolato,1,0
2020,Foggia,Foggia,Nell'Abitato,Strada Urbana,Incrocio,Incidente tra veicoli,1,0
2020,Foggia,Foggia,Nell'Abitato,Strada Urbana,Rettilineo,Investimento di pedone,1,0
2020,Foggia,Foggia,Nell'Abitato,Strada Urbana,Incrocio,Incidente tra veicoli,3,0
2020,Foggia,Foggia,Nell'Abitato,Strada Urbana,Rettilineo,Investimento di pedone,1,0
2020,Foggia,Foggia,Nell'Abitato,Strada Urbana,Incrocio,Incidente tra veicoli,1,0
2020,Foggia,Foggia,Nell'Abitato,Strada Urbana,Rettilineo,Incidente tra veicoli,2,0
2020,Foggia,Foggia,Nell'Abitato,Strada Urbana,Incrocio,Incidente tra veicoli,3,0
2020,Foggia,Foggia,Nell'Abitato,Strada Urbana,Incrocio,Investimento di pedone,1,0
2020,Foggia,Foggia,Nell'Abitato,Strada Urbana,Curva,Incidente tra veicoli,1,0
2020,Foggia,San Giovanni Rotondo,Nell'Abitato,Strada Urbana,Incrocio,Incidente tra veicoli,3,0
2020,Foggia,Torremaggiore,Nell'Abitato,Strada Urbana,Incrocio,Incidente tra veicoli,1,0
2020,Foggia,Foggia,Nell'Abitato,Strada Urbana,Rettilineo,Incidente tra veicoli,1,0
2020,Foggia,Foggia,Nell'Abitato,Strada Urbana,Rettilineo,Incidente tra veicoli,3,0
2020,Foggia,Foggia,Nell'Abitato,Strada Urbana,Incrocio,Investimento di pedone,1,0
2020,Foggia,Foggia,Nell'Abitato,Strada Urbana,Rettilineo,Investimento di pedone,1,0
2020,Foggia,Foggia,Nell'Abitato,Strada Urbana,Rettilineo,Incidente tra veicoli,2,0
2020,Foggia,Chieuti,Fuori Abitato,Strada Provinciale,Rettilineo,Incidente tra veicoli,1,0
2020,Foggia,Vico del Gargano,Fuori Abitato,Strada comunale extraurbana,Rettilineo,Incidente tra veicoli,1,0
2020,Foggia,Vico del Gargano,Nell'Abitato,Strada Urbana,Rettilineo,Incidente a veicolo isolato,2,0
2020,Foggia,Vico del Gargano,Fuori Abitato,Strada Provinciale,Rettilineo,Incidente tra veicoli,2,0
2020,Foggia,Foggia,Nell'Abitato,Strada Urbana,Rettilineo,Incidente tra veicoli,1,0
2020,Foggia,Foggia,Nell'Abitato,Strada Urbana,Incrocio,Investimento di pedone,1,0
2020,Foggia,Foggia,Nell'Abitato,Strada Urbana,Rettilineo,Incidente a veicolo isolato,1,0
2020,Foggia,Vico del Gargano,Nell'Abitato,Strada Urbana,Incrocio,Incidente tra veicoli,1,0
2020,Foggia,Foggia,Nell'Abitato,Strada Urbana,Incrocio,Incidente tra veicoli,1,0
2020,Foggia,Foggia,Nell'Abitato,Strada Urbana,Rotatoria,Incidente tra veicoli,1,0
2020,Foggia,San Giovanni Rotondo,Nell'Abitato,Strada Urbana,Incrocio,Incidente tra veicoli,2,0
2020,Foggia,Foggia,Nell'Abitato,Strada Urbana,Rettilineo,Investimento di pedone,2,0
2020,Foggia,Foggia,Nell'Abitato,Strada Urbana,Incrocio,Incidente tra veicoli,1,0
2020,Foggia,Foggia,Nell'Abitato,Strada Urbana,Incrocio,Incidente tra veicoli,1,0
2020,Foggia,Foggia,Nell'Abitato,Strada Urbana,Incrocio,Incidente tra veicoli,1,0
2020,Foggia,Lucera,Nell'Abitato,Strada Urbana,Incrocio,Incidente tra veicoli,1,0
2020,Foggia,Foggia,Nell'Abitato,Strada Urbana,Incrocio,Incidente tra veicoli,2,0
2020,Foggia,Foggia,Nell'Abitato,Strada Urbana,Incrocio,Incidente tra veicoli,2,0
2020,Foggia,Foggia,Nell'Abitato,Strada Urbana,Incrocio,Incidente tra veicoli,2,0
2020,Foggia,Foggia,Nell'Abitato,Strada Urbana,Incrocio,Incidente tra veicoli,2,0
2020,Foggia,Foggia,Fuori Abitato,Strada comunale extraurbana,Rettilineo,Incidente a veicolo isolato,3,0
2020,Foggia,Apricena,Fuori Abitato,Strada Provinciale,Rettilineo,Incidente tra veicoli,2,0
2020,Foggia,Foggia,Fuori Abitato,Strada Provinciale,Rettilineo,Incidente a veicolo isolato,1,0
2020,Foggia,Cerignola,Fuori Abitato,Strada Provinciale,Curva,Incidente a veicolo isolato,1,1
2020,Foggia,Cerignola,Fuori Abitato,Strada Provinciale,Rettilineo,Incidente a veicolo isolato,2,0
2020,Foggia,Cerignola,Nell'Abitato,Strada Urbana,Incrocio,Investimento di pedone,1,0
2020,Foggia,San Severo,Nell'Abitato,Strada Urbana,Rettilineo,Incidente a veicolo isolato,1,0
2020,Foggia,Manfredonia,Nell'Abitato,Strada Urbana,Incrocio,Incidente tra veicoli,1,0
2020,Foggia,San Severo,Nell'Abitato,Strada Urbana,Rettilineo,Investimento di pedone,1,0
2020,Foggia,Cerignola,Nell'Abitato,Strada Urbana,Incrocio,Incidente tra veicoli,1,0
2020,Foggia,Cerignola,Nell'Abitato,Strada Urbana,Incrocio,Incidente tra veicoli,1,1
2020,Foggia,Manfredonia,Nell'Abitato,Strada Urbana,Incrocio,Incidente tra veicoli,2,0
2020,Foggia,Orta Nova,Nell'Abitato,Strada Urbana,Rettilineo,Incidente tra veicoli,1,0
2020,Foggia,San Severo,Nell'Abitato,Strada Urbana,Incrocio,Incidente tra veicoli,1,0
2020,Foggia,San Severo,Nell'Abitato,Strada Provinciale,Rettilineo,Incidente tra veicoli,4,0
2020,Foggia,Manfredonia,Nell'Abitato,Strada Urbana,Incrocio,Incidente tra veicoli,1,0
2020,Foggia,Manfredonia,Nell'Abitato,Strada Urbana,Incrocio,Incidente tra veicoli,1,0
2020,Foggia,San Giovanni Rotondo,Nell'Abitato,Strada Urbana,Incrocio,Incidente tra veicoli,1,0
2020,Foggia,San Severo,Nell'Abitato,Strada Provinciale,Incrocio,Incidente tra veicoli,5,0
2020,Foggia,Vieste,Nell'Abitato,Strada Urbana,Rettilineo,Incidente tra veicoli,1,0
2020,Foggia,Vieste,Nell'Abitato,Strada Urbana,Incrocio,Incidente tra veicoli,2,0
2020,Foggia,San Severo,Nell'Abitato,Strada Urbana,Incrocio,Incidente tra veicoli,2,0
2020,Foggia,Manfredonia,Fuori Abitato,Strada Provinciale,Curva,Incidente tra veicoli,1,0
2020,Foggia,San Severo,Nell'Abitato,Strada Urbana,Incrocio,Incidente tra veicoli,1,0
2020,Foggia,San Severo,Nell'Abitato,Strada Urbana,Incrocio,Incidente tra veicoli,1,0
2020,Foggia,San Severo,Nell'Abitato,Strada Urbana,Incrocio,Incidente tra veicoli,1,0
2020,Foggia,San Severo,Nell'Abitato,Strada Urbana,Rettilineo,Incidente tra veicoli,2,0
2020,Foggia,Cerignola,Nell'Abitato,Strada Urbana,Incrocio,Incidente tra veicoli,3,0
2020,Foggia,San Severo,Nell'Abitato,Strada Urbana,Rettilineo,Incidente tra veicoli,1,0
2020,Foggia,Cerignola,Fuori Abitato,Strada comunale extraurbana,Curva,Incidente a veicolo isolato,2,1
2020,Foggia,Mattinata,Fuori Abitato,Strada Provinciale,Incrocio,Incidente tra veicoli,2,0
2020,Foggia,Candela,Fuori Abitato,Autostrada,Rettilineo,Incidente a veicolo isolato,2,0
2020,Foggia,Monte Sant'Angelo,Fuori Abitato,Strada Statale,Rettilineo,Incidente tra veicoli,2,0
2020,Foggia,Foggia,Fuori Abitato,Autostrada,Rettilineo,Incidente tra veicoli,1,0
2020,Foggia,Foggia,Fuori Abitato,Autostrada,Rettilineo,Incidente a veicolo isolato,2,0
2020,Foggia,San Severo,Fuori Abitato,Strada Statale,Rettilineo,Incidente a veicolo isolato,1,0
2020,Foggia,Orta Nova,Fuori Abitato,Autostrada,Rettilineo,Investimento di pedone,1,0
2020,Foggia,Cerignola,Fuori Abitato,Autostrada,Curva,Incidente tra veicoli,2,0
2020,Foggia,Ascoli Satriano,Fuori Abitato,Autostrada,Rettilineo,Incidente tra veicoli,1,1
2020,Foggia,Stornara,Fuori Abitato,Altra strada,Curva,Incidente a veicolo isolato,4,0
2020,Foggia,Monte Sant'Angelo,Fuori Abitato,Strada Statale,Curva,Incidente a veicolo isolato,1,0
2020,Foggia,Manfredonia,Nell'Abitato,Strada Urbana,Rettilineo,Incidente a veicolo isolato,2,0
2020,Foggia,San Severo,Fuori Abitato,Strada Statale,Rettilineo,Incidente a veicolo isolato,0,1
2020,Foggia,San Severo,Fuori Abitato,Strada Provinciale,Incrocio,Incidente tra veicoli,3,0
2020,Foggia,San Severo,Fuori Abitato,Strada Statale,Incrocio,Incidente tra veicoli,7,0
2020,Foggia,Deliceto,Fuori Abitato,Strada Provinciale,Rettilineo,Incidente a veicolo isolato,3,0
2020,Foggia,Stornara,Fuori Abitato,Strada Provinciale,Rettilineo,Incidente a veicolo isolato,1,0
2020,Foggia,Foggia,Nell'Abitato,Strada Urbana,Incrocio,Investimento di pedone,1,0
2020,Foggia,Poggio Imperiale,Fuori Abitato,Strada Provinciale,Curva,Incidente a veicolo isolato,4,0
2020,Foggia,Cerignola,Fuori Abitato,Strada Provinciale,Rettilineo,Incidente tra veicoli,3,0
2020,Foggia,Cerignola,Nell'Abitato,Strada Urbana,Rettilineo,Incidente tra veicoli,3,0
2020,Foggia,Castelluccio dei Sauri,Nell'Abitato,Strada Urbana,Incrocio,Incidente tra veicoli,3,0
2020,Foggia,Ascoli Satriano,Fuori Abitato,Strada Provinciale,Rettilineo,Incidente tra veicoli,4,0
2020,Foggia,Vico del Gargano,Nell'Abitato,Strada Urbana,Rettilineo,Incidente tra veicoli,1,0
2020,Foggia,Cerignola,Fuori Abitato,Strada Provinciale,Rettilineo,Incidente tra veicoli,2,0
2020,Foggia,San Severo,Nell'Abitato,Strada Urbana,Incrocio,Incidente tra veicoli,7,0
2020,Foggia,San Paolo di Civitate,Fuori Abitato,Strada Provinciale,Rettilineo,Incidente tra veicoli,2,0
2020,Foggia,Cerignola,Nell'Abitato,Strada Urbana,Incrocio,Incidente tra veicoli,4,0
2020,Foggia,Cagnano Varano,Fuori Abitato,Strada Statale,Rettilineo,Incidente tra veicoli,1,0
2020,Foggia,Lesina,Nell'Abitato,Strada Provinciale,Incrocio,Incidente tra veicoli,4,0
2020,Foggia,Cerignola,Fuori Abitato,Strada Provinciale,Rettilineo,Incidente tra veicoli,3,0
2020,Foggia,Cerignola,Fuori Abitato,Strada Provinciale,Rettilineo,Incidente tra veicoli,4,0
2020,Foggia,Troia,Fuori Abitato,Strada Provinciale,Rettilineo,Incidente tra veicoli,4,0
2020,Foggia,Lesina,Nell'Abitato,Strada Provinciale,Rettilineo,Incidente tra veicoli,3,0
2020,Foggia,Foggia,Nell'Abitato,Strada Urbana,Incrocio,Incidente tra veicoli,1,0
2020,Foggia,Foggia,Nell'Abitato,Strada Urbana,Incrocio,Investimento di pedone,1,0
2020,Foggia,Foggia,Nell'Abitato,Strada Urbana,Incrocio,Incidente tra veicoli,2,0
2020,Foggia,Foggia,Nell'Abitato,Strada Urbana,Incrocio,Incidente tra veicoli,1,0
2020,Foggia,Foggia,Nell'Abitato,Strada Urbana,Incrocio,Incidente tra veicoli,1,0
2020,Foggia,Foggia,Nell'Abitato,Strada Urbana,Rettilineo,Incidente tra veicoli,2,0
2020,Foggia,Torremaggiore,Nell'Abitato,Strada Urbana,Rettilineo,Incidente tra veicoli,3,0
2020,Foggia,Foggia,Nell'Abitato,Strada Urbana,Incrocio,Incidente tra veicoli,2,0
2020,Foggia,Foggia,Nell'Abitato,Strada Urbana,Rettilineo,Incidente tra veicoli,1,0
2020,Foggia,San Nicandro Garganico,Nell'Abitato,Strada Urbana,Incrocio,Incidente tra veicoli,1,0
2020,Foggia,Foggia,Nell'Abitato,Strada Urbana,Rettilineo,Incidente tra veicoli,2,0
2020,Foggia,Foggia,Nell'Abitato,Strada Urbana,Incrocio,Incidente tra veicoli,1,0
2020,Foggia,Foggia,Nell'Abitato,Strada Urbana,Incrocio,Incidente tra veicoli,5,0
2020,Foggia,Foggia,Fuori Abitato,Strada Statale,Rotatoria,Incidente a veicolo isolato,2,0
2020,Foggia,Foggia,Fuori Abitato,Strada Statale,Incrocio,Incidente a veicolo isolato,1,0
2020,Foggia,Foggia,Nell'Abitato,Strada Urbana,Incrocio,Incidente tra veicoli,1,0
2020,Foggia,Foggia,Nell'Abitato,Strada Urbana,Rettilineo,Incidente tra veicoli,1,0
2020,Foggia,Foggia,Nell'Abitato,Strada Urbana,Incrocio,Incidente tra veicoli,2,0
2020,Foggia,Foggia,Nell'Abitato,Strada Urbana,Rettilineo,Incidente tra veicoli,2,0
2020,Foggia,Lucera,Nell'Abitato,Strada Urbana,Incrocio,Incidente tra veicoli,1,0
2020,Foggia,Foggia,Nell'Abitato,Strada Urbana,Rettilineo,Incidente tra veicoli,2,0
2020,Foggia,Foggia,Nell'Abitato,Strada Urbana,Curva,Incidente tra veicoli,2,0
2020,Foggia,Foggia,Nell'Abitato,Strada Urbana,Incrocio,Incidente tra veicoli,2,0
2020,Foggia,Foggia,Nell'Abitato,Strada Urbana,Incrocio,Incidente tra veicoli,1,0
2020,Foggia,Lucera,Nell'Abitato,Strada Urbana,Incrocio,Investimento di pedone,1,0
2020,Foggia,Foggia,Nell'Abitato,Strada Urbana,Rettilineo,Incidente tra veicoli,1,1
2020,Foggia,Foggia,Fuori Abitato,Strada Statale,Rettilineo,Incidente tra veicoli,1,0
2020,Foggia,Foggia,Nell'Abitato,Strada Urbana,Incrocio,Incidente a veicolo isolato,1,0
2020,Foggia,Foggia,Nell'Abitato,Strada Urbana,Incrocio,Incidente tra veicoli,4,0
2020,Foggia,Foggia,Nell'Abitato,Strada Urbana,Incrocio,Incidente tra veicoli,3,0
2020,Foggia,Apricena,Fuori Abitato,Strada Provinciale,Rettilineo,Incidente tra veicoli,3,0
2020,Foggia,Apricena,Fuori Abitato,Strada Provinciale,Incrocio,Incidente tra veicoli,1,0
2020,Foggia,Foggia,Fuori Abitato,Strada Provinciale,Rettilineo,Incidente a veicolo isolato,3,0
2020,Foggia,Foggia,Fuori Abitato,Strada Provinciale,Rettilineo,Incidente tra veicoli,6,0
2020,Foggia,Vico del Gargano,Fuori Abitato,Strada Statale,Curva,Incidente tra veicoli,5,0
2020,Foggia,Vieste,Nell'Abitato,Strada Urbana,Curva,Investimento di pedone,1,0
2020,Foggia,Orta Nova,Nell'Abitato,Strada Urbana,Incrocio,Incidente tra veicoli,1,0
2020,Foggia,San Severo,Nell'Abitato,Strada Statale,Rettilineo,Incidente a veicolo isolato,2,0
2020,Foggia,Cerignola,Fuori Abitato,Strada Provinciale,Rettilineo,Incidente tra veicoli,1,0
2020,Foggia,Cerignola,Nell'Abitato,Strada Urbana,Incrocio,Incidente tra veicoli,1,0
2020,Foggia,Cerignola,Fuori Abitato,Strada Provinciale,Rettilineo,Incidente tra veicoli,3,0
2020,Foggia,Cerignola,Fuori Abitato,Strada Provinciale,Rettilineo,Incidente tra veicoli,3,0
2020,Foggia,Orta Nova,Nell'Abitato,Strada Urbana,Incrocio,Incidente tra veicoli,2,0
2020,Foggia,San Severo,Nell'Abitato,Strada Urbana,Rettilineo,Incidente tra veicoli,1,0
2020,Foggia,Manfredonia,Nell'Abitato,Strada Urbana,Rettilineo,Incidente tra veicoli,2,0
2020,Foggia,San Severo,Fuori Abitato,Strada Provinciale,Rettilineo,Incidente tra veicoli,1,0
2020,Foggia,Manfredonia,Nell'Abitato,Strada Urbana,Rotatoria,Incidente tra veicoli,1,0
2020,Foggia,Manfredonia,Nell'Abitato,Strada Urbana,Incrocio,Incidente tra veicoli,1,0
2020,Foggia,Orta Nova,Fuori Abitato,Strada comunale extraurbana,Incrocio,Incidente tra veicoli,1,0
2020,Foggia,San Severo,Nell'Abitato,Strada Urbana,Incrocio,Incidente tra veicoli,1,0
2020,Foggia,Manfredonia,Nell'Abitato,Strada Urbana,Incrocio,Incidente tra veicoli,1,0
2020,Foggia,Cerignola,Nell'Abitato,Strada Urbana,Rettilineo,Incidente tra veicoli,4,0
2020,Foggia,Manfredonia,Nell'Abitato,Strada Urbana,Incrocio,Incidente tra veicoli,1,0
2020,Foggia,Lucera,Nell'Abitato,Strada Urbana,Rettilineo,Investimento di pedone,1,0
2020,Foggia,San Severo,Fuori Abitato,Strada Provinciale,Incrocio,Incidente a veicolo isolato,1,0
2020,Foggia,Cerignola,Fuori Abitato,Strada Provinciale,Rettilineo,Incidente a veicolo isolato,1,0
2020,Foggia,Cerignola,Fuori Abitato,Strada Provinciale,Rettilineo,Incidente a veicolo isolato,0,1
2020,Foggia,Foggia,Nell'Abitato,Strada Statale,Incrocio,Incidente tra veicoli,2,0
2020,Foggia,Rocchetta Sant'Antonio,Fuori Abitato,Autostrada,Rettilineo,Incidente a veicolo isolato,1,0
2020,Foggia,San Severo,Fuori Abitato,Autostrada,Rettilineo,Incidente a veicolo isolato,1,0
2020,Foggia,Foggia,Fuori Abitato,Autostrada,Rettilineo,Incidente a veicolo isolato,2,0
2020,Foggia,Foggia,Fuori Abitato,Strada Statale,Rettilineo,Incidente tra veicoli,5,0
2020,Foggia,Foggia,Fuori Abitato,Strada Statale,Rettilineo,Incidente tra veicoli,3,0
2020,Foggia,Foggia,Fuori Abitato,Strada Provinciale,Rettilineo,Incidente a veicolo isolato,2,0
2020,Foggia,Zapponeta,Fuori Abitato,Strada Provinciale,Rettilineo,Incidente tra veicoli,4,0
2020,Foggia,San Severo,Fuori Abitato,Strada Provinciale,Curva,Incidente a veicolo isolato,0,1
2020,Foggia,Cerignola,Nell'Abitato,Strada Urbana,Incrocio,Incidente tra veicoli,6,0
2020,Foggia,Ascoli Satriano,Fuori Abitato,Strada Provinciale,Rettilineo,Incidente a veicolo isolato,1,0
2020,Foggia,Cagnano Varano,Fuori Abitato,Strada Provinciale,Rettilineo,Incidente tra veicoli,3,0
2020,Foggia,San Severo,Fuori Abitato,Strada Statale,Rettilineo,Incidente a veicolo isolato,4,0
2020,Foggia,San Severo,Nell'Abitato,Strada Urbana,Rettilineo,Incidente tra veicoli,2,0
2020,Foggia,San Severo,Fuori Abitato,Strada Provinciale,Rettilineo,Incidente tra veicoli,1,0
2020,Foggia,Lucera,Fuori Abitato,Strada Provinciale,Curva,Incidente a veicolo isolato,1,0
2020,Foggia,Troia,Fuori Abitato,Strada Provinciale,Rettilineo,Incidente a veicolo isolato,1,0
2020,Foggia,Rodi Garganico,Fuori Abitato,Strada comunale extraurbana,Curva,Incidente a veicolo isolato,2,0
2020,Foggia,Vico del Gargano,Nell'Abitato,Strada Urbana,Curva,Incidente a veicolo isolato,1,0
2020,Foggia,Rocchetta Sant'Antonio,Fuori Abitato,Altra strada,Curva,Incidente a veicolo isolato,1,0
2020,Foggia,Manfredonia,Nell'Abitato,Strada Urbana,Rettilineo,Investimento di pedone,1,0
2020,Foggia,Zapponeta,Fuori Abitato,Strada Provinciale,Curva,Incidente a veicolo isolato,2,0
2020,Foggia,San Severo,Fuori Abitato,Strada Statale,Curva,Incidente tra veicoli,1,0
2020,Foggia,Vico del Gargano,Fuori Abitato,Strada Provinciale,Rettilineo,Incidente tra veicoli,1,1
2020,Foggia,Monte Sant'Angelo,Fuori Abitato,Strada Statale,Rettilineo,Incidente tra veicoli,1,0
2020,Foggia,Manfredonia,Nell'Abitato,Strada Urbana,Rettilineo,Incidente tra veicoli,1,0
2020,Foggia,San Giovanni Rotondo,Fuori Abitato,Strada Statale,Rettilineo,Incidente tra veicoli,1,1
2020,Foggia,Vico del Gargano,Nell'Abitato,Strada Provinciale,Incrocio,Incidente tra veicoli,2,0
2020,Foggia,San Severo,Fuori Abitato,Strada Statale,Curva,Incidente tra veicoli,5,0
2020,Foggia,Cerignola,Fuori Abitato,Strada Provinciale,Incrocio,Incidente tra veicoli,8,0
2020,Foggia,Ascoli Satriano,Fuori Abitato,Strada Provinciale,Curva,Incidente tra veicoli,1,0
2020,Foggia,Cerignola,Fuori Abitato,Strada Statale,Rettilineo,Incidente tra veicoli,6,0
2020,Foggia,San Severo,Fuori Abitato,Strada Provinciale,Incrocio,Incidente tra veicoli,9,2
2020,Foggia,Stornarella,Fuori Abitato,Strada Provinciale,Curva,Incidente tra veicoli,1,0
2020,Foggia,Cerignola,Nell'Abitato,Strada Urbana,Incrocio,Incidente tra veicoli,1,0
2020,Foggia,Foggia,Fuori Abitato,Strada Statale,Curva,Incidente tra veicoli,1,0
2020,Foggia,Foggia,Nell'Abitato,Strada Urbana,Rettilineo,Investimento di pedone,1,0
2020,Foggia,Foggia,Nell'Abitato,Strada Urbana,Incrocio,Incidente tra veicoli,4,0
2020,Foggia,Foggia,Nell'Abitato,Strada Urbana,Incrocio,Incidente tra veicoli,3,0
2020,Foggia,Foggia,Nell'Abitato,Strada Urbana,Incrocio,Incidente tra veicoli,1,0
2020,Foggia,Foggia,Nell'Abitato,Strada Urbana,Incrocio,Incidente tra veicoli,1,0
2020,Foggia,Foggia,Nell'Abitato,Strada Urbana,Rettilineo,Investimento di pedone,1,0
2020,Foggia,San Giovanni Rotondo,Fuori Abitato,Strada Statale,Rettilineo,Incidente tra veicoli,3,0
2020,Foggia,Foggia,Nell'Abitato,Strada Urbana,Incrocio,Incidente tra veicoli,1,0
2020,Foggia,San Giovanni Rotondo,Nell'Abitato,Strada Urbana,Rettilineo,Incidente tra veicoli,2,0
2020,Foggia,Foggia,Nell'Abitato,Strada Urbana,Rettilineo,Investimento di pedone,1,0
2020,Foggia,Foggia,Nell'Abitato,Strada Urbana,Incrocio,Incidente tra veicoli,2,0
2020,Foggia,Foggia,Nell'Abitato,Strada Urbana,Rettilineo,Incidente tra veicoli,1,0
2020,Foggia,Foggia,Nell'Abitato,Strada Urbana,Rettilineo,Incidente tra veicoli,0,1
2020,Foggia,Foggia,Nell'Abitato,Strada Urbana,Rettilineo,Incidente tra veicoli,1,0
2020,Foggia,Foggia,Nell'Abitato,Strada Urbana,Incrocio,Incidente tra veicoli,1,0
2020,Foggia,Torremaggiore,Nell'Abitato,Strada Urbana,Incrocio,Investimento di pedone,1,0
2020,Foggia,Foggia,Nell'Abitato,Strada Urbana,Incrocio,Incidente tra veicoli,3,0
2020,Foggia,Foggia,Nell'Abitato,Strada Urbana,Rettilineo,Incidente tra veicoli,1,0
2020,Foggia,Foggia,Nell'Abitato,Strada Urbana,Incrocio,Incidente tra veicoli,2,0
2020,Foggia,Foggia,Nell'Abitato,Strada Urbana,Rettilineo,Investimento di pedone,1,0
2020,Foggia,Foggia,Nell'Abitato,Strada Urbana,Incrocio,Incidente tra veicoli,1,0
2020,Foggia,Foggia,Nell'Abitato,Strada Urbana,Rettilineo,Incidente tra veicoli,1,0
2020,Foggia,Foggia,Nell'Abitato,Strada Urbana,Incrocio,Incidente tra veicoli,2,0
2020,Foggia,Apricena,Fuori Abitato,Strada Provinciale,Rotatoria,Incidente tra veicoli,1,0
2020,Foggia,Foggia,Nell'Abitato,Strada Urbana,Incrocio,Incidente tra veicoli,2,0
2020,Foggia,Lucera,Nell'Abitato,Strada Urbana,Incrocio,Incidente tra veicoli,4,0
2020,Foggia,Torremaggiore,Nell'Abitato,Strada Provinciale,Incrocio,Incidente tra veicoli,1,0
2020,Foggia,Lucera,Nell'Abitato,Strada Urbana,Incrocio,Incidente tra veicoli,1,0
2020,Foggia,Cerignola,Nell'Abitato,Strada Urbana,Incrocio,Investimento di pedone,1,0
2020,Foggia,Torremaggiore,Fuori Abitato,Strada Provinciale,Rettilineo,Incidente tra veicoli,2,0
2020,Foggia,Foggia,Nell'Abitato,Strada Urbana,Rettilineo,Incidente tra veicoli,2,0
2020,Foggia,Troia,Fuori Abitato,Strada Provinciale,Rettilineo,Incidente tra veicoli,1,0
2020,Foggia,Foggia,Fuori Abitato,Strada Statale,Rettilineo,Incidente tra veicoli,4,0
2020,Foggia,Cerignola,Nell'Abitato,Strada Urbana,Rettilineo,Incidente a veicolo isolato,3,0
2020,Foggia,Cerignola,Nell'Abitato,Strada Urbana,Incrocio,Incidente tra veicoli,2,0
2020,Foggia,Cerignola,Fuori Abitato,Strada Provinciale,Curva,Incidente a veicolo isolato,1,0
2020,Foggia,San Severo,Nell'Abitato,Strada Urbana,Incrocio,Incidente tra veicoli,1,0
2020,Foggia,San Severo,Nell'Abitato,Strada Urbana,Rettilineo,Incidente tra veicoli,1,0
2020,Foggia,Vieste,Nell'Abitato,Strada Urbana,Rettilineo,Investimento di pedone,2,0
2020,Foggia,Cerignola,Fuori Abitato,Strada comunale extraurbana,Rettilineo,Incidente tra veicoli,6,0
2020,Foggia,Manfredonia,Nell'Abitato,Strada Urbana,Incrocio,Incidente tra veicoli,2,0
2020,Foggia,Manfredonia,Nell'Abitato,Strada Urbana,Incrocio,Incidente tra veicoli,1,0
2020,Foggia,San Severo,Nell'Abitato,Strada Provinciale,Rettilineo,Incidente tra veicoli,2,0
2020,Foggia,Manfredonia,Nell'Abitato,Strada Urbana,Rettilineo,Incidente tra veicoli,3,0
2020,Foggia,Manfredonia,Nell'Abitato,Strada Urbana,Rettilineo,Incidente tra veicoli,4,0
2020,Foggia,San Severo,Nell'Abitato,Strada Urbana,Incrocio,Incidente tra veicoli,3,0
2020,Foggia,San Severo,Nell'Abitato,Strada Urbana,Incrocio,Incidente tra veicoli,2,0
2020,Foggia,San Severo,Nell'Abitato,Strada Urbana,Incrocio,Incidente tra veicoli,1,0
2020,Foggia,Manfredonia,Nell'Abitato,Strada Urbana,Incrocio,Incidente tra veicoli,1,0
2020,Foggia,San Severo,Nell'Abitato,Strada Urbana,Incrocio,Incidente tra veicoli,1,0
2020,Foggia,San Severo,Nell'Abitato,Strada Urbana,Rettilineo,Incidente tra veicoli,1,0
2020,Foggia,San Severo,Nell'Abitato,Strada Urbana,Incrocio,Incidente tra veicoli,1,0
2020,Foggia,Foggia,Nell'Abitato,Strada Urbana,Rettilineo,Incidente tra veicoli,1,0
2020,Foggia,Foggia,Fuori Abitato,Strada comunale extraurbana,Incrocio,Investimento di pedone,1,0
2020,Foggia,Candela,Fuori Abitato,Strada Statale,Rettilineo,Incidente tra veicoli,2,0
2020,Foggia,Apricena,Fuori Abitato,Autostrada,Rettilineo,Incidente tra veicoli,3,0
2020,Foggia,Cerignola,Fuori Abitato,Autostrada,Rettilineo,Incidente tra veicoli,3,0
2020,Foggia,San Severo,Fuori Abitato,Strada Statale,Rettilineo,Incidente tra veicoli,1,0
2020,Foggia,Foggia,Fuori Abitato,Strada Statale,Rettilineo,Incidente tra veicoli,1,0
2020,Foggia,San Severo,Fuori Abitato,Autostrada,Rettilineo,Incidente tra veicoli,1,0
2020,Foggia,Orta Nova,Fuori Abitato,Strada Provinciale,Incrocio,Incidente tra veicoli,3,0
2020,Foggia,San Severo,Fuori Abitato,Autostrada,Rettilineo,Incidente tra veicoli,3,0
2020,Foggia,Manfredonia,Fuori Abitato,Strada Provinciale,Rettilineo,Incidente a veicolo isolato,1,0
2020,Foggia,Monte Sant'Angelo,Fuori Abitato,Strada Statale,Rettilineo,Incidente tra veicoli,1,0
2020,Foggia,Cerignola,Nell'Abitato,Strada Urbana,Rettilineo,Incidente a veicolo isolato,1,0
2020,Foggia,Orta Nova,Fuori Abitato,Strada Provinciale,Rettilineo,Incidente tra veicoli,1,0
2020,Foggia,Monte Sant'Angelo,Fuori Abitato,Strada Statale,Curva,Incidente a veicolo isolato,2,0
2020,Foggia,Cerignola,Nell'Abitato,Strada Urbana,Rettilineo,Incidente tra veicoli,1,0
2020,Foggia,San Giovanni Rotondo,Fuori Abitato,Strada Provinciale,Rettilineo,Incidente tra veicoli,1,0
2020,Foggia,Lucera,Fuori Abitato,Strada Provinciale,Incrocio,Incidente a veicolo isolato,1,0
2020,Foggia,Cerignola,Nell'Abitato,Strada Urbana,Incrocio,Incidente a veicolo isolato,1,0
2020,Foggia,Chieuti,Fuori Abitato,Strada Provinciale,Curva,Incidente a veicolo isolato,4,0
2020,Foggia,San Severo,Nell'Abitato,Strada Urbana,Incrocio,Incidente tra veicoli,5,0
2020,Foggia,Stornarella,Nell'Abitato,Strada Urbana,Rettilineo,Incidente tra veicoli,5,0
2020,Foggia,San Severo,Fuori Abitato,Strada Provinciale,Rettilineo,Incidente tra veicoli,1,0
2020,Foggia,Orta Nova,Fuori Abitato,Strada Provinciale,Rettilineo,Incidente tra veicoli,7,0
2020,Foggia,Cerignola,Nell'Abitato,Strada Urbana,Rettilineo,Incidente tra veicoli,1,0
2020,Foggia,Lesina,Fuori Abitato,Strada Statale,Incrocio,Incidente tra veicoli,1,2
2020,Foggia,San Severo,Nell'Abitato,Strada Urbana,Incrocio,Incidente tra veicoli,1,0
2020,Foggia,Cerignola,Nell'Abitato,Strada Urbana,Incrocio,Incidente tra veicoli,1,0
2020,Foggia,Troia,Nell'Abitato,Strada Urbana,Rettilineo,Incidente tra veicoli,5,0
2020,Foggia,Monte Sant'Angelo,Fuori Abitato,Strada Statale,Rettilineo,Incidente tra veicoli,4,0
2020,Foggia,Lucera,Nell'Abitato,Strada Urbana,Incrocio,Incidente tra veicoli,1,0
2020,Foggia,Foggia,Nell'Abitato,Strada Urbana,Rettilineo,Investimento di pedone,2,0
2020,Foggia,Foggia,Nell'Abitato,Strada Urbana,Rettilineo,Incidente tra veicoli,3,0
2020,Foggia,Foggia,Nell'Abitato,Strada Urbana,Incrocio,Investimento di pedone,1,0
2020,Foggia,Foggia,Nell'Abitato,Strada Urbana,Rettilineo,Investimento di pedone,1,0
2020,Foggia,Foggia,Nell'Abitato,Strada Urbana,Rettilineo,Incidente tra veicoli,1,0
2020,Foggia,Foggia,Nell'Abitato,Strada Urbana,Incrocio,Incidente tra veicoli,2,0
2020,Foggia,Foggia,Nell'Abitato,Strada Urbana,Rettilineo,Incidente tra veicoli,2,0
2020,Foggia,Foggia,Nell'Abitato,Strada Urbana,Incrocio,Incidente tra veicoli,2,0
2020,Foggia,Foggia,Nell'Abitato,Strada Urbana,Incrocio,Incidente tra veicoli,1,0
2020,Foggia,Vico del Gargano,Nell'Abitato,Strada Urbana,Rettilineo,Incidente tra veicoli,1,0
2020,Foggia,Foggia,Nell'Abitato,Strada Urbana,Incrocio,Incidente tra veicoli,1,0
2020,Foggia,Foggia,Nell'Abitato,Strada Urbana,Incrocio,Incidente tra veicoli,1,0
2020,Foggia,Foggia,Nell'Abitato,Strada Urbana,Incrocio,Incidente tra veicoli,4,0
2020,Foggia,Foggia,Nell'Abitato,Strada Urbana,Rettilineo,Investimento di pedone,1,0
2020,Foggia,Foggia,Nell'Abitato,Strada Urbana,Incrocio,Incidente tra veicoli,1,0
2020,Foggia,San Giovanni Rotondo,Fuori Abitato,Strada Provinciale,Incrocio,Incidente tra veicoli,1,0
2020,Foggia,Foggia,Nell'Abitato,Strada Urbana,Rettilineo,Incidente tra veicoli,1,0
2020,Foggia,Foggia,Nell'Abitato,Strada Urbana,Incrocio,Incidente tra veicoli,1,0
2020,Foggia,Foggia,Nell'Abitato,Strada Urbana,Incrocio,Incidente tra veicoli,2,0
2020,Foggia,Foggia,Nell'Abitato,Strada Urbana,Rettilineo,Incidente tra veicoli,2,0
2020,Foggia,Foggia,Nell'Abitato,Strada Urbana,Incrocio,Incidente tra veicoli,2,0
2020,Foggia,Foggia,Nell'Abitato,Strada Urbana,Incrocio,Incidente tra veicoli,2,0
2020,Foggia,Foggia,Nell'Abitato,Strada Urbana,Incrocio,Incidente tra veicoli,2,0
2020,Foggia,Foggia,Nell'Abitato,Strada Urbana,Rettilineo,Investimento di pedone,1,0
2020,Foggia,Foggia,Nell'Abitato,Strada Urbana,Incrocio,Incidente tra veicoli,1,0
2020,Foggia,Foggia,Nell'Abitato,Strada Urbana,Incrocio,Incidente tra veicoli,1,0
2020,Foggia,Foggia,Nell'Abitato,Strada Urbana,Incrocio,Incidente tra veicoli,2,0
2020,Foggia,Foggia,Nell'Abitato,Strada Urbana,Rotatoria,Incidente tra veicoli,1,0
2020,Foggia,Foggia,Nell'Abitato,Strada Urbana,Incrocio,Investimento di pedone,1,0
2020,Foggia,Foggia,Nell'Abitato,Strada Urbana,Incrocio,Incidente tra veicoli,3,0
2020,Foggia,Foggia,Fuori Abitato,Strada comunale extraurbana,Incrocio,Incidente tra veicoli,4,0
2020,Foggia,Foggia,Nell'Abitato,Strada Urbana,Incrocio,Investimento di pedone,1,0
2020,Foggia,Foggia,Nell'Abitato,Strada Urbana,Incrocio,Incidente tra veicoli,1,0
2020,Foggia,Foggia,Nell'Abitato,Strada Urbana,Incrocio,Incidente tra veicoli,1,0
2020,Foggia,Foggia,Nell'Abitato,Strada Urbana,Incrocio,Incidente tra veicoli,2,0
2020,Foggia,Foggia,Nell'Abitato,Strada Urbana,Incrocio,Incidente tra veicoli,1,0
2020,Foggia,Foggia,Nell'Abitato,Strada Urbana,Curva,Incidente a veicolo isolato,1,0
2020,Foggia,Torremaggiore,Nell'Abitato,Strada Urbana,Rettilineo,Investimento di pedone,1,0
2020,Foggia,Foggia,Nell'Abitato,Strada Urbana,Incrocio,Incidente tra veicoli,1,0
2020,Foggia,Foggia,Nell'Abitato,Strada Urbana,Rettilineo,Investimento di pedone,1,0
2020,Foggia,Foggia,Nell'Abitato,Strada Urbana,Incrocio,Incidente tra veicoli,1,0
2020,Foggia,Foggia,Nell'Abitato,Strada Urbana,Rotatoria,Incidente tra veicoli,1,0
2020,Foggia,Cerignola,Nell'Abitato,Strada Urbana,Incrocio,Investimento di pedone,1,0
2020,Foggia,Torremaggiore,Fuori Abitato,Strada Provinciale,Curva,Incidente tra veicoli,1,0
2020,Foggia,Foggia,Nell'Abitato,Strada Provinciale,Incrocio,Incidente tra veicoli,2,0
2020,Foggia,Cerignola,Fuori Abitato,Strada Provinciale,Rettilineo,Incidente a veicolo isolato,1,0
2020,Foggia,San Severo,Nell'Abitato,Strada Urbana,Incrocio,Incidente tra veicoli,1,0
2020,Foggia,Manfredonia,Nell'Abitato,Strada Urbana,Rettilineo,Investimento di pedone,1,0
2020,Foggia,Cerignola,Nell'Abitato,Strada Urbana,Rettilineo,Incidente tra veicoli,1,0
2020,Foggia,Cerignola,Nell'Abitato,Strada Urbana,Incrocio,Incidente tra veicoli,1,0
2020,Foggia,Cerignola,Fuori Abitato,Strada comunale extraurbana,Rettilineo,Incidente tra veicoli,2,0
2020,Foggia,San Severo,Fuori Abitato,Strada Statale,Incrocio,Incidente tra veicoli,1,0
2020,Foggia,San Severo,Nell'Abitato,Strada Urbana,Incrocio,Incidente tra veicoli,1,0
2020,Foggia,San Severo,Nell'Abitato,Strada Urbana,Rettilineo,Incidente tra veicoli,3,0
2020,Foggia,Manfredonia,Fuori Abitato,Strada comunale extraurbana,Incrocio,Incidente tra veicoli,3,0
2020,Foggia,Manfredonia,Nell'Abitato,Strada Urbana,Rettilineo,Incidente tra veicoli,1,0
2020,Foggia,San Severo,Nell'Abitato,Strada Urbana,Rettilineo,Incidente tra veicoli,1,0
2020,Foggia,Manfredonia,Nell'Abitato,Strada Urbana,Incrocio,Incidente tra veicoli,2,0
2020,Foggia,San Severo,Nell'Abitato,Strada Urbana,Rettilineo,Incidente tra veicoli,1,0
2020,Foggia,Manfredonia,Nell'Abitato,Strada Urbana,Rettilineo,Incidente tra veicoli,1,0
2020,Foggia,Vieste,Nell'Abitato,Strada Urbana,Incrocio,Incidente tra veicoli,1,0
2020,Foggia,San Severo,Nell'Abitato,Strada Urbana,Rettilineo,Incidente tra veicoli,2,0
2020,Foggia,Cerignola,Fuori Abitato,Strada Provinciale,Incrocio,Incidente tra veicoli,2,0
2020,Foggia,Foggia,Fuori Abitato,Strada Provinciale,Rettilineo,Incidente tra veicoli,2,0
2020,Foggia,Ascoli Satriano,Fuori Abitato,Strada Statale,Incrocio,Incidente tra veicoli,5,0
2020,Foggia,Foggia,Fuori Abitato,Strada Statale,Incrocio,Incidente tra veicoli,2,0
2020,Foggia,Foggia,Fuori Abitato,Strada Statale,Rettilineo,Investimento di pedone,1,1
2020,Foggia,San Severo,Fuori Abitato,Strada Statale,Rettilineo,Incidente a veicolo isolato,2,0
2020,Foggia,Foggia,Fuori Abitato,Strada Statale,Rettilineo,Incidente tra veicoli,2,0
2020,Foggia,Carapelle,Fuori Abitato,Strada Statale,Rettilineo,Incidente tra veicoli,1,0
2020,Foggia,Orta Nova,Fuori Abitato,Strada Statale,Rettilineo,Incidente tra veicoli,0,1
2020,Foggia,Cerignola,Fuori Abitato,Strada Statale,Rettilineo,Incidente a veicolo isolato,1,0
2020,Foggia,Foggia,Fuori Abitato,Strada Statale,Rettilineo,Incidente tra veicoli,1,0
2020,Foggia,Cerignola,Fuori Abitato,Strada Provinciale,Rettilineo,Incidente a veicolo isolato,1,0
2020,Foggia,Ascoli Satriano,Fuori Abitato,Strada Provinciale,Rettilineo,Incidente tra veicoli,3,0
2020,Foggia,Lucera,Fuori Abitato,Strada Provinciale,Curva,Incidente a veicolo isolato,2,0
2020,Foggia,Monte Sant'Angelo,Fuori Abitato,Strada Provinciale,Curva,Incidente tra veicoli,1,0
2020,Foggia,San Nicandro Garganico,Fuori Abitato,Strada Provinciale,Rettilineo,Incidente tra veicoli,2,0
2020,Foggia,Foggia,Nell'Abitato,Strada Urbana,Rettilineo,Incidente tra veicoli,2,0
2020,Foggia,Foggia,Nell'Abitato,Strada Urbana,Incrocio,Incidente tra veicoli,2,0
2020,Foggia,Foggia,Fuori Abitato,Strada comunale extraurbana,Incrocio,Incidente tra veicoli,0,2
2020,Foggia,Foggia,Nell'Abitato,Strada Urbana,Incrocio,Incidente tra veicoli,2,0
2020,Foggia,Vico del Gargano,Fuori Abitato,Strada Statale,Curva,Incidente tra veicoli,1,0
2020,Foggia,San Nicandro Garganico,Nell'Abitato,Strada Urbana,Incrocio,Investimento di pedone,1,0
2020,Foggia,Foggia,Nell'Abitato,Strada Urbana,Rettilineo,Incidente tra veicoli,2,0
2020,Foggia,Foggia,Nell'Abitato,Strada Urbana,Incrocio,Incidente tra veicoli,1,0
2020,Foggia,Torremaggiore,Nell'Abitato,Strada Urbana,Incrocio,Incidente tra veicoli,1,0
2020,Foggia,Foggia,Fuori Abitato,Strada Statale,Rettilineo,Incidente tra veicoli,1,0
2020,Foggia,Foggia,Nell'Abitato,Strada Urbana,Incrocio,Incidente tra veicoli,1,0
2020,Foggia,Foggia,Nell'Abitato,Strada Urbana,Incrocio,Incidente tra veicoli,2,0
2020,Foggia,Foggia,Nell'Abitato,Strada Urbana,Rettilineo,Incidente tra veicoli,1,0
2020,Foggia,Foggia,Nell'Abitato,Strada Urbana,Rettilineo,Incidente tra veicoli,2,0
2020,Foggia,Foggia,Nell'Abitato,Strada Urbana,Incrocio,Incidente tra veicoli,1,0
2020,Foggia,Foggia,Nell'Abitato,Strada Urbana,Rettilineo,Incidente tra veicoli,1,0
2020,Foggia,Foggia,Fuori Abitato,Strada Provinciale,Rettilineo,Incidente a veicolo isolato,1,0
2020,Foggia,Foggia,Nell'Abitato,Strada Urbana,Incrocio,Incidente tra veicoli,1,0
2020,Foggia,Foggia,Nell'Abitato,Strada Urbana,Rettilineo,Incidente a veicolo isolato,1,0
2020,Foggia,Foggia,Nell'Abitato,Strada Urbana,Incrocio,Incidente tra veicoli,1,0
2020,Foggia,Torremaggiore,Nell'Abitato,Strada Urbana,Incrocio,Incidente tra veicoli,1,0
2020,Foggia,Foggia,Nell'Abitato,Strada Urbana,Rettilineo,Incidente tra veicoli,1,0
2020,Foggia,Apricena,Nell'Abitato,Strada Urbana,Incrocio,Incidente tra veicoli,1,0
2020,Foggia,Foggia,Nell'Abitato,Strada Urbana,Incrocio,Incidente tra veicoli,1,0
2020,Foggia,Foggia,Nell'Abitato,Strada Urbana,Rettilineo,Incidente tra veicoli,1,0
2020,Foggia,Cerignola,Nell'Abitato,Strada Urbana,Incrocio,Incidente tra veicoli,1,0
2020,Foggia,Cerignola,Nell'Abitato,Strada Urbana,Incrocio,Incidente tra veicoli,1,0
2020,Foggia,Cerignola,Fuori Abitato,Strada Provinciale,Rettilineo,Incidente tra veicoli,1,0
2020,Foggia,Manfredonia,Nell'Abitato,Strada Urbana,Incrocio,Investimento di pedone,1,0
2020,Foggia,San Severo,Nell'Abitato,Strada Urbana,Rettilineo,Incidente a veicolo isolato,1,0
2020,Foggia,San Severo,Nell'Abitato,Strada Urbana,Rettilineo,Investimento di pedone,1,0
2020,Foggia,Cerignola,Nell'Abitato,Strada Urbana,Incrocio,Incidente tra veicoli,1,0
2020,Foggia,Cerignola,Nell'Abitato,Strada Urbana,Incrocio,Incidente tra veicoli,3,0
2020,Foggia,Cerignola,Nell'Abitato,Strada Urbana,Rettilineo,Incidente tra veicoli,1,0
2020,Foggia,Cerignola,Fuori Abitato,Strada Provinciale,Rettilineo,Incidente tra veicoli,1,0
2020,Foggia,Orta Nova,Nell'Abitato,Strada Urbana,Incrocio,Incidente tra veicoli,2,0
2020,Foggia,Orta Nova,Fuori Abitato,Strada Provinciale,Incrocio,Incidente tra veicoli,1,0
2020,Foggia,San Severo,Nell'Abitato,Strada Urbana,Rettilineo,Incidente tra veicoli,1,0
2020,Foggia,Cerignola,Nell'Abitato,Strada Urbana,Rettilineo,Incidente tra veicoli,2,0
2020,Foggia,Foggia,Fuori Abitato,Strada Statale,Rettilineo,Incidente tra veicoli,6,0
2020,Foggia,Orta Nova,Fuori Abitato,Autostrada,Rettilineo,Incidente a veicolo isolato,1,0
2020,Foggia,Orta Nova,Fuori Abitato,Strada Statale,Rettilineo,Incidente tra veicoli,1,0
2020,Foggia,Manfredonia,Nell'Abitato,Strada Urbana,Incrocio,Incidente tra veicoli,2,0
2020,Foggia,Foggia,Fuori Abitato,Strada Statale,Curva,Incidente a veicolo isolato,1,0
2020,Foggia,Poggio Imperiale,Fuori Abitato,Strada Provinciale,Rettilineo,Incidente tra veicoli,2,0
2020,Foggia,Stornara,Fuori Abitato,Strada comunale extraurbana,Rettilineo,Investimento di pedone,0,1
2020,Foggia,San Severo,Nell'Abitato,Strada Urbana,Rettilineo,Incidente a veicolo isolato,1,0
2020,Foggia,San Severo,Fuori Abitato,Strada Statale,Rettilineo,Incidente tra veicoli,2,0
2020,Foggia,Lesina,Fuori Abitato,Strada Provinciale,Curva,Incidente a veicolo isolato,2,0
2020,Foggia,Stornarella,Fuori Abitato,Strada Provinciale,Rettilineo,Incidente a veicolo isolato,1,0
2020,Foggia,Carapelle,Fuori Abitato,Strada Provinciale,Rettilineo,Incidente a veicolo isolato,3,0
2020,Foggia,Foggia,Fuori Abitato,Strada Statale,Rettilineo,Incidente tra veicoli,1,0
2020,Foggia,Stornara,Fuori Abitato,Strada Provinciale,Rettilineo,Incidente tra veicoli,3,0
2020,Foggia,Foggia,Fuori Abitato,Strada comunale extraurbana,Rettilineo,Incidente a veicolo isolato,5,0
2020,Foggia,Lucera,Nell'Abitato,Strada Urbana,Rettilineo,Incidente a veicolo isolato,2,0
2020,Foggia,Manfredonia,Fuori Abitato,Strada Provinciale,Curva,Incidente a veicolo isolato,2,0
2020,Foggia,San Severo,Nell'Abitato,Strada Urbana,Rettilineo,Incidente tra veicoli,1,0
2020,Foggia,Lucera,Fuori Abitato,Strada Provinciale,Curva,Incidente tra veicoli,2,0
2020,Foggia,Lucera,Nell'Abitato,Strada Provinciale,Curva,Incidente tra veicoli,1,0
2020,Foggia,Ordona,Fuori Abitato,Strada Provinciale,Rettilineo,Incidente tra veicoli,2,0
2020,Foggia,Stornara,Nell'Abitato,Strada Urbana,Incrocio,Incidente tra veicoli,1,0
2020,Foggia,Lucera,Fuori Abitato,Strada Statale,Rettilineo,Incidente tra veicoli,2,0
2020,Foggia,San Nicandro Garganico,Nell'Abitato,Strada Statale,Rettilineo,Incidente tra veicoli,3,0
2020,Foggia,Cerignola,Nell'Abitato,Strada Urbana,Rettilineo,Incidente tra veicoli,1,0
2020,Foggia,Lucera,Nell'Abitato,Strada Urbana,Rettilineo,Incidente tra veicoli,1,0
2020,Foggia,Foggia,Nell'Abitato,Strada Urbana,Rettilineo,Incidente tra veicoli,2,0
2020,Foggia,Foggia,Fuori Abitato,Strada comunale extraurbana,Rettilineo,Incidente tra veicoli,1,0
2020,Foggia,Foggia,Nell'Abitato,Strada Urbana,Rettilineo,Investimento di pedone,1,0
2020,Foggia,Foggia,Nell'Abitato,Strada Urbana,Incrocio,Incidente tra veicoli,3,0
2020,Foggia,Foggia,Nell'Abitato,Strada Urbana,Incrocio,Incidente tra veicoli,3,0
2020,Foggia,Foggia,Nell'Abitato,Strada Urbana,Rotatoria,Incidente tra veicoli,4,0
2020,Foggia,Foggia,Fuori Abitato,Strada comunale extraurbana,Rettilineo,Incidente tra veicoli,2,0
2020,Foggia,Foggia,Nell'Abitato,Strada Urbana,Rettilineo,Incidente tra veicoli,3,0
2020,Foggia,Lucera,Nell'Abitato,Strada Urbana,Incrocio,Incidente tra veicoli,1,0
2020,Foggia,Foggia,Nell'Abitato,Strada Urbana,Incrocio,Incidente tra veicoli,3,0
2020,Foggia,Foggia,Nell'Abitato,Strada Urbana,Rettilineo,Incidente tra veicoli,1,0
2020,Foggia,Foggia,Nell'Abitato,Strada Urbana,Incrocio,Incidente tra veicoli,4,0
2020,Foggia,Foggia,Nell'Abitato,Strada Urbana,Curva,Incidente tra veicoli,1,0
2020,Foggia,Foggia,Nell'Abitato,Strada Urbana,Rettilineo,Investimento di pedone,1,0
2020,Foggia,Foggia,Nell'Abitato,Strada Urbana,Rettilineo,Incidente a veicolo isolato,3,0
2020,Foggia,Foggia,Nell'Abitato,Strada Urbana,Incrocio,Incidente tra veicoli,1,0
2020,Foggia,Foggia,Nell'Abitato,Strada Urbana,Incrocio,Incidente tra veicoli,2,0
2020,Foggia,San Nicandro Garganico,Fuori Abitato,Strada comunale extraurbana,Curva,Incidente tra veicoli,2,0
2020,Foggia,Foggia,Nell'Abitato,Strada Urbana,Rettilineo,Incidente tra veicoli,1,0
2020,Foggia,Foggia,Nell'Abitato,Strada Urbana,Incrocio,Incidente tra veicoli,1,0
2020,Foggia,Foggia,Nell'Abitato,Strada Urbana,Incrocio,Incidente tra veicoli,2,0
2020,Foggia,Foggia,Nell'Abitato,Strada Urbana,Rettilineo,Incidente tra veicoli,2,0
2020,Foggia,Foggia,Nell'Abitato,Strada Urbana,Incrocio,Incidente tra veicoli,3,0
2020,Foggia,Foggia,Fuori Abitato,Strada Provinciale,Incrocio,Incidente tra veicoli,2,0
2020,Foggia,Apricena,Fuori Abitato,Strada Provinciale,Rettilineo,Incidente a veicolo isolato,2,0
2020,Foggia,Foggia,Fuori Abitato,Strada comunale extraurbana,Rettilineo,Incidente a veicolo isolato,2,0
2020,Foggia,Torremaggiore,Fuori Abitato,Strada Provinciale,Rettilineo,Incidente tra veicoli,2,0
2020,Foggia,Foggia,Nell'Abitato,Strada Urbana,Curva,Incidente tra veicoli,1,0
2020,Foggia,Torremaggiore,Fuori Abitato,Strada Provinciale,Rettilineo,Incidente a veicolo isolato,1,0
2020,Foggia,Foggia,Fuori Abitato,Strada Statale,Rettilineo,Incidente a veicolo isolato,2,0
2020,Foggia,Cerignola,Nell'Abitato,Strada Urbana,Incrocio,Investimento di pedone,1,0
2020,Foggia,Manfredonia,Nell'Abitato,Strada Urbana,Rettilineo,Investimento di pedone,1,0
2020,Foggia,Cerignola,Nell'Abitato,Strada Urbana,Rettilineo,Incidente tra veicoli,1,0
2020,Foggia,San Severo,Nell'Abitato,Strada Urbana,Rettilineo,Incidente tra veicoli,2,0
2020,Foggia,Manfredonia,Nell'Abitato,Strada Urbana,Rettilineo,Incidente tra veicoli,2,0
2020,Foggia,Manfredonia,Nell'Abitato,Strada Urbana,Incrocio,Incidente tra veicoli,2,0
2020,Foggia,Manfredonia,Nell'Abitato,Strada Urbana,Rettilineo,Incidente tra veicoli,1,0
2020,Foggia,San Severo,Nell'Abitato,Strada Urbana,Incrocio,Incidente tra veicoli,2,0
2020,Foggia,Deliceto,Fuori Abitato,Altra strada,Curva,Incidente tra veicoli,1,0
2020,Foggia,Cerignola,Nell'Abitato,Strada Urbana,Rettilineo,Incidente tra veicoli,2,0
2020,Foggia,San Severo,Nell'Abitato,Strada Urbana,Incrocio,Incidente tra veicoli,2,0
2020,Bari,Castellana Grotte,Fuori Abitato,Strada Provinciale,Curva,Incidente a veicolo isolato,1,0
2020,Bari,Bari,Fuori Abitato,Autostrada,Curva,Incidente tra veicoli,1,0
2020,Bari,Molfetta,Fuori Abitato,Strada Statale,Rettilineo,Incidente tra veicoli,2,0
2020,Bari,Giovinazzo,Nell'Abitato,Strada Statale,Rettilineo,Incidente tra veicoli,1,0
2020,Bari,Bari,Fuori Abitato,Strada Statale,Rettilineo,Incidente tra veicoli,1,0
2020,Bari,Polignano a Mare,Fuori Abitato,Strada Statale,Rettilineo,Incidente a veicolo isolato,1,0
2020,Bari,Bari,Fuori Abitato,Strada Statale,Curva,Incidente a veicolo isolato,3,0
2020,Bari,Poggiorsini,Fuori Abitato,Strada Provinciale,Curva,Incidente a veicolo isolato,2,0
2020,Bari,Monopoli,Fuori Abitato,Strada Statale,Rettilineo,Incidente a veicolo isolato,1,0
2020,Bari,Bari,Fuori Abitato,Strada Statale,Rettilineo,Incidente tra veicoli,3,0
2020,Bari,Castellana Grotte,Fuori Abitato,Strada Provinciale,Rettilineo,Incidente tra veicoli,5,0
2020,Bari,Bari,Nell'Abitato,Strada Statale,Rettilineo,Incidente tra veicoli,1,0
2020,Bari,Conversano,Nell'Abitato,Strada Urbana,Incrocio,Incidente tra veicoli,3,0
2020,Bari,Acquaviva delle Fonti,Fuori Abitato,Strada Provinciale,Incrocio,Incidente tra veicoli,2,0
2020,Bari,Conversano,Fuori Abitato,Strada Provinciale,Curva,Incidente tra veicoli,2,0
2020,Bari,Conversano,Fuori Abitato,Strada Provinciale,Rettilineo,Incidente tra veicoli,2,0
2020,Bari,Turi,Fuori Abitato,Strada Provinciale,Rettilineo,Incidente tra veicoli,1,0
2020,Bari,Gravina in Puglia,Fuori Abitato,Strada Provinciale,Rettilineo,Incidente a veicolo isolato,2,0
2020,Bari,Modugno,Fuori Abitato,Strada Statale,Rettilineo,Incidente a veicolo isolato,1,0
2020,Bari,Palo del Colle,Fuori Abitato,Strada Provinciale,Curva,Incidente a veicolo isolato,1,0
2020,Bari,Altamura,Fuori Abitato,Strada Provinciale,Curva,Incidente a veicolo isolato,1,0
2020,Bari,Putignano,Nell'Abitato,Strada Urbana,Rettilineo,Incidente tra veicoli,1,0
2020,Bari,Gioia del Colle,Fuori Abitato,Strada Provinciale,Curva,Incidente a veicolo isolato,2,0
2020,Bari,Altamura,Fuori Abitato,Altra strada,Rettilineo,Incidente a veicolo isolato,1,0
2020,Bari,Cassano delle Murge,Fuori Abitato,Strada Provinciale,Curva,Incidente a veicolo isolato,1,0
2020,Bari,Bitonto,Nell'Abitato,Strada Urbana,Rettilineo,Incidente a veicolo isolato,0,1
2020,Bari,Molfetta,Fuori Abitato,Strada Provinciale,Rettilineo,Incidente tra veicoli,1,0
2020,Bari,Monopoli,Fuori Abitato,Strada Provinciale,Rettilineo,Incidente a veicolo isolato,1,0
2020,Bari,Castellana Grotte,Fuori Abitato,Strada Provinciale,Curva,Incidente a veicolo isolato,2,0
2020,Bari,Noicattaro,Nell'Abitato,Strada Urbana,Rettilineo,Incidente a veicolo isolato,1,0
2020,Bari,Locorotondo,Fuori Abitato,Strada Statale,Rettilineo,Incidente a veicolo isolato,1,0
2020,Bari,Bari,Fuori Abitato,Strada Statale,Curva,Incidente a veicolo isolato,1,0
2020,Bari,Alberobello,Fuori Abitato,Strada Provinciale,Curva,Incidente a veicolo isolato,2,0
2020,Bari,Bitonto,Nell'Abitato,Strada Urbana,Incrocio,Incidente tra veicoli,3,0
2020,Bari,Mola di Bari,Nell'Abitato,Strada Urbana,Incrocio,Incidente tra veicoli,2,0
2020,Bari,Capurso,Fuori Abitato,Strada Statale,Rettilineo,Incidente tra veicoli,3,0
2020,Bari,Bari,Fuori Abitato,Strada Statale,Curva,Incidente tra veicoli,1,0
2020,Bari,Bitetto,Nell'Abitato,Strada Urbana,Rettilineo,Incidente tra veicoli,1,0
2020,Bari,Altamura,Fuori Abitato,Strada Provinciale,Incrocio,Incidente tra veicoli,3,0
2020,Bari,Turi,Nell'Abitato,Strada Urbana,Incrocio,Incidente tra veicoli,3,0
2020,Bari,Acquaviva delle Fonti,Fuori Abitato,Strada Provinciale,Rettilineo,Incidente tra veicoli,2,0
2020,Bari,Molfetta,Fuori Abitato,Strada Provinciale,Rettilineo,Incidente tra veicoli,6,0
2020,Bari,Santeramo in Colle,Nell'Abitato,Strada Urbana,Incrocio,Incidente tra veicoli,2,0
2020,Bari,Mola di Bari,Nell'Abitato,Strada Urbana,Rettilineo,Incidente tra veicoli,3,0
2020,Bari,Altamura,Fuori Abitato,Strada Provinciale,Rettilineo,Incidente tra veicoli,2,0
2020,Bari,Polignano a Mare,Fuori Abitato,Strada Statale,Rettilineo,Incidente tra veicoli,2,0
2020,Bari,Giovinazzo,Fuori Abitato,Strada Statale,Incrocio,Incidente tra veicoli,4,0
2020,Bari,Gioia del Colle,Fuori Abitato,Strada Provinciale,Rettilineo,Incidente tra veicoli,6,0
2020,Bari,Altamura,Nell'Abitato,Strada Urbana,Incrocio,Incidente tra veicoli,4,0
2020,Bari,Rutigliano,Fuori Abitato,Strada Provinciale,Rettilineo,Incidente tra veicoli,2,0
2020,Bari,Modugno,Fuori Abitato,Altra strada,Rettilineo,Incidente tra veicoli,2,0
2020,Bari,Bari,Fuori Abitato,Strada Statale,Curva,Incidente tra veicoli,3,0
2020,Bari,Sannicandro di Bari,Nell'Abitato,Strada Provinciale,Incrocio,Incidente tra veicoli,6,0
2020,Bari,Altamura,Nell'Abitato,Strada Urbana,Incrocio,Incidente tra veicoli,2,0
2020,Bari,Bitonto,Nell'Abitato,Strada Urbana,Incrocio,Incidente tra veicoli,2,0
2020,Bari,Putignano,Fuori Abitato,Strada Statale,Rettilineo,Incidente a veicolo isolato,1,0
2020,Bari,Corato,Nell'Abitato,Strada Urbana,Rettilineo,Incidente tra veicoli,1,0
2020,Bari,Casamassima,Nell'Abitato,Strada Urbana,Incrocio,Incidente tra veicoli,2,0
2020,Bari,Casamassima,Fuori Abitato,Strada comunale extraurbana,Incrocio,Incidente tra veicoli,3,0
2020,Bari,Santeramo in Colle,Fuori Abitato,Strada Provinciale,Curva,Incidente a veicolo isolato,1,0
2020,Bari,Bitritto,Nell'Abitato,Strada Urbana,Incrocio,Incidente tra veicoli,1,0
2020,Bari,Bitonto,Fuori Abitato,Strada Provinciale,Incrocio,Incidente tra veicoli,2,0
2020,Bari,Castellana Grotte,Nell'Abitato,Strada Urbana,Rettilineo,Incidente a veicolo isolato,2,0
2020,Bari,Casamassima,Fuori Abitato,Strada Statale,Rettilineo,Incidente tra veicoli,2,0
2020,Bari,Terlizzi,Fuori Abitato,Strada Provinciale,Rettilineo,Incidente a veicolo isolato,1,0
2020,Bari,Monopoli,Nell'Abitato,Strada Urbana,Rettilineo,Investimento di pedone,1,0
2020,Bari,Santeramo in Colle,Nell'Abitato,Strada Urbana,Incrocio,Incidente tra veicoli,1,0
2020,Bari,Casamassima,Fuori Abitato,Strada Provinciale,Rettilineo,Incidente a veicolo isolato,1,0
2020,Bari,Castellana Grotte,Nell'Abitato,Strada Urbana,Rettilineo,Incidente tra veicoli,1,0
2020,Bari,Monopoli,Nell'Abitato,Strada Urbana,Incrocio,Investimento di pedone,1,0
2020,Bari,Bitonto,Nell'Abitato,Strada Urbana,Incrocio,Incidente tra veicoli,2,0
2020,Bari,Rutigliano,Fuori Abitato,Strada Provinciale,Rettilineo,Incidente tra veicoli,4,0
2020,Bari,Terlizzi,Nell'Abitato,Strada Urbana,Incrocio,Incidente tra veicoli,1,0
2020,Bari,Monopoli,Fuori Abitato,Strada Provinciale,Rotatoria,Incidente tra veicoli,1,0
2020,Bari,Altamura,Nell'Abitato,Strada Urbana,Incrocio,Incidente tra veicoli,1,0
2020,Bari,Rutigliano,Nell'Abitato,Strada Urbana,Rettilineo,Incidente tra veicoli,1,0
2020,Bari,Gravina in Puglia,Nell'Abitato,Strada Urbana,Rettilineo,Investimento di pedone,1,0
2020,Bari,Turi,Nell'Abitato,Strada Urbana,Incrocio,Incidente tra veicoli,3,0
2020,Bari,Corato,Nell'Abitato,Strada Urbana,Rettilineo,Incidente tra veicoli,2,0
2020,Bari,Altamura,Fuori Abitato,Strada Provinciale,Incrocio,Incidente tra veicoli,3,0
2020,Bari,Monopoli,Fuori Abitato,Strada Provinciale,Incrocio,Incidente tra veicoli,1,0
2020,Bari,Altamura,Nell'Abitato,Strada Urbana,Incrocio,Incidente tra veicoli,2,0
2020,Bari,Ruvo di Puglia,Nell'Abitato,Strada Urbana,Incrocio,Incidente tra veicoli,2,0
2020,Bari,Rutigliano,Nell'Abitato,Strada Urbana,Incrocio,Incidente tra veicoli,1,0
2020,Bari,Corato,Nell'Abitato,Strada Urbana,Rettilineo,Incidente tra veicoli,1,0
2020,Bari,Bitonto,Fuori Abitato,Strada Provinciale,Incrocio,Incidente tra veicoli,1,0
2020,Bari,Rutigliano,Nell'Abitato,Strada Urbana,Incrocio,Incidente tra veicoli,1,0
2020,Bari,Ruvo di Puglia,Nell'Abitato,Strada Urbana,Incrocio,Incidente tra veicoli,4,0
2020,Bari,Casamassima,Fuori Abitato,Strada Statale,Curva,Incidente tra veicoli,2,0
2020,Bari,Santeramo in Colle,Nell'Abitato,Strada Urbana,Incrocio,Investimento di pedone,1,0
2020,Bari,Monopoli,Nell'Abitato,Strada Urbana,Incrocio,Investimento di pedone,1,0
2020,Bari,Acquaviva delle Fonti,Nell'Abitato,Strada Urbana,Incrocio,Incidente tra veicoli,1,0
2020,Bari,Altamura,Nell'Abitato,Strada Urbana,Incrocio,Incidente a veicolo isolato,1,0
2020,Bari,Castellana Grotte,Fuori Abitato,Strada Provinciale,Rettilineo,Incidente tra veicoli,3,0
2020,Bari,Terlizzi,Fuori Abitato,Strada Provinciale,Incrocio,Incidente tra veicoli,1,0
2020,Bari,Casamassima,Fuori Abitato,Strada Provinciale,Curva,Incidente a veicolo isolato,2,0
2020,Bari,Casamassima,Fuori Abitato,Strada Provinciale,Curva,Incidente a veicolo isolato,1,0
2020,Bari,Putignano,Nell'Abitato,Strada Urbana,Rotatoria,Investimento di pedone,1,0
2020,Bari,Bitonto,Nell'Abitato,Strada Urbana,Rettilineo,Investimento di pedone,1,0
2020,Bari,Monopoli,Fuori Abitato,Altra strada,Rettilineo,Incidente tra veicoli,1,0
2020,Bari,Gravina in Puglia,Fuori Abitato,Strada Provinciale,Rettilineo,Incidente tra veicoli,3,0
2020,Bari,Gravina in Puglia,Nell'Abitato,Strada Urbana,Incrocio,Incidente tra veicoli,2,0
2020,Bari,Casamassima,Fuori Abitato,Strada Provinciale,Rotatoria,Incidente tra veicoli,1,0
2020,Bari,Acquaviva delle Fonti,Nell'Abitato,Strada Urbana,Incrocio,Incidente tra veicoli,3,0
2020,Bari,Valenzano,Nell'Abitato,Strada Urbana,Incrocio,Incidente tra veicoli,4,0
2020,Bari,Bitonto,Fuori Abitato,Strada Provinciale,Rotatoria,Incidente tra veicoli,2,0
2020,Bari,Altamura,Nell'Abitato,Strada Urbana,Incrocio,Incidente tra veicoli,2,0
2020,Bari,Gravina in Puglia,Nell'Abitato,Strada Urbana,Incrocio,Incidente tra veicoli,1,0
2020,Bari,Santeramo in Colle,Nell'Abitato,Strada Urbana,Incrocio,Incidente tra veicoli,1,0
2020,Bari,Bari,Nell'Abitato,Strada Urbana,Rettilineo,Incidente a veicolo isolato,2,0
2020,Bari,Bari,Nell'Abitato,Strada Urbana,Incrocio,Incidente tra veicoli,1,0
2020,Bari,Bari,Nell'Abitato,Strada Urbana,Incrocio,Incidente tra veicoli,1,0
2020,Bari,Bari,Nell'Abitato,Strada Urbana,Rettilineo,Investimento di pedone,1,0
2020,Bari,Bari,Nell'Abitato,Strada Urbana,Incrocio,Incidente tra veicoli,1,0
2020,Bari,Bari,Nell'Abitato,Strada Urbana,Incrocio,Incidente tra veicoli,2,0
2020,Bari,Bari,Nell'Abitato,Strada Urbana,Incrocio,Incidente tra veicoli,1,0
2020,Bari,Bari,Nell'Abitato,Strada Urbana,Rettilineo,Incidente tra veicoli,1,0
2020,Bari,Bari,Nell'Abitato,Strada Urbana,Incrocio,Incidente tra veicoli,4,0
2020,Bari,Bari,Nell'Abitato,Strada Urbana,Incrocio,Incidente tra veicoli,3,0
2020,Bari,Bari,Nell'Abitato,Strada Urbana,Rettilineo,Incidente tra veicoli,1,0
2020,Bari,Bari,Nell'Abitato,Strada Urbana,Rettilineo,Incidente tra veicoli,1,0
2020,Bari,Bari,Nell'Abitato,Strada Urbana,Rettilineo,Investimento di pedone,1,0
2020,Bari,Bari,Nell'Abitato,Strada Urbana,Rettilineo,Incidente tra veicoli,1,0
2020,Bari,Bari,Nell'Abitato,Strada Urbana,Incrocio,Incidente tra veicoli,1,0
2020,Bari,Bari,Nell'Abitato,Strada Urbana,Incrocio,Investimento di pedone,1,0
2020,Bari,Ruvo di Puglia,Fuori Abitato,Strada Provinciale,Rettilineo,Incidente tra veicoli,5,0
2020,Bari,Polignano a Mare,Fuori Abitato,Strada Provinciale,Rettilineo,Incidente tra veicoli,6,0
2020,Bari,Bitonto,Fuori Abitato,Strada Provinciale,Rettilineo,Incidente tra veicoli,3,0
2020,Bari,Monopoli,Fuori Abitato,Strada Provinciale,Curva,Incidente tra veicoli,1,0
2020,Bari,Altamura,Fuori Abitato,Strada Provinciale,Curva,Incidente tra veicoli,4,0
2020,Bari,Altamura,Fuori Abitato,Strada Provinciale,Rettilineo,Incidente tra veicoli,4,0
2020,Bari,Bari,Fuori Abitato,Strada Statale,Rettilineo,Incidente a veicolo isolato,1,0
2020,Bari,Turi,Fuori Abitato,Strada Statale,Rettilineo,Incidente tra veicoli,2,0
2020,Bari,Altamura,Fuori Abitato,Strada Provinciale,Rettilineo,Incidente tra veicoli,3,0
2020,Bari,Bitonto,Fuori Abitato,Strada Provinciale,Rettilineo,Incidente tra veicoli,1,0
2020,Bari,Bari,Nell'Abitato,Strada Urbana,Rettilineo,Incidente a veicolo isolato,1,0
2020,Bari,Bari,Nell'Abitato,Strada Urbana,Rettilineo,Investimento di pedone,1,0
2020,Bari,Bari,Nell'Abitato,Strada Urbana,Rettilineo,Incidente a veicolo isolato,1,0
2020,Bari,Bari,Nell'Abitato,Strada Urbana,Rettilineo,Investimento di pedone,1,0
2020,Bari,Bari,Nell'Abitato,Strada Urbana,Rettilineo,Investimento di pedone,1,0
2020,Bari,Bari,Nell'Abitato,Strada Urbana,Incrocio,Investimento di pedone,2,0
2020,Bari,Bari,Nell'Abitato,Strada Urbana,Rettilineo,Investimento di pedone,4,0
2020,Bari,Bari,Nell'Abitato,Strada Urbana,Incrocio,Incidente tra veicoli,2,0
2020,Bari,Bari,Nell'Abitato,Strada Urbana,Rettilineo,Investimento di pedone,1,0
2020,Bari,Bari,Fuori Abitato,Strada Provinciale,Rettilineo,Incidente tra veicoli,2,0
2020,Bari,Bari,Nell'Abitato,Strada Urbana,Rettilineo,Incidente tra veicoli,1,0
2020,Bari,Bari,Nell'Abitato,Strada Urbana,Incrocio,Incidente tra veicoli,1,0
2020,Bari,Bari,Nell'Abitato,Strada Urbana,Rettilineo,Incidente tra veicoli,1,0
2020,Bari,Bari,Nell'Abitato,Strada Urbana,Incrocio,Investimento di pedone,1,0
2020,Bari,Bari,Fuori Abitato,Strada comunale extraurbana,Rettilineo,Incidente tra veicoli,3,0
2020,Bari,Bari,Nell'Abitato,Strada Urbana,Incrocio,Incidente tra veicoli,1,0
2020,Bari,Bari,Nell'Abitato,Strada Urbana,Incrocio,Investimento di pedone,1,0
2020,Bari,Bari,Nell'Abitato,Strada Urbana,Incrocio,Incidente tra veicoli,1,0
2020,Bari,Bari,Nell'Abitato,Strada Urbana,Curva,Incidente a veicolo isolato,1,0
2020,Bari,Bari,Nell'Abitato,Strada Urbana,Rettilineo,Incidente tra veicoli,1,0
2020,Bari,Bari,Nell'Abitato,Strada Urbana,Rettilineo,Incidente a veicolo isolato,1,0
2020,Bari,Bari,Nell'Abitato,Strada Urbana,Incrocio,Investimento di pedone,1,0
2020,Bari,Bari,Nell'Abitato,Strada Urbana,Incrocio,Investimento di pedone,1,0
2020,Bari,Bari,Nell'Abitato,Strada Urbana,Curva,Incidente a veicolo isolato,1,0
2020,Bari,Bari,Nell'Abitato,Strada Urbana,Rettilineo,Incidente tra veicoli,1,0
2020,Bari,Bari,Nell'Abitato,Strada Urbana,Incrocio,Investimento di pedone,2,0
2020,Bari,Bari,Nell'Abitato,Strada Urbana,Rettilineo,Investimento di pedone,1,1
2020,Bari,Bari,Nell'Abitato,Strada Urbana,Incrocio,Investimento di pedone,1,0
2020,Bari,Bari,Nell'Abitato,Strada Urbana,Rettilineo,Incidente tra veicoli,1,0
2020,Bari,Bari,Nell'Abitato,Strada Urbana,Rettilineo,Incidente tra veicoli,1,0
2020,Bari,Modugno,Fuori Abitato,Strada Provinciale,Curva,Incidente a veicolo isolato,1,0
2020,Bari,Monopoli,Nell'Abitato,Strada Urbana,Rettilineo,Investimento di pedone,1,0
2020,Bari,Conversano,Nell'Abitato,Strada Urbana,Incrocio,Incidente tra veicoli,1,0
2020,Bari,Modugno,Nell'Abitato,Strada Urbana,Incrocio,Investimento di pedone,1,0
2020,Bari,Molfetta,Nell'Abitato,Strada Urbana,Rettilineo,Investimento di pedone,1,0
2020,Bari,Modugno,Fuori Abitato,Strada comunale extraurbana,Rettilineo,Incidente tra veicoli,2,0
2020,Bari,Noicattaro,Nell'Abitato,Strada Urbana,Incrocio,Investimento di pedone,1,0
2020,Bari,Conversano,Fuori Abitato,Strada Provinciale,Rettilineo,Incidente a veicolo isolato,3,0
2020,Bari,Noicattaro,Nell'Abitato,Strada Urbana,Rettilineo,Investimento di pedone,1,0
2020,Bari,Cassano delle Murge,Nell'Abitato,Strada Urbana,Rettilineo,Investimento di pedone,1,0
2020,Bari,Locorotondo,Fuori Abitato,Strada Statale,Rettilineo,Incidente tra veicoli,2,0
2020,Bari,Mola di Bari,Nell'Abitato,Strada Urbana,Incrocio,Incidente tra veicoli,1,0
2020,Bari,Monopoli,Fuori Abitato,Strada Provinciale,Rettilineo,Incidente tra veicoli,1,0
2020,Bari,Bari,Nell'Abitato,Strada Urbana,Incrocio,Incidente tra veicoli,1,0
2020,Bari,Bari,Nell'Abitato,Strada Urbana,Rettilineo,Incidente tra veicoli,1,0
2020,Bari,Bari,Nell'Abitato,Strada Urbana,Incrocio,Incidente tra veicoli,1,0
2020,Bari,Bari,Nell'Abitato,Strada Urbana,Rettilineo,Incidente tra veicoli,1,0
2020,Bari,Bari,Nell'Abitato,Strada Urbana,Rettilineo,Incidente tra veicoli,1,0
2020,Bari,Bari,Nell'Abitato,Strada Urbana,Incrocio,Incidente tra veicoli,1,0
2020,Bari,Bari,Nell'Abitato,Strada Urbana,Incrocio,Incidente tra veicoli,1,0
2020,Bari,Bari,Nell'Abitato,Strada Urbana,Rettilineo,Incidente tra veicoli,1,0
2020,Bari,Bari,Nell'Abitato,Strada Urbana,Rettilineo,Incidente tra veicoli,1,0
2020,Bari,Bari,Nell'Abitato,Strada Urbana,Incrocio,Incidente tra veicoli,1,0
2020,Bari,Bari,Nell'Abitato,Strada Urbana,Incrocio,Incidente tra veicoli,1,0
2020,Bari,Bari,Nell'Abitato,Strada Urbana,Rettilineo,Incidente tra veicoli,2,0
2020,Bari,Bari,Nell'Abitato,Strada Urbana,Incrocio,Incidente tra veicoli,1,0
2020,Bari,Bari,Nell'Abitato,Strada Urbana,Incrocio,Incidente tra veicoli,1,0
2020,Bari,Bari,Nell'Abitato,Strada Urbana,Rettilineo,Incidente tra veicoli,1,0
2020,Bari,Bari,Nell'Abitato,Strada Urbana,Incrocio,Incidente tra veicoli,1,0
2020,Bari,Bari,Nell'Abitato,Strada Urbana,Rettilineo,Incidente tra veicoli,2,0
2020,Bari,Bari,Nell'Abitato,Strada Urbana,Rettilineo,Incidente tra veicoli,1,0
2020,Bari,Bari,Nell'Abitato,Strada Urbana,Rettilineo,Incidente tra veicoli,1,0
2020,Bari,Bari,Nell'Abitato,Strada Urbana,Incrocio,Incidente tra veicoli,2,0
2020,Bari,Bari,Nell'Abitato,Strada Urbana,Rettilineo,Incidente tra veicoli,1,0
2020,Bari,Bari,Nell'Abitato,Strada Urbana,Incrocio,Incidente tra veicoli,2,0
2020,Bari,Bari,Nell'Abitato,Strada Urbana,Rettilineo,Incidente tra veicoli,1,0
2020,Bari,Bari,Nell'Abitato,Strada Urbana,Rettilineo,Incidente tra veicoli,1,0
2020,Bari,Bari,Nell'Abitato,Strada Urbana,Rettilineo,Incidente tra veicoli,1,0
2020,Bari,Bari,Nell'Abitato,Strada Urbana,Incrocio,Incidente tra veicoli,1,0
2020,Bari,Bari,Nell'Abitato,Strada Urbana,Incrocio,Incidente tra veicoli,1,0
2020,Bari,Bari,Nell'Abitato,Strada Urbana,Incrocio,Incidente tra veicoli,4,0
2020,Bari,Bari,Nell'Abitato,Strada Urbana,Rettilineo,Incidente tra veicoli,1,0
2020,Bari,Bari,Nell'Abitato,Strada Urbana,Rettilineo,Incidente tra veicoli,3,0
2020,Bari,Bari,Nell'Abitato,Strada Urbana,Incrocio,Incidente tra veicoli,1,0
2020,Bari,Bari,Nell'Abitato,Strada Urbana,Rettilineo,Incidente tra veicoli,1,0
2020,Bari,Bari,Nell'Abitato,Strada Urbana,Curva,Incidente tra veicoli,2,0
2020,Bari,Bari,Fuori Abitato,Strada Provinciale,Incrocio,Incidente tra veicoli,4,0
2020,Bari,Bari,Nell'Abitato,Strada Urbana,Rettilineo,Incidente tra veicoli,2,0
2020,Bari,Bari,Nell'Abitato,Strada Urbana,Incrocio,Incidente tra veicoli,5,0
2020,Bari,Bari,Nell'Abitato,Strada Urbana,Incrocio,Incidente tra veicoli,1,0
2020,Bari,Bari,Nell'Abitato,Strada Urbana,Incrocio,Incidente tra veicoli,3,0
2020,Bari,Bari,Nell'Abitato,Strada Urbana,Incrocio,Incidente tra veicoli,1,0
2020,Bari,Bari,Nell'Abitato,Strada Urbana,Rettilineo,Incidente tra veicoli,2,0
2020,Bari,Bari,Nell'Abitato,Strada Urbana,Incrocio,Incidente tra veicoli,4,0
2020,Bari,Bari,Nell'Abitato,Strada Urbana,Incrocio,Incidente tra veicoli,4,0
2020,Bari,Bari,Nell'Abitato,Strada Urbana,Incrocio,Incidente tra veicoli,2,0
2020,Bari,Bari,Nell'Abitato,Strada Urbana,Incrocio,Incidente tra veicoli,2,0
2020,Bari,Bari,Nell'Abitato,Strada Urbana,Incrocio,Incidente tra veicoli,1,0
2020,Bari,Bari,Nell'Abitato,Strada Urbana,Rettilineo,Incidente tra veicoli,1,0
2020,Bari,Bari,Nell'Abitato,Strada Urbana,Rettilineo,Incidente tra veicoli,4,0
2020,Bari,Bari,Nell'Abitato,Strada Urbana,Rettilineo,Incidente tra veicoli,3,0
2020,Bari,Bari,Nell'Abitato,Strada Urbana,Rettilineo,Incidente tra veicoli,1,0
2020,Bari,Bari,Nell'Abitato,Strada Urbana,Rettilineo,Incidente tra veicoli,1,0
2020,Bari,Bari,Nell'Abitato,Strada Urbana,Incrocio,Incidente tra veicoli,1,0
2020,Bari,Bari,Nell'Abitato,Strada Urbana,Incrocio,Incidente tra veicoli,4,0
2020,Bari,Bari,Nell'Abitato,Strada Urbana,Curva,Incidente tra veicoli,2,0
2020,Bari,Bari,Nell'Abitato,Strada Urbana,Incrocio,Incidente tra veicoli,1,0
2020,Bari,Bari,Nell'Abitato,Strada Urbana,Incrocio,Incidente tra veicoli,4,0
2020,Bari,Palo del Colle,Nell'Abitato,Strada Urbana,Incrocio,Incidente tra veicoli,2,0
2020,Bari,Conversano,Nell'Abitato,Strada Urbana,Incrocio,Incidente tra veicoli,3,0
2020,Bari,Conversano,Nell'Abitato,Strada Urbana,Incrocio,Incidente tra veicoli,1,0
2020,Bari,Cassano delle Murge,Nell'Abitato,Strada Urbana,Incrocio,Incidente tra veicoli,1,0
2020,Bari,Cassano delle Murge,Fuori Abitato,Strada Provinciale,Rettilineo,Incidente tra veicoli,4,0
2020,Bari,Corato,Nell'Abitato,Strada Urbana,Incrocio,Incidente tra veicoli,2,0
2020,Bari,Molfetta,Nell'Abitato,Strada Urbana,Rettilineo,Incidente tra veicoli,1,0
2020,Bari,Modugno,Nell'Abitato,Strada Urbana,Incrocio,Incidente tra veicoli,1,0
2020,Bari,Molfetta,Nell'Abitato,Strada Urbana,Incrocio,Incidente tra veicoli,1,0
2020,Bari,Mola di Bari,Fuori Abitato,Strada Provinciale,Curva,Incidente tra veicoli,1,0
2020,Bari,Modugno,Fuori Abitato,Strada comunale extraurbana,Rotatoria,Incidente tra veicoli,3,0
2020,Bari,Molfetta,Nell'Abitato,Strada Urbana,Incrocio,Incidente tra veicoli,1,0
2020,Bari,Corato,Fuori Abitato,Strada Provinciale,Incrocio,Incidente tra veicoli,2,0
2020,Bari,Corato,Fuori Abitato,Strada Provinciale,Rettilineo,Incidente tra veicoli,2,0
2020,Bari,Toritto,Nell'Abitato,Strada Urbana,Rettilineo,Incidente tra veicoli,2,0
2020,Bari,Modugno,Fuori Abitato,Strada comunale extraurbana,Rettilineo,Incidente tra veicoli,1,0
2020,Bari,Conversano,Fuori Abitato,Strada Provinciale,Incrocio,Incidente tra veicoli,1,0
2020,Bari,Corato,Nell'Abitato,Strada Urbana,Incrocio,Incidente tra veicoli,1,0
2020,Bari,Modugno,Fuori Abitato,Strada comunale extraurbana,Rettilineo,Incidente tra veicoli,1,0
2020,Bari,Corato,Nell'Abitato,Strada Urbana,Incrocio,Incidente tra veicoli,3,0
2020,Bari,Noicattaro,Nell'Abitato,Strada Urbana,Incrocio,Incidente tra veicoli,2,0
2020,Bari,Triggiano,Nell'Abitato,Strada Urbana,Rotatoria,Incidente tra veicoli,1,0
2020,Bari,Noicattaro,Nell'Abitato,Strada Urbana,Incrocio,Incidente tra veicoli,1,0
2020,Bari,Capurso,Nell'Abitato,Strada Urbana,Incrocio,Incidente tra veicoli,1,0
2020,Bari,Triggiano,Fuori Abitato,Strada Provinciale,Rotatoria,Incidente tra veicoli,1,0
2020,Bari,Mola di Bari,Nell'Abitato,Strada Urbana,Incrocio,Incidente tra veicoli,1,0
2020,Bari,Bari,Nell'Abitato,Strada Urbana,Incrocio,Incidente tra veicoli,3,0
2020,Bari,Bari,Nell'Abitato,Strada Urbana,Incrocio,Incidente tra veicoli,3,0
2020,Bari,Bari,Fuori Abitato,Strada comunale extraurbana,Rettilineo,Incidente tra veicoli,5,0
2020,Bari,Bari,Nell'Abitato,Strada Urbana,Rettilineo,Incidente tra veicoli,3,0
2020,Bari,Bari,Nell'Abitato,Strada Urbana,Incrocio,Incidente tra veicoli,3,0
2020,Bari,Bari,Nell'Abitato,Strada Urbana,Rettilineo,Incidente tra veicoli,1,0
2020,Bari,Bari,Nell'Abitato,Strada Urbana,Incrocio,Incidente tra veicoli,2,0
2020,Bari,Adelfia,Fuori Abitato,Strada Provinciale,Rettilineo,Incidente tra veicoli,3,0
2020,Bari,Cassano delle Murge,Fuori Abitato,Strada Provinciale,Rettilineo,Incidente tra veicoli,3,0
2020,Bari,Molfetta,Fuori Abitato,Strada Statale,Rettilineo,Incidente tra veicoli,2,0
2020,Bari,Binetto,Fuori Abitato,Strada Provinciale,Rettilineo,Incidente tra veicoli,5,0
2020,Bari,Corato,Nell'Abitato,Strada Urbana,Incrocio,Incidente tra veicoli,1,0
2020,Bari,Triggiano,Fuori Abitato,Strada Statale,Rettilineo,Incidente tra veicoli,1,0
2020,Bari,Bari,Fuori Abitato,Strada Statale,Rettilineo,Incidente a veicolo isolato,2,0
2020,Bari,Bari,Fuori Abitato,Strada Statale,Rettilineo,Incidente tra veicoli,1,0
2020,Bari,Bari,Fuori Abitato,Strada Statale,Rettilineo,Incidente tra veicoli,1,0
2020,Bari,Gioia del Colle,Fuori Abitato,Strada Provinciale,Rettilineo,Incidente a veicolo isolato,1,0
2020,Bari,Gravina in Puglia,Fuori Abitato,Strada Provinciale,Rettilineo,Incidente a veicolo isolato,1,0
2020,Bari,Polignano a Mare,Fuori Abitato,Strada comunale extraurbana,Rettilineo,Incidente a veicolo isolato,2,0
2020,Bari,Locorotondo,Nell'Abitato,Strada Urbana,Incrocio,Investimento di pedone,1,0
2020,Bari,Altamura,Nell'Abitato,Strada Urbana,Rettilineo,Investimento di pedone,2,0
2020,Bari,Turi,Fuori Abitato,Strada Provinciale,Curva,Incidente a veicolo isolato,1,0
2020,Bari,Conversano,Fuori Abitato,Strada Provinciale,Curva,Incidente a veicolo isolato,1,0
2020,Bari,Corato,Fuori Abitato,Strada Provinciale,Rettilineo,Incidente a veicolo isolato,4,0
2020,Bari,Acquaviva delle Fonti,Fuori Abitato,Strada Provinciale,Rettilineo,Incidente a veicolo isolato,1,0
2020,Bari,Putignano,Fuori Abitato,Strada comunale extraurbana,Incrocio,Incidente tra veicoli,4,0
2020,Bari,Acquaviva delle Fonti,Fuori Abitato,Strada Provinciale,Curva,Incidente a veicolo isolato,1,0
2020,Bari,Altamura,Fuori Abitato,Strada Provinciale,Rettilineo,Incidente a veicolo isolato,1,0
2020,Bari,Castellana Grotte,Nell'Abitato,Strada Urbana,Rettilineo,Incidente a veicolo isolato,2,0
2020,Bari,Casamassima,Nell'Abitato,Strada Urbana,Incrocio,Incidente tra veicoli,1,0
2020,Bari,Mola di Bari,Nell'Abitato,Strada Urbana,Incrocio,Incidente tra veicoli,2,0
2020,Bari,Acquaviva delle Fonti,Nell'Abitato,Strada Urbana,Incrocio,Incidente tra veicoli,1,0
2020,Bari,Toritto,Fuori Abitato,Strada Statale,Rettilineo,Incidente tra veicoli,2,0
2020,Bari,Santeramo in Colle,Fuori Abitato,Strada comunale extraurbana,Incrocio,Incidente tra veicoli,3,0
2020,Bari,Sammichele di Bari,Nell'Abitato,Strada Urbana,Incrocio,Incidente tra veicoli,4,0
2020,Bari,Palo del Colle,Fuori Abitato,Strada Statale,Rettilineo,Incidente tra veicoli,5,0
2020,Bari,Conversano,Fuori Abitato,Strada Provinciale,Rettilineo,Incidente tra veicoli,1,0
2020,Bari,Polignano a Mare,Fuori Abitato,Strada Statale,Rettilineo,Incidente tra veicoli,4,0
2020,Bari,Altamura,Nell'Abitato,Strada Urbana,Incrocio,Incidente tra veicoli,2,0
2020,Bari,Gravina in Puglia,Nell'Abitato,Strada Urbana,Incrocio,Incidente tra veicoli,3,0
2020,Bari,Turi,Nell'Abitato,Strada Urbana,Rettilineo,Incidente tra veicoli,3,0
2020,Bari,Castellana Grotte,Nell'Abitato,Strada Urbana,Incrocio,Incidente tra veicoli,2,0
2020,Bari,Gioia del Colle,Nell'Abitato,Strada Urbana,Incrocio,Incidente tra veicoli,6,0
2020,Bari,Bitonto,Nell'Abitato,Strada Provinciale,Incrocio,Incidente tra veicoli,1,0
2020,Bari,Santeramo in Colle,Fuori Abitato,Strada Provinciale,Curva,Incidente tra veicoli,4,0
2020,Bari,Turi,Fuori Abitato,Strada Provinciale,Curva,Incidente tra veicoli,1,0
2020,Bari,Ruvo di Puglia,Nell'Abitato,Strada Urbana,Incrocio,Incidente tra veicoli,2,0
2020,Bari,Altamura,Fuori Abitato,Strada Provinciale,Incrocio,Incidente tra veicoli,3,0
2020,Bari,Corato,Nell'Abitato,Strada Urbana,Incrocio,Incidente tra veicoli,1,0
2020,Bari,Polignano a Mare,Nell'Abitato,Strada Urbana,Incrocio,Incidente tra veicoli,1,0
2020,Bari,Polignano a Mare,Nell'Abitato,Strada Urbana,Incrocio,Investimento di pedone,1,0
2020,Bari,Monopoli,Nell'Abitato,Strada Urbana,Incrocio,Investimento di pedone,1,0
2020,Bari,Bitritto,Nell'Abitato,Strada Urbana,Incrocio,Incidente tra veicoli,1,0
2020,Bari,Altamura,Fuori Abitato,Strada Provinciale,Incrocio,Incidente tra veicoli,1,0
2020,Bari,Altamura,Fuori Abitato,Strada Provinciale,Incrocio,Incidente tra veicoli,1,0
2020,Bari,Altamura,Nell'Abitato,Strada Urbana,Incrocio,Incidente tra veicoli,1,0
2020,Bari,Casamassima,Nell'Abitato,Strada Urbana,Incrocio,Incidente tra veicoli,3,0
2020,Bari,Casamassima,Nell'Abitato,Strada Urbana,Rettilineo,Incidente tra veicoli,1,0
2020,Bari,Ruvo di Puglia,Nell'Abitato,Strada Urbana,Rettilineo,Investimento di pedone,1,0
2020,Bari,Polignano a Mare,Nell'Abitato,Strada Urbana,Incrocio,Incidente tra veicoli,1,0
2020,Bari,Gioia del Colle,Nell'Abitato,Strada Urbana,Rettilineo,Incidente tra veicoli,1,0
2020,Bari,Bitritto,Nell'Abitato,Strada Urbana,Incrocio,Incidente tra veicoli,2,0
2020,Bari,Bitritto,Nell'Abitato,Strada Urbana,Incrocio,Incidente tra veicoli,1,0
2020,Bari,Altamura,Fuori Abitato,Strada Provinciale,Incrocio,Incidente tra veicoli,1,0
2020,Bari,Capurso,Nell'Abitato,Strada Urbana,Incrocio,Incidente tra veicoli,1,0
2020,Bari,Gravina in Puglia,Fuori Abitato,Strada Statale,Rettilineo,Incidente a veicolo isolato,1,0
2020,Bari,Casamassima,Fuori Abitato,Strada Statale,Rettilineo,Incidente tra veicoli,1,0
2020,Bari,Bitritto,Nell'Abitato,Strada Urbana,Incrocio,Incidente tra veicoli,2,0
2020,Bari,Santeramo in Colle,Nell'Abitato,Strada Urbana,Incrocio,Incidente tra veicoli,1,0
2020,Bari,Bitonto,Nell'Abitato,Strada Urbana,Curva,Incidente a veicolo isolato,2,0
2020,Bari,Bitonto,Nell'Abitato,Strada Urbana,Rettilineo,Incidente tra veicoli,2,0
2020,Bari,Altamura,Nell'Abitato,Strada Urbana,Incrocio,Incidente tra veicoli,2,0
2020,Bari,Monopoli,Nell'Abitato,Strada Urbana,Incrocio,Incidente tra veicoli,1,0
2020,Bari,Bitonto,Fuori Abitato,Strada Provinciale,Incrocio,Incidente tra veicoli,2,0
2020,Bari,Casamassima,Nell'Abitato,Strada Urbana,Incrocio,Incidente tra veicoli,1,0
2020,Bari,Polignano a Mare,Nell'Abitato,Strada Urbana,Rettilineo,Investimento di pedone,1,0
2020,Bari,Altamura,Fuori Abitato,Strada Provinciale,Incrocio,Incidente tra veicoli,1,0
2020,Bari,Altamura,Nell'Abitato,Strada Urbana,Curva,Incidente tra veicoli,2,0
2020,Bari,Altamura,Nell'Abitato,Strada Urbana,Incrocio,Incidente tra veicoli,1,0
2020,Bari,Ruvo di Puglia,Nell'Abitato,Strada Urbana,Incrocio,Incidente tra veicoli,1,0
2020,Bari,Bitritto,Nell'Abitato,Strada Urbana,Incrocio,Incidente tra veicoli,1,0
2020,Bari,Altamura,Nell'Abitato,Strada Urbana,Incrocio,Incidente tra veicoli,1,0
2020,Bari,Bitritto,Nell'Abitato,Strada Urbana,Incrocio,Incidente tra veicoli,3,0
2020,Bari,Ruvo di Puglia,Nell'Abitato,Strada Urbana,Incrocio,Incidente tra veicoli,2,0
2020,Bari,Altamura,Nell'Abitato,Strada Urbana,Rettilineo,Investimento di pedone,1,0
2020,Bari,Putignano,Nell'Abitato,Strada Urbana,Rettilineo,Incidente tra veicoli,1,0
2020,Bari,Terlizzi,Fuori Abitato,Strada comunale extraurbana,Incrocio,Incidente tra veicoli,2,0
2020,Bari,Terlizzi,Nell'Abitato,Strada Urbana,Rettilineo,Investimento di pedone,1,0
2020,Bari,Casamassima,Nell'Abitato,Strada Urbana,Rettilineo,Investimento di pedone,1,0
2020,Bari,Casamassima,Nell'Abitato,Strada Provinciale,Incrocio,Incidente tra veicoli,1,0
2020,Bari,Gravina in Puglia,Fuori Abitato,Strada Provinciale,Incrocio,Incidente tra veicoli,2,0
2020,Bari,Ruvo di Puglia,Fuori Abitato,Strada Provinciale,Curva,Incidente tra veicoli,2,0
2020,Bari,Rutigliano,Nell'Abitato,Strada Urbana,Rettilineo,Incidente tra veicoli,1,0
2020,Bari,Casamassima,Fuori Abitato,Strada Provinciale,Curva,Incidente a veicolo isolato,1,1
2020,Bari,Putignano,Nell'Abitato,Strada Urbana,Rettilineo,Incidente tra veicoli,1,0
2020,Bari,Gravina in Puglia,Nell'Abitato,Strada Urbana,Rettilineo,Incidente a veicolo isolato,2,0
2020,Bari,Bari,Nell'Abitato,Strada Urbana,Incrocio,Incidente tra veicoli,1,0
2020,Bari,Bari,Fuori Abitato,Strada Statale,Curva,Incidente tra veicoli,2,0
2020,Bari,Bari,Nell'Abitato,Strada Urbana,Rettilineo,Incidente tra veicoli,1,0
2020,Bari,Bari,Nell'Abitato,Strada Urbana,Rettilineo,Incidente a veicolo isolato,1,0
2020,Bari,Bari,Nell'Abitato,Strada Urbana,Rettilineo,Incidente tra veicoli,1,0
2020,Bari,Bari,Nell'Abitato,Strada Urbana,Incrocio,Incidente tra veicoli,2,0
2020,Bari,Bari,Nell'Abitato,Strada Urbana,Incrocio,Incidente tra veicoli,1,0
2020,Bari,Bari,Nell'Abitato,Strada Urbana,Rettilineo,Incidente tra veicoli,2,0
2020,Bari,Bari,Nell'Abitato,Strada Urbana,Rettilineo,Investimento di pedone,1,0
2020,Bari,Bari,Nell'Abitato,Strada Urbana,Incrocio,Incidente tra veicoli,1,0
2020,Bari,Bari,Nell'Abitato,Strada Urbana,Incrocio,Investimento di pedone,1,0
2020,Bari,Bari,Nell'Abitato,Strada Urbana,Incrocio,Incidente a veicolo isolato,1,0
2020,Bari,Bari,Nell'Abitato,Strada Urbana,Rettilineo,Incidente tra veicoli,1,0
2020,Bari,Bari,Nell'Abitato,Strada Urbana,Rettilineo,Incidente a veicolo isolato,1,0
2020,Bari,Bari,Nell'Abitato,Strada Urbana,Rettilineo,Incidente tra veicoli,1,0
2020,Bari,Bari,Nell'Abitato,Strada Urbana,Incrocio,Incidente tra veicoli,1,0
2020,Bari,Bari,Nell'Abitato,Strada Urbana,Incrocio,Incidente tra veicoli,4,0
2020,Bari,Gioia del Colle,Fuori Abitato,Strada Provinciale,Rettilineo,Incidente tra veicoli,1,0
2020,Bari,Turi,Fuori Abitato,Strada Provinciale,Curva,Incidente tra veicoli,2,0
2020,Bari,Altamura,Fuori Abitato,Strada Provinciale,Rettilineo,Incidente a veicolo isolato,2,0
2020,Bari,Polignano a Mare,Fuori Abitato,Strada Provinciale,Curva,Incidente tra veicoli,1,0
2020,Bari,Polignano a Mare,Fuori Abitato,Strada Provinciale,Curva,Incidente tra veicoli,2,0
2020,Bari,Ruvo di Puglia,Fuori Abitato,Strada Provinciale,Rettilineo,Incidente tra veicoli,1,0
2020,Bari,Santeramo in Colle,Fuori Abitato,Strada Provinciale,Rettilineo,Incidente a veicolo isolato,2,0
2020,Bari,Gioia del Colle,Fuori Abitato,Strada Statale,Rettilineo,Incidente tra veicoli,3,0
2020,Bari,Altamura,Fuori Abitato,Strada Provinciale,Rettilineo,Incidente tra veicoli,2,0
2020,Bari,Altamura,Fuori Abitato,Strada Statale,Rettilineo,Incidente tra veicoli,1,0
2020,Bari,Bari,Nell'Abitato,Strada Urbana,Rettilineo,Investimento di pedone,1,0
2020,Bari,Bari,Nell'Abitato,Strada Urbana,Incrocio,Incidente tra veicoli,2,0
2020,Bari,Bari,Nell'Abitato,Strada Urbana,Incrocio,Incidente tra veicoli,1,0
2020,Bari,Bari,Nell'Abitato,Strada Urbana,Rettilineo,Incidente tra veicoli,1,0
2020,Bari,Bari,Nell'Abitato,Strada Urbana,Rettilineo,Investimento di pedone,1,0
2020,Bari,Bari,Nell'Abitato,Strada Urbana,Curva,Incidente a veicolo isolato,2,0
2020,Bari,Bari,Nell'Abitato,Strada Urbana,Rettilineo,Incidente tra veicoli,1,0
2020,Bari,Bari,Nell'Abitato,Strada Urbana,Incrocio,Incidente tra veicoli,1,0
2020,Bari,Bari,Nell'Abitato,Strada Urbana,Incrocio,Incidente a veicolo isolato,1,0
2020,Bari,Bari,Nell'Abitato,Strada Urbana,Rettilineo,Incidente tra veicoli,1,0
2020,Bari,Bari,Nell'Abitato,Strada Urbana,Incrocio,Incidente tra veicoli,1,0
2020,Bari,Bari,Nell'Abitato,Strada Urbana,Rettilineo,Incidente tra veicoli,1,0
2020,Bari,Bari,Nell'Abitato,Strada Provinciale,Curva,Incidente tra veicoli,2,0
2020,Bari,Bari,Nell'Abitato,Strada Urbana,Rettilineo,Investimento di pedone,1,0
2020,Bari,Bari,Nell'Abitato,Strada Urbana,Rettilineo,Investimento di pedone,1,0
2020,Bari,Bari,Nell'Abitato,Strada Urbana,Incrocio,Incidente tra veicoli,1,0
2020,Bari,Bari,Nell'Abitato,Strada Urbana,Incrocio,Investimento di pedone,1,0
2020,Bari,Bari,Nell'Abitato,Strada Urbana,Rettilineo,Investimento di pedone,1,0
2020,Bari,Bari,Nell'Abitato,Strada Urbana,Incrocio,Incidente tra veicoli,2,0
2020,Bari,Bari,Nell'Abitato,Strada Urbana,Rettilineo,Incidente a veicolo isolato,1,0
2020,Bari,Bari,Fuori Abitato,Strada Provinciale,Curva,Incidente a veicolo isolato,1,0
2020,Bari,Bari,Nell'Abitato,Strada Urbana,Rettilineo,Investimento di pedone,2,0
2020,Bari,Bari,Nell'Abitato,Strada Urbana,Rettilineo,Investimento di pedone,1,0
2020,Bari,Bari,Nell'Abitato,Strada Urbana,Rettilineo,Investimento di pedone,1,0
2020,Bari,Bari,Nell'Abitato,Strada Urbana,Incrocio,Investimento di pedone,1,0
2020,Bari,Bari,Nell'Abitato,Strada Urbana,Rettilineo,Investimento di pedone,1,0
2020,Bari,Bari,Nell'Abitato,Strada Urbana,Curva,Incidente a veicolo isolato,3,0
2020,Bari,Capurso,Fuori Abitato,Strada comunale extraurbana,Rettilineo,Incidente tra veicoli,1,0
2020,Bari,Capurso,Fuori Abitato,Strada Provinciale,Rettilineo,Incidente a veicolo isolato,1,0
2020,Bari,Triggiano,Fuori Abitato,Strada Provinciale,Rettilineo,Incidente a veicolo isolato,1,0
2020,Bari,Corato,Nell'Abitato,Strada Urbana,Incrocio,Incidente tra veicoli,1,0
2020,Bari,Santeramo in Colle,Nell'Abitato,Strada Urbana,Incrocio,Investimento di pedone,1,0
2020,Bari,Noci,Fuori Abitato,Strada Provinciale,Curva,Incidente tra veicoli,1,0
2020,Bari,Molfetta,Nell'Abitato,Strada Urbana,Rettilineo,Investimento di pedone,1,0
2020,Bari,Conversano,Nell'Abitato,Strada Urbana,Rettilineo,Investimento di pedone,1,0
2020,Bari,Molfetta,Nell'Abitato,Strada Urbana,Incrocio,Investimento di pedone,1,0
2020,Bari,Bari,Nell'Abitato,Strada Urbana,Incrocio,Incidente tra veicoli,4,0
2020,Bari,Bari,Nell'Abitato,Strada Urbana,Curva,Incidente tra veicoli,1,0
2020,Bari,Bari,Nell'Abitato,Strada Urbana,Rettilineo,Incidente tra veicoli,2,0
2020,Bari,Bari,Nell'Abitato,Strada Urbana,Incrocio,Incidente tra veicoli,1,0
2020,Bari,Bari,Nell'Abitato,Strada Urbana,Rettilineo,Incidente tra veicoli,2,0
2020,Bari,Bari,Nell'Abitato,Strada Urbana,Incrocio,Incidente tra veicoli,1,0
2020,Bari,Bari,Nell'Abitato,Strada Urbana,Incrocio,Incidente tra veicoli,1,0
2020,Bari,Bari,Nell'Abitato,Strada Urbana,Incrocio,Incidente tra veicoli,1,0
2020,Bari,Bari,Nell'Abitato,Strada Urbana,Incrocio,Incidente tra veicoli,2,0
2020,Bari,Bari,Nell'Abitato,Strada Urbana,Incrocio,Incidente tra veicoli,2,0
2020,Bari,Bari,Nell'Abitato,Strada Urbana,Rettilineo,Incidente tra veicoli,2,0
2020,Bari,Bari,Nell'Abitato,Strada Urbana,Rettilineo,Incidente tra veicoli,1,0
2020,Bari,Bari,Nell'Abitato,Strada Urbana,Incrocio,Incidente tra veicoli,1,0
2020,Bari,Bari,Nell'Abitato,Strada Urbana,Rettilineo,Incidente tra veicoli,2,0
2020,Bari,Bari,Nell'Abitato,Strada Urbana,Rettilineo,Incidente tra veicoli,2,0
2020,Bari,Bari,Nell'Abitato,Strada Urbana,Incrocio,Incidente tra veicoli,1,0
2020,Bari,Bari,Nell'Abitato,Strada Urbana,Incrocio,Incidente tra veicoli,4,0
2020,Bari,Bari,Nell'Abitato,Strada Urbana,Incrocio,Incidente tra veicoli,1,0
2020,Bari,Bari,Nell'Abitato,Strada Urbana,Curva,Incidente tra veicoli,1,0
2020,Bari,Bari,Nell'Abitato,Strada Urbana,Rotatoria,Incidente tra veicoli,1,0
2020,Bari,Bari,Nell'Abitato,Strada Urbana,Incrocio,Incidente tra veicoli,2,0
2020,Bari,Bari,Nell'Abitato,Strada Urbana,Rettilineo,Incidente tra veicoli,2,0
2020,Bari,Bari,Nell'Abitato,Strada Urbana,Rettilineo,Incidente tra veicoli,1,0
2020,Bari,Bari,Nell'Abitato,Strada Urbana,Incrocio,Incidente tra veicoli,3,0
2020,Bari,Bari,Nell'Abitato,Strada Urbana,Incrocio,Incidente tra veicoli,2,0
2020,Bari,Bari,Nell'Abitato,Strada Urbana,Rettilineo,Incidente tra veicoli,1,0
2020,Bari,Bari,Nell'Abitato,Strada Urbana,Rettilineo,Incidente tra veicoli,1,0
2020,Bari,Bari,Nell'Abitato,Strada Urbana,Rettilineo,Incidente tra veicoli,1,0
2020,Bari,Bari,Nell'Abitato,Strada Urbana,Rettilineo,Incidente tra veicoli,1,0
2020,Bari,Bari,Nell'Abitato,Strada Urbana,Incrocio,Incidente tra veicoli,2,0
2020,Bari,Bari,Nell'Abitato,Strada Urbana,Rettilineo,Incidente tra veicoli,1,0
2020,Bari,Bari,Nell'Abitato,Strada Urbana,Incrocio,Incidente tra veicoli,2,0
2020,Bari,Bari,Nell'Abitato,Strada Urbana,Rettilineo,Incidente tra veicoli,1,0
2020,Bari,Bari,Nell'Abitato,Strada Urbana,Rettilineo,Incidente tra veicoli,2,0
2020,Bari,Bari,Nell'Abitato,Strada Urbana,Rettilineo,Incidente tra veicoli,1,0
2020,Bari,Bari,Nell'Abitato,Strada Urbana,Rettilineo,Incidente tra veicoli,1,0
2020,Bari,Bari,Nell'Abitato,Strada Urbana,Rettilineo,Incidente tra veicoli,4,0
2020,Bari,Bari,Nell'Abitato,Strada Urbana,Rettilineo,Incidente tra veicoli,1,0
2020,Bari,Bari,Nell'Abitato,Strada Urbana,Incrocio,Incidente tra veicoli,1,0
2020,Bari,Bari,Nell'Abitato,Strada Urbana,Incrocio,Incidente tra veicoli,2,0
2020,Bari,Bari,Nell'Abitato,Strada Urbana,Incrocio,Incidente tra veicoli,1,0
2020,Bari,Bari,Nell'Abitato,Strada Urbana,Rettilineo,Incidente tra veicoli,2,0
2020,Bari,Bari,Nell'Abitato,Strada Urbana,Rettilineo,Incidente tra veicoli,1,0
2020,Bari,Bari,Nell'Abitato,Strada Urbana,Rettilineo,Incidente tra veicoli,1,0
2020,Bari,Bari,Nell'Abitato,Strada Urbana,Rettilineo,Incidente tra veicoli,2,0
2020,Bari,Bari,Nell'Abitato,Strada Urbana,Incrocio,Incidente tra veicoli,2,0
2020,Bari,Bari,Nell'Abitato,Strada Urbana,Rettilineo,Incidente tra veicoli,1,0
2020,Bari,Capurso,Nell'Abitato,Strada Urbana,Incrocio,Incidente tra veicoli,2,0
2020,Bari,Locorotondo,Fuori Abitato,Strada Statale,Rettilineo,Incidente tra veicoli,1,0
2020,Bari,Noci,Nell'Abitato,Strada Urbana,Rettilineo,Incidente tra veicoli,1,0
2020,Bari,Giovinazzo,Nell'Abitato,Strada Urbana,Incrocio,Incidente tra veicoli,2,0
2020,Bari,Molfetta,Nell'Abitato,Strada Urbana,Incrocio,Incidente tra veicoli,2,0
2020,Bari,Adelfia,Fuori Abitato,Strada Provinciale,Curva,Incidente tra veicoli,3,0
2020,Bari,Capurso,Fuori Abitato,Strada comunale extraurbana,Incrocio,Incidente tra veicoli,2,0
2020,Bari,Corato,Nell'Abitato,Strada Urbana,Incrocio,Incidente tra veicoli,2,0
2020,Bari,Mola di Bari,Nell'Abitato,Strada Urbana,Rettilineo,Incidente tra veicoli,1,0
2020,Bari,Corato,Fuori Abitato,Strada comunale extraurbana,Incrocio,Incidente tra veicoli,1,0
2020,Bari,Palo del Colle,Nell'Abitato,Strada Urbana,Incrocio,Incidente tra veicoli,1,0
2020,Bari,Molfetta,Nell'Abitato,Strada Urbana,Rettilineo,Incidente tra veicoli,2,0
2020,Bari,Corato,Fuori Abitato,Strada Provinciale,Rettilineo,Incidente tra veicoli,5,0
2020,Bari,Corato,Fuori Abitato,Strada comunale extraurbana,Rettilineo,Incidente tra veicoli,1,0
2020,Bari,Molfetta,Nell'Abitato,Strada Urbana,Rettilineo,Incidente tra veicoli,1,0
2020,Bari,Cassano delle Murge,Nell'Abitato,Strada Urbana,Incrocio,Incidente tra veicoli,2,0
2020,Bari,Palo del Colle,Nell'Abitato,Strada Urbana,Incrocio,Incidente tra veicoli,2,0
2020,Bari,Conversano,Nell'Abitato,Strada Urbana,Incrocio,Incidente tra veicoli,1,0
2020,Bari,Palo del Colle,Nell'Abitato,Strada Urbana,Incrocio,Incidente tra veicoli,9,0
2020,Bari,Noci,Fuori Abitato,Strada Provinciale,Incrocio,Incidente tra veicoli,3,0
2020,Bari,Locorotondo,Nell'Abitato,Strada Urbana,Rettilineo,Incidente tra veicoli,4,0
2020,Bari,Giovinazzo,Nell'Abitato,Strada Urbana,Incrocio,Incidente tra veicoli,1,0
2020,Bari,Noci,Nell'Abitato,Strada Urbana,Incrocio,Incidente tra veicoli,2,0
2020,Bari,Toritto,Fuori Abitato,Strada Provinciale,Rettilineo,Incidente tra veicoli,1,0
2020,Bari,Triggiano,Nell'Abitato,Strada Urbana,Incrocio,Incidente tra veicoli,1,0
2020,Bari,Triggiano,Nell'Abitato,Strada Urbana,Incrocio,Incidente tra veicoli,2,0
2020,Bari,Sannicandro di Bari,Nell'Abitato,Strada Urbana,Incrocio,Incidente tra veicoli,2,0
2020,Bari,Valenzano,Nell'Abitato,Strada Provinciale,Rettilineo,Incidente tra veicoli,2,0
2020,Bari,Altamura,Nell'Abitato,Strada Urbana,Incrocio,Incidente tra veicoli,3,0
2020,Bari,Mola di Bari,Fuori Abitato,Strada comunale extraurbana,Incrocio,Incidente tra veicoli,1,0
2020,Bari,Valenzano,Nell'Abitato,Strada Urbana,Incrocio,Incidente tra veicoli,2,0
2020,Bari,Molfetta,Nell'Abitato,Strada Urbana,Incrocio,Incidente tra veicoli,1,0
2020,Bari,Cassano delle Murge,Fuori Abitato,Strada Provinciale,Rettilineo,Incidente tra veicoli,1,0
2020,Bari,Bari,Nell'Abitato,Strada Urbana,Incrocio,Incidente tra veicoli,4,0
2020,Bari,Bari,Nell'Abitato,Strada Urbana,Rettilineo,Incidente tra veicoli,3,0
2020,Bari,Bari,Nell'Abitato,Strada Urbana,Incrocio,Incidente tra veicoli,4,0
2020,Bari,Bari,Nell'Abitato,Strada Urbana,Rettilineo,Incidente tra veicoli,1,0
2020,Bari,Bari,Nell'Abitato,Strada Urbana,Incrocio,Incidente tra veicoli,3,0
2020,Bari,Bari,Nell'Abitato,Strada Urbana,Rettilineo,Incidente tra veicoli,1,0
2020,Bari,Conversano,Fuori Abitato,Strada Provinciale,Rettilineo,Incidente tra veicoli,3,0
2020,Bari,Molfetta,Nell'Abitato,Strada Urbana,Incrocio,Incidente tra veicoli,1,0
2020,Bari,Modugno,Nell'Abitato,Strada Urbana,Incrocio,Incidente tra veicoli,3,0
2020,Bari,Capurso,Nell'Abitato,Strada Urbana,Incrocio,Incidente tra veicoli,1,0
2020,Bari,Modugno,Nell'Abitato,Strada Urbana,Incrocio,Incidente tra veicoli,2,0
2020,Bari,Locorotondo,Fuori Abitato,Strada Statale,Rettilineo,Incidente tra veicoli,1,0
2020,Bari,Bari,Fuori Abitato,Strada Statale,Rettilineo,Incidente a veicolo isolato,1,0
2020,Bari,Capurso,Fuori Abitato,Strada Statale,Rettilineo,Incidente tra veicoli,1,0
2020,Bari,Molfetta,Fuori Abitato,Autostrada,Rettilineo,Incidente a veicolo isolato,1,0
2020,Bari,Bari,Fuori Abitato,Strada Statale,Curva,Incidente a veicolo isolato,1,0
2020,Bari,Bari,Fuori Abitato,Strada Statale,Curva,Incidente tra veicoli,1,0
2020,Bari,Monopoli,Fuori Abitato,Strada Provinciale,Rettilineo,Incidente a veicolo isolato,2,0
2020,Bari,Locorotondo,Nell'Abitato,Strada Urbana,Rettilineo,Investimento di pedone,1,0
2020,Bari,Modugno,Fuori Abitato,Strada Provinciale,Curva,Incidente a veicolo isolato,1,0
2020,Bari,Corato,Nell'Abitato,Strada Urbana,Incrocio,Incidente tra veicoli,3,0
2020,Bari,Altamura,Nell'Abitato,Strada Urbana,Incrocio,Incidente tra veicoli,1,0
2020,Bari,Gioia del Colle,Fuori Abitato,Strada Provinciale,Rettilineo,Incidente tra veicoli,1,0
2020,Bari,Putignano,Fuori Abitato,Strada Provinciale,Rettilineo,Incidente tra veicoli,6,1
2020,Bari,Turi,Nell'Abitato,Strada Urbana,Rettilineo,Investimento di pedone,1,0
2020,Bari,Rutigliano,Nell'Abitato,Strada Urbana,Rettilineo,Investimento di pedone,1,0
2020,Bari,Conversano,Nell'Abitato,Strada Urbana,Incrocio,Incidente tra veicoli,2,0
2020,Bari,Acquaviva delle Fonti,Fuori Abitato,Strada Provinciale,Rotatoria,Incidente a veicolo isolato,1,0
2020,Bari,Bitonto,Nell'Abitato,Strada Urbana,Incrocio,Incidente tra veicoli,7,0
2020,Bari,Castellana Grotte,Nell'Abitato,Strada Urbana,Rettilineo,Incidente tra veicoli,1,0
2020,Bari,Gioia del Colle,Nell'Abitato,Strada Urbana,Rettilineo,Incidente tra veicoli,1,0
2020,Bari,Altamura,Nell'Abitato,Strada Urbana,Incrocio,Incidente tra veicoli,2,0
2020,Bari,Corato,Fuori Abitato,Strada comunale extraurbana,Rettilineo,Incidente tra veicoli,1,0
2020,Bari,Polignano a Mare,Fuori Abitato,Strada Provinciale,Curva,Incidente a veicolo isolato,1,0
2020,Bari,Casamassima,Fuori Abitato,Strada Provinciale,Curva,Incidente a veicolo isolato,1,0
2020,Bari,Casamassima,Fuori Abitato,Strada Statale,Rettilineo,Incidente a veicolo isolato,2,0
2020,Bari,Gioia del Colle,Nell'Abitato,Strada Urbana,Rotatoria,Incidente a veicolo isolato,1,0
2020,Bari,Monopoli,Fuori Abitato,Altra strada,Rettilineo,Investimento di pedone,1,0
2020,Bari,Turi,Fuori Abitato,Strada Statale,Curva,Incidente a veicolo isolato,1,0
2020,Bari,Bitonto,Nell'Abitato,Strada Urbana,Incrocio,Incidente tra veicoli,1,0
2020,Bari,Bitonto,Nell'Abitato,Strada Urbana,Incrocio,Incidente tra veicoli,1,0
2020,Bari,Bari,Nell'Abitato,Strada Urbana,Rettilineo,Incidente tra veicoli,1,0
2020,Bari,Bari,Fuori Abitato,Strada comunale extraurbana,Curva,Incidente a veicolo isolato,2,0
2020,Bari,Bari,Nell'Abitato,Strada Urbana,Incrocio,Incidente tra veicoli,1,0
2020,Bari,Bari,Nell'Abitato,Strada Urbana,Curva,Incidente a veicolo isolato,1,0
2020,Bari,Bari,Nell'Abitato,Strada Urbana,Incrocio,Incidente tra veicoli,1,0
2020,Bari,Bari,Nell'Abitato,Strada Urbana,Rettilineo,Investimento di pedone,1,0
2020,Bari,Bari,Nell'Abitato,Strada Urbana,Rettilineo,Incidente tra veicoli,2,0
2020,Bari,Bari,Fuori Abitato,Strada Statale,Curva,Incidente a veicolo isolato,1,0
2020,Bari,Bari,Fuori Abitato,Strada comunale extraurbana,Incrocio,Incidente tra veicoli,1,0
2020,Bari,Bari,Nell'Abitato,Strada Urbana,Rettilineo,Investimento di pedone,0,1
2020,Bari,Bari,Nell'Abitato,Strada Urbana,Incrocio,Incidente tra veicoli,1,0
2020,Bari,Bari,Nell'Abitato,Strada Urbana,Rettilineo,Incidente a veicolo isolato,1,0
2020,Bari,Bari,Nell'Abitato,Strada Urbana,Rettilineo,Incidente tra veicoli,1,0
2020,Bari,Bari,Nell'Abitato,Strada Urbana,Rettilineo,Incidente tra veicoli,1,0
2020,Bari,Altamura,Fuori Abitato,Strada Provinciale,Rettilineo,Incidente tra veicoli,2,0
2020,Bari,Gioia del Colle,Fuori Abitato,Strada Provinciale,Rettilineo,Incidente a veicolo isolato,1,0
2020,Bari,Santeramo in Colle,Fuori Abitato,Strada Provinciale,Curva,Incidente a veicolo isolato,1,0
2020,Bari,Castellana Grotte,Fuori Abitato,Strada Provinciale,Curva,Incidente tra veicoli,0,2
2020,Bari,Altamura,Fuori Abitato,Strada Provinciale,Rettilineo,Incidente a veicolo isolato,1,0
2020,Bari,Bari,Nell'Abitato,Strada Urbana,Curva,Incidente a veicolo isolato,1,0
2020,Bari,Bari,Nell'Abitato,Strada Urbana,Curva,Incidente tra veicoli,2,0
2020,Bari,Bari,Nell'Abitato,Strada Urbana,Incrocio,Incidente tra veicoli,1,0
2020,Bari,Bari,Nell'Abitato,Strada Urbana,Rettilineo,Incidente a veicolo isolato,2,0
2020,Bari,Bari,Fuori Abitato,Strada Provinciale,Rotatoria,Incidente a veicolo isolato,1,0
2020,Bari,Molfetta,Nell'Abitato,Strada Urbana,Incrocio,Incidente a veicolo isolato,3,0
2020,Bari,Giovinazzo,Fuori Abitato,Strada Provinciale,Curva,Incidente a veicolo isolato,1,0
2020,Bari,Noci,Fuori Abitato,Strada Provinciale,Rettilineo,Incidente a veicolo isolato,1,0
2020,Bari,Molfetta,Fuori Abitato,Strada Provinciale,Incrocio,Incidente a veicolo isolato,1,0
2020,Bari,Bari,Nell'Abitato,Strada Urbana,Incrocio,Incidente tra veicoli,1,0
2020,Bari,Bari,Nell'Abitato,Strada Urbana,Rettilineo,Incidente tra veicoli,1,0
2020,Bari,Bari,Nell'Abitato,Strada Urbana,Rettilineo,Incidente tra veicoli,1,0
2020,Bari,Bari,Nell'Abitato,Strada Urbana,Incrocio,Incidente tra veicoli,1,0
2020,Bari,Bari,Nell'Abitato,Strada Urbana,Incrocio,Incidente tra veicoli,2,0
2020,Bari,Bari,Nell'Abitato,Strada Urbana,Incrocio,Incidente tra veicoli,1,0
2020,Bari,Bari,Nell'Abitato,Strada Urbana,Rettilineo,Incidente tra veicoli,2,0
2020,Bari,Bari,Nell'Abitato,Strada Urbana,Incrocio,Incidente tra veicoli,2,0
2020,Bari,Bari,Nell'Abitato,Strada Urbana,Incrocio,Incidente tra veicoli,4,0
2020,Bari,Bari,Nell'Abitato,Strada Urbana,Incrocio,Incidente tra veicoli,1,0
2020,Bari,Bari,Nell'Abitato,Strada Urbana,Incrocio,Incidente tra veicoli,2,0
2020,Bari,Bari,Nell'Abitato,Strada Urbana,Incrocio,Incidente tra veicoli,3,0
2020,Bari,Bari,Nell'Abitato,Strada Urbana,Rettilineo,Incidente tra veicoli,1,0
2020,Bari,Bari,Nell'Abitato,Strada Urbana,Rettilineo,Incidente tra veicoli,1,0
2020,Bari,Valenzano,Nell'Abitato,Strada Urbana,Incrocio,Incidente tra veicoli,1,0
2020,Bari,Valenzano,Fuori Abitato,Strada Provinciale,Rettilineo,Incidente tra veicoli,2,0
2020,Bari,Adelfia,Nell'Abitato,Strada Urbana,Incrocio,Incidente tra veicoli,1,0
2020,Bari,Noicattaro,Nell'Abitato,Strada Urbana,Rettilineo,Incidente tra veicoli,2,0
2020,Bari,Adelfia,Nell'Abitato,Strada Urbana,Incrocio,Incidente tra veicoli,1,0
2020,Bari,Giovinazzo,Nell'Abitato,Strada Urbana,Incrocio,Incidente tra veicoli,2,0
2020,Bari,Conversano,Nell'Abitato,Strada Urbana,Incrocio,Incidente tra veicoli,4,0
2020,Bari,Conversano,Nell'Abitato,Strada Urbana,Incrocio,Incidente tra veicoli,1,0
2020,Bari,Corato,Fuori Abitato,Strada comunale extraurbana,Incrocio,Incidente tra veicoli,2,0
2020,Bari,Triggiano,Fuori Abitato,Strada Provinciale,Rettilineo,Incidente tra veicoli,1,0
2020,Bari,Bari,Nell'Abitato,Strada Urbana,Incrocio,Incidente tra veicoli,3,0
2020,Bari,Bari,Nell'Abitato,Strada Urbana,Rettilineo,Incidente tra veicoli,1,0
2020,Bari,Modugno,Nell'Abitato,Strada Urbana,Rettilineo,Incidente tra veicoli,2,0
2020,Bari,Rutigliano,Fuori Abitato,Strada Provinciale,Rettilineo,Incidente tra veicoli,1,0
2020,Bari,Bari,Fuori Abitato,Strada Statale,Rettilineo,Incidente tra veicoli,2,0
2020,Bari,Bari,Fuori Abitato,Strada Statale,Curva,Incidente a veicolo isolato,1,0
2020,Bari,Bari,Fuori Abitato,Strada Statale,Rettilineo,Incidente tra veicoli,1,0
2020,Bari,Conversano,Nell'Abitato,Strada Urbana,Incrocio,Incidente tra veicoli,1,0
2020,Bari,Modugno,Nell'Abitato,Strada Urbana,Incrocio,Incidente tra veicoli,1,0
2020,Bari,Gravina in Puglia,Fuori Abitato,Strada Provinciale,Rettilineo,Incidente a veicolo isolato,1,0
2020,Bari,Acquaviva delle Fonti,Fuori Abitato,Strada Provinciale,Rettilineo,Incidente a veicolo isolato,1,0
2020,Bari,Molfetta,Nell'Abitato,Strada Urbana,Incrocio,Incidente tra veicoli,2,0
2020,Bari,Monopoli,Nell'Abitato,Strada Urbana,Incrocio,Incidente tra veicoli,2,0
2020,Bari,Rutigliano,Nell'Abitato,Strada Urbana,Incrocio,Incidente tra veicoli,1,0
2020,Bari,Casamassima,Nell'Abitato,Strada Urbana,Incrocio,Incidente tra veicoli,1,0
2020,Bari,Putignano,Fuori Abitato,Strada Provinciale,Rotatoria,Incidente a veicolo isolato,1,0
2020,Bari,Bitonto,Nell'Abitato,Strada Urbana,Incrocio,Incidente tra veicoli,1,0
2020,Bari,Molfetta,Fuori Abitato,Strada comunale extraurbana,Rettilineo,Incidente a veicolo isolato,1,0
2020,Bari,Bari,Nell'Abitato,Strada Urbana,Rettilineo,Investimento di pedone,1,0
2020,Bari,Bari,Fuori Abitato,Strada Provinciale,Rettilineo,Incidente a veicolo isolato,1,0
2020,Bari,Bari,Nell'Abitato,Strada Urbana,Rettilineo,Incidente tra veicoli,1,0
2020,Bari,Bari,Nell'Abitato,Strada Urbana,Incrocio,Incidente tra veicoli,1,0
2020,Bari,Bari,Nell'Abitato,Strada Urbana,Incrocio,Investimento di pedone,1,0
2020,Bari,Bari,Nell'Abitato,Strada Urbana,Incrocio,Incidente tra veicoli,2,0
2020,Bari,Bari,Nell'Abitato,Strada Urbana,Incrocio,Incidente tra veicoli,2,0
2020,Bari,Bari,Nell'Abitato,Strada Urbana,Incrocio,Incidente tra veicoli,1,0
2020,Bari,Altamura,Fuori Abitato,Strada Statale,Curva,Incidente tra veicoli,2,0
2020,Bari,Turi,Fuori Abitato,Strada Provinciale,Curva,Incidente a veicolo isolato,1,0
2020,Bari,Bari,Nell'Abitato,Strada Urbana,Rettilineo,Incidente a veicolo isolato,1,0
2020,Bari,Bitetto,Nell'Abitato,Strada Urbana,Rettilineo,Investimento di pedone,1,0
2020,Bari,Noicattaro,Nell'Abitato,Strada Urbana,Incrocio,Incidente a veicolo isolato,1,0
2020,Bari,Molfetta,Nell'Abitato,Strada Urbana,Incrocio,Incidente tra veicoli,1,0
2020,Bari,Bari,Nell'Abitato,Strada Urbana,Rotatoria,Incidente tra veicoli,1,0
2020,Bari,Bari,Nell'Abitato,Strada Urbana,Rettilineo,Incidente tra veicoli,1,0
2020,Bari,Bari,Nell'Abitato,Strada Urbana,Incrocio,Incidente tra veicoli,1,0
2020,Bari,Bari,Nell'Abitato,Strada Urbana,Incrocio,Incidente tra veicoli,1,0
2020,Bari,Bari,Nell'Abitato,Strada Urbana,Incrocio,Incidente tra veicoli,1,0
2020,Bari,Palo del Colle,Nell'Abitato,Strada Urbana,Incrocio,Incidente tra veicoli,2,0
2020,Bari,Modugno,Fuori Abitato,Strada comunale extraurbana,Incrocio,Incidente tra veicoli,1,0
2020,Bari,Triggiano,Nell'Abitato,Strada Urbana,Rettilineo,Incidente tra veicoli,1,0
2020,Bari,Conversano,Nell'Abitato,Strada Urbana,Incrocio,Incidente tra veicoli,1,0
2020,Bari,Adelfia,Nell'Abitato,Strada Urbana,Incrocio,Incidente tra veicoli,1,0
2020,Bari,Bitetto,Nell'Abitato,Strada Urbana,Incrocio,Incidente tra veicoli,2,0
2020,Bari,Corato,Fuori Abitato,Strada Provinciale,Rettilineo,Incidente tra veicoli,1,0
2020,Bari,Bari,Nell'Abitato,Strada Urbana,Rettilineo,Incidente tra veicoli,1,0
2020,Bari,Molfetta,Nell'Abitato,Strada Urbana,Incrocio,Incidente tra veicoli,2,0
2020,Bari,Bari,Fuori Abitato,Strada Statale,Curva,Incidente a veicolo isolato,1,1
2020,Bari,Casamassima,Fuori Abitato,Strada Statale,Rettilineo,Incidente tra veicoli,1,0
2020,Bari,Modugno,Nell'Abitato,Strada Statale,Rettilineo,Incidente tra veicoli,1,0
2020,Bari,Molfetta,Fuori Abitato,Autostrada,Rettilineo,Incidente tra veicoli,1,0
2020,Bari,Bari,Fuori Abitato,Strada Statale,Curva,Incidente tra veicoli,5,0
2020,Bari,Bari,Fuori Abitato,Strada Statale,Rettilineo,Incidente a veicolo isolato,1,0
2020,Bari,Bari,Fuori Abitato,Strada Statale,Rettilineo,Incidente tra veicoli,1,0
2020,Bari,Bari,Fuori Abitato,Strada Statale,Curva,Incidente tra veicoli,1,0
2020,Bari,Bari,Fuori Abitato,Strada Statale,Rettilineo,Incidente a veicolo isolato,1,0
2020,Bari,Bari,Fuori Abitato,Strada Statale,Rettilineo,Incidente tra veicoli,1,0
2020,Bari,Mola di Bari,Fuori Abitato,Strada Statale,Curva,Incidente tra veicoli,3,0
2020,Bari,Polignano a Mare,Fuori Abitato,Strada Statale,Rettilineo,Incidente a veicolo isolato,1,0
2020,Bari,Bari,Fuori Abitato,Strada Statale,Rettilineo,Incidente a veicolo isolato,1,0
2020,Bari,Bari,Fuori Abitato,Strada Statale,Rettilineo,Incidente a veicolo isolato,1,0
2020,Bari,Monopoli,Fuori Abitato,Strada Provinciale,Curva,Incidente a veicolo isolato,1,0
2020,Bari,Monopoli,Fuori Abitato,Strada Statale,Rettilineo,Incidente a veicolo isolato,1,0
2020,Bari,Bari,Fuori Abitato,Strada Statale,Rettilineo,Incidente tra veicoli,3,0
2020,Bari,Putignano,Fuori Abitato,Strada Provinciale,Incrocio,Incidente tra veicoli,3,0
2020,Bari,Putignano,Fuori Abitato,Strada Provinciale,Rettilineo,Incidente a veicolo isolato,1,0
2020,Bari,Acquaviva delle Fonti,Fuori Abitato,Strada Provinciale,Rettilineo,Incidente tra veicoli,2,0
2020,Bari,Bitritto,Fuori Abitato,Strada Provinciale,Rettilineo,Incidente a veicolo isolato,1,0
2020,Bari,Polignano a Mare,Fuori Abitato,Strada Provinciale,Rettilineo,Incidente a veicolo isolato,1,0
2020,Bari,Triggiano,Fuori Abitato,Strada Statale,Rettilineo,Incidente tra veicoli,1,0
2020,Bari,Conversano,Fuori Abitato,Strada Provinciale,Rettilineo,Incidente a veicolo isolato,2,0
2020,Bari,Polignano a Mare,Fuori Abitato,Strada comunale extraurbana,Rettilineo,Incidente a veicolo isolato,1,0
2020,Bari,Santeramo in Colle,Fuori Abitato,Strada Provinciale,Curva,Incidente a veicolo isolato,0,1
2020,Bari,Molfetta,Nell'Abitato,Strada Urbana,Incrocio,Incidente tra veicoli,4,0
2020,Bari,Conversano,Fuori Abitato,Strada Provinciale,Curva,Incidente a veicolo isolato,1,0
2020,Bari,Altamura,Fuori Abitato,Strada comunale extraurbana,Curva,Incidente a veicolo isolato,4,0
2020,Bari,Noci,Fuori Abitato,Strada comunale extraurbana,Rettilineo,Incidente tra veicoli,1,0
2020,Bari,Conversano,Nell'Abitato,Strada Urbana,Rettilineo,Incidente tra veicoli,1,0
2020,Bari,Mola di Bari,Fuori Abitato,Strada comunale extraurbana,Curva,Incidente tra veicoli,1,0
2020,Bari,Corato,Fuori Abitato,Strada Provinciale,Incrocio,Incidente tra veicoli,3,0
2020,Bari,Turi,Fuori Abitato,Strada Provinciale,Rettilineo,Incidente tra veicoli,1,0
2020,Bari,Casamassima,Nell'Abitato,Strada Urbana,Rettilineo,Incidente tra veicoli,2,0
2020,Bari,Altamura,Nell'Abitato,Strada Urbana,Incrocio,Incidente tra veicoli,1,0
2020,Bari,Mola di Bari,Nell'Abitato,Strada Urbana,Incrocio,Incidente tra veicoli,1,0
2020,Bari,Bitetto,Fuori Abitato,Strada Provinciale,Rettilineo,Incidente tra veicoli,2,0
2020,Bari,Gioia del Colle,Fuori Abitato,Strada Provinciale,Rettilineo,Incidente tra veicoli,2,0
2020,Bari,Adelfia,Nell'Abitato,Strada Urbana,Rettilineo,Incidente tra veicoli,2,0
2020,Bari,Casamassima,Nell'Abitato,Strada Urbana,Rotatoria,Investimento di pedone,1,0
2020,Bari,Casamassima,Nell'Abitato,Strada Urbana,Incrocio,Incidente tra veicoli,1,0
2020,Bari,Ruvo di Puglia,Nell'Abitato,Strada Urbana,Incrocio,Incidente tra veicoli,2,0
2020,Bari,Polignano a Mare,Nell'Abitato,Strada Urbana,Rettilineo,Incidente tra veicoli,1,0
2020,Bari,Polignano a Mare,Fuori Abitato,Strada comunale extraurbana,Curva,Incidente tra veicoli,3,0
2020,Bari,Turi,Nell'Abitato,Strada Urbana,Rettilineo,Incidente a veicolo isolato,1,0
2020,Bari,Ruvo di Puglia,Nell'Abitato,Strada Urbana,Incrocio,Incidente tra veicoli,1,0
2020,Bari,Altamura,Nell'Abitato,Strada Urbana,Rettilineo,Incidente tra veicoli,1,0
2020,Bari,Gravina in Puglia,Nell'Abitato,Strada Urbana,Rettilineo,Investimento di pedone,2,0
2020,Bari,Bitonto,Nell'Abitato,Strada Urbana,Incrocio,Incidente tra veicoli,2,0
2020,Bari,Putignano,Nell'Abitato,Strada Urbana,Incrocio,Investimento di pedone,1,0
2020,Bari,Molfetta,Nell'Abitato,Strada Urbana,Rettilineo,Investimento di pedone,1,0
2020,Bari,Acquaviva delle Fonti,Fuori Abitato,Strada Provinciale,Curva,Incidente a veicolo isolato,1,0
2020,Bari,Terlizzi,Fuori Abitato,Strada Provinciale,Rettilineo,Incidente tra veicoli,1,0
2020,Bari,Acquaviva delle Fonti,Nell'Abitato,Strada Urbana,Incrocio,Incidente tra veicoli,1,0
2020,Bari,Grumo Appula,Nell'Abitato,Strada Urbana,Incrocio,Investimento di pedone,1,0
2020,Bari,Gravina in Puglia,Fuori Abitato,Strada Provinciale,Incrocio,Incidente tra veicoli,1,0
2020,Bari,Altamura,Nell'Abitato,Strada Urbana,Rettilineo,Investimento di pedone,2,0
2020,Bari,Ruvo di Puglia,Fuori Abitato,Strada Provinciale,Curva,Incidente tra veicoli,1,0
2020,Bari,Polignano a Mare,Fuori Abitato,Strada comunale extraurbana,Curva,Incidente tra veicoli,1,0
2020,Bari,Castellana Grotte,Nell'Abitato,Strada Urbana,Incrocio,Incidente a veicolo isolato,1,0
2020,Bari,Monopoli,Nell'Abitato,Strada Urbana,Incrocio,Investimento di pedone,1,0
2020,Bari,Rutigliano,Nell'Abitato,Strada Urbana,Incrocio,Incidente tra veicoli,1,0
2020,Bari,Castellana Grotte,Nell'Abitato,Strada Urbana,Rettilineo,Incidente tra veicoli,1,0
2020,Bari,Terlizzi,Fuori Abitato,Strada Provinciale,Rettilineo,Incidente a veicolo isolato,1,0
2020,Bari,Monopoli,Nell'Abitato,Strada Urbana,Incrocio,Incidente tra veicoli,3,0
2020,Bari,Grumo Appula,Fuori Abitato,Strada comunale extraurbana,Rettilineo,Incidente a veicolo isolato,1,0
2020,Bari,Terlizzi,Fuori Abitato,Strada Provinciale,Rettilineo,Incidente a veicolo isolato,1,0
2020,Bari,Casamassima,Nell'Abitato,Strada Urbana,Incrocio,Incidente tra veicoli,2,0
2020,Bari,Locorotondo,Fuori Abitato,Strada Statale,Rettilineo,Incidente tra veicoli,2,0
2020,Bari,Acquaviva delle Fonti,Nell'Abitato,Strada Urbana,Incrocio,Incidente tra veicoli,1,0
2020,Bari,Putignano,Nell'Abitato,Strada Urbana,Rettilineo,Investimento di pedone,1,0
2020,Bari,Bitonto,Nell'Abitato,Strada Urbana,Incrocio,Incidente tra veicoli,1,0
2020,Bari,Altamura,Fuori Abitato,Strada Provinciale,Rettilineo,Incidente a veicolo isolato,2,0
2020,Bari,Monopoli,Nell'Abitato,Strada Urbana,Incrocio,Investimento di pedone,1,0
2020,Bari,Conversano,Nell'Abitato,Strada Urbana,Incrocio,Incidente tra veicoli,1,0
2020,Bari,Rutigliano,Nell'Abitato,Strada Urbana,Incrocio,Incidente tra veicoli,1,0
2020,Bari,Putignano,Fuori Abitato,Strada Statale,Rettilineo,Incidente tra veicoli,1,0
2020,Bari,Gravina in Puglia,Nell'Abitato,Strada Urbana,Incrocio,Incidente tra veicoli,3,0
2020,Bari,Bari,Nell'Abitato,Strada Urbana,Incrocio,Incidente tra veicoli,2,0
2020,Bari,Bari,Nell'Abitato,Strada Urbana,Rettilineo,Investimento di pedone,1,0
2020,Bari,Bari,Nell'Abitato,Strada Urbana,Incrocio,Incidente tra veicoli,1,0
2020,Bari,Bari,Nell'Abitato,Strada Urbana,Rettilineo,Incidente tra veicoli,2,0
2020,Bari,Bari,Nell'Abitato,Strada Urbana,Rettilineo,Incidente tra veicoli,1,0
2020,Bari,Bari,Nell'Abitato,Strada Urbana,Rettilineo,Incidente tra veicoli,1,0
2020,Bari,Bari,Nell'Abitato,Strada Urbana,Rettilineo,Incidente tra veicoli,1,0
2020,Bari,Bari,Nell'Abitato,Strada Urbana,Incrocio,Investimento di pedone,1,0
2020,Bari,Bari,Nell'Abitato,Strada Urbana,Incrocio,Incidente tra veicoli,1,0
2020,Bari,Bari,Nell'Abitato,Strada Urbana,Incrocio,Incidente tra veicoli,1,0
2020,Bari,Bari,Nell'Abitato,Strada Urbana,Rettilineo,Incidente tra veicoli,1,0
2020,Bari,Bari,Nell'Abitato,Strada Urbana,Incrocio,Incidente tra veicoli,1,0
2020,Bari,Bitonto,Fuori Abitato,Strada Provinciale,Rettilineo,Incidente tra veicoli,1,0
2020,Bari,Turi,Fuori Abitato,Strada Statale,Rettilineo,Incidente tra veicoli,2,0
2020,Bari,Altamura,Nell'Abitato,Strada Statale,Rettilineo,Incidente tra veicoli,1,1
2020,Bari,Bari,Nell'Abitato,Strada Urbana,Rettilineo,Incidente a veicolo isolato,1,0
2020,Bari,Bari,Nell'Abitato,Strada Urbana,Incrocio,Investimento di pedone,2,0
2020,Bari,Bari,Nell'Abitato,Strada Urbana,Rettilineo,Incidente a veicolo isolato,1,0
2020,Bari,Bari,Nell'Abitato,Strada Urbana,Rotatoria,Incidente a veicolo isolato,1,0
2020,Bari,Bari,Nell'Abitato,Strada Urbana,Rettilineo,Investimento di pedone,2,0
2020,Bari,Bari,Nell'Abitato,Strada Urbana,Rettilineo,Incidente a veicolo isolato,1,0
2020,Bari,Bari,Nell'Abitato,Strada Urbana,Rettilineo,Incidente a veicolo isolato,1,0
2020,Bari,Bari,Nell'Abitato,Strada Urbana,Rettilineo,Investimento di pedone,1,0
2020,Bari,Bari,Nell'Abitato,Strada Urbana,Rettilineo,Investimento di pedone,1,0
2020,Bari,Bari,Nell'Abitato,Strada Urbana,Rettilineo,Incidente tra veicoli,2,0
2020,Bari,Bari,Nell'Abitato,Strada Urbana,Rettilineo,Incidente tra veicoli,2,0
2020,Bari,Bari,Nell'Abitato,Strada Urbana,Incrocio,Incidente tra veicoli,1,0
2020,Bari,Bari,Nell'Abitato,Strada Urbana,Incrocio,Incidente tra veicoli,3,0
2020,Bari,Bari,Nell'Abitato,Strada Urbana,Incrocio,Incidente tra veicoli,1,0
2020,Bari,Bari,Nell'Abitato,Strada Urbana,Incrocio,Investimento di pedone,1,0
2020,Bari,Bari,Fuori Abitato,Strada Provinciale,Curva,Incidente tra veicoli,3,0
2020,Bari,Bari,Nell'Abitato,Strada Urbana,Rettilineo,Incidente tra veicoli,1,0
2020,Bari,Bari,Nell'Abitato,Strada Urbana,Rettilineo,Incidente tra veicoli,1,0
2020,Bari,Bari,Nell'Abitato,Strada Urbana,Incrocio,Investimento di pedone,1,0
2020,Bari,Molfetta,Nell'Abitato,Strada Urbana,Rettilineo,Investimento di pedone,1,0
2020,Bari,Bari,Nell'Abitato,Strada Urbana,Rettilineo,Incidente tra veicoli,2,0
2020,Bari,Giovinazzo,Nell'Abitato,Strada Urbana,Incrocio,Incidente tra veicoli,1,0
2020,Bari,Noci,Fuori Abitato,Strada Provinciale,Rettilineo,Incidente a veicolo isolato,1,0
2020,Bari,Molfetta,Fuori Abitato,Strada Statale,Rettilineo,Incidente a veicolo isolato,1,0
2020,Bari,Molfetta,Fuori Abitato,Altra strada,Rettilineo,Investimento di pedone,1,0
2020,Bari,Modugno,Nell'Abitato,Strada Urbana,Rettilineo,Incidente a veicolo isolato,2,0
2020,Bari,Monopoli,Nell'Abitato,Strada Urbana,Rettilineo,Incidente a veicolo isolato,1,0
2020,Bari,Mola di Bari,Nell'Abitato,Strada Urbana,Incrocio,Investimento di pedone,1,0
2020,Bari,Molfetta,Nell'Abitato,Strada Urbana,Rettilineo,Incidente a veicolo isolato,1,0
2020,Bari,Cassano delle Murge,Nell'Abitato,Strada Urbana,Incrocio,Incidente tra veicoli,1,0
2020,Bari,Bari,Nell'Abitato,Strada Urbana,Rettilineo,Incidente tra veicoli,1,0
2020,Bari,Bari,Nell'Abitato,Strada Urbana,Incrocio,Incidente tra veicoli,1,0
2020,Bari,Bari,Nell'Abitato,Strada Urbana,Rettilineo,Incidente tra veicoli,1,0
2020,Bari,Bari,Nell'Abitato,Strada Urbana,Rettilineo,Incidente tra veicoli,1,0
2020,Bari,Bari,Nell'Abitato,Strada Urbana,Rettilineo,Incidente tra veicoli,1,0
2020,Bari,Bari,Nell'Abitato,Strada Urbana,Incrocio,Incidente tra veicoli,1,0
2020,Bari,Bari,Nell'Abitato,Strada Urbana,Rettilineo,Incidente tra veicoli,1,0
2020,Bari,Bari,Nell'Abitato,Strada Urbana,Incrocio,Incidente tra veicoli,2,0
2020,Bari,Bari,Nell'Abitato,Strada Urbana,Incrocio,Incidente tra veicoli,2,0
2020,Bari,Bari,Fuori Abitato,Strada comunale extraurbana,Incrocio,Incidente tra veicoli,2,0
2020,Bari,Bari,Nell'Abitato,Strada Urbana,Incrocio,Incidente tra veicoli,1,0
2020,Bari,Bari,Nell'Abitato,Strada Urbana,Rettilineo,Incidente tra veicoli,1,0
2020,Bari,Bari,Nell'Abitato,Strada Urbana,Rettilineo,Incidente tra veicoli,1,0
2020,Bari,Bari,Nell'Abitato,Strada Urbana,Incrocio,Incidente tra veicoli,2,0
2020,Bari,Bari,Nell'Abitato,Strada Urbana,Incrocio,Incidente tra veicoli,2,0
2020,Bari,Bari,Nell'Abitato,Strada Urbana,Rettilineo,Incidente tra veicoli,1,0
2020,Bari,Bari,Nell'Abitato,Strada Urbana,Rettilineo,Incidente tra veicoli,1,0
2020,Bari,Bari,Nell'Abitato,Strada Urbana,Rettilineo,Incidente tra veicoli,1,0
2020,Bari,Bari,Nell'Abitato,Strada Urbana,Incrocio,Incidente tra veicoli,1,0
2020,Bari,Bari,Nell'Abitato,Strada Urbana,Rettilineo,Incidente tra veicoli,1,0
2020,Bari,Bari,Nell'Abitato,Strada Urbana,Rettilineo,Incidente tra veicoli,2,0
2020,Bari,Bari,Nell'Abitato,Strada Urbana,Incrocio,Incidente tra veicoli,1,0
2020,Bari,Bari,Fuori Abitato,Strada Provinciale,Rettilineo,Incidente tra veicoli,1,0
2020,Bari,Bari,Nell'Abitato,Strada Urbana,Rettilineo,Incidente tra veicoli,1,0
2020,Bari,Bari,Nell'Abitato,Strada Urbana,Incrocio,Incidente tra veicoli,2,0
2020,Bari,Bari,Nell'Abitato,Strada Urbana,Incrocio,Incidente tra veicoli,2,0
2020,Bari,Mola di Bari,Nell'Abitato,Strada Urbana,Incrocio,Incidente tra veicoli,2,0
2020,Bari,Palo del Colle,Nell'Abitato,Strada Urbana,Incrocio,Incidente tra veicoli,1,0
2020,Bari,Conversano,Fuori Abitato,Strada Provinciale,Rettilineo,Incidente tra veicoli,2,0
2020,Bari,Molfetta,Fuori Abitato,Strada comunale extraurbana,Rettilineo,Incidente tra veicoli,1,0
2020,Bari,Molfetta,Nell'Abitato,Strada Urbana,Incrocio,Incidente tra veicoli,1,0
2020,Bari,Mola di Bari,Nell'Abitato,Strada Urbana,Incrocio,Incidente tra veicoli,1,0
2020,Bari,Corato,Fuori Abitato,Strada comunale extraurbana,Incrocio,Incidente tra veicoli,2,0
2020,Bari,Toritto,Nell'Abitato,Strada Urbana,Rettilineo,Incidente tra veicoli,1,0
2020,Bari,Locorotondo,Nell'Abitato,Strada Urbana,Incrocio,Incidente tra veicoli,2,0
2020,Bari,Modugno,Fuori Abitato,Strada Provinciale,Curva,Incidente tra veicoli,1,0
2020,Bari,Sannicandro di Bari,Fuori Abitato,Strada Provinciale,Incrocio,Incidente tra veicoli,2,0
2020,Bari,Triggiano,Nell'Abitato,Strada Urbana,Rettilineo,Incidente tra veicoli,1,0
2020,Bari,Modugno,Nell'Abitato,Strada Urbana,Rettilineo,Incidente tra veicoli,1,0
2020,Bari,Sannicandro di Bari,Fuori Abitato,Strada Provinciale,Incrocio,Incidente tra veicoli,1,0
2020,Bari,Noicattaro,Nell'Abitato,Strada Urbana,Incrocio,Incidente tra veicoli,1,0
2020,Bari,Corato,Nell'Abitato,Strada Urbana,Incrocio,Incidente tra veicoli,1,0
2020,Bari,Adelfia,Nell'Abitato,Strada Urbana,Rettilineo,Incidente tra veicoli,1,0
2020,Bari,Monopoli,Nell'Abitato,Strada Urbana,Incrocio,Incidente tra veicoli,1,0
2020,Bari,Triggiano,Nell'Abitato,Strada Urbana,Rettilineo,Incidente tra veicoli,1,0
2020,Bari,Capurso,Nell'Abitato,Strada Urbana,Incrocio,Incidente tra veicoli,1,0
2020,Bari,Valenzano,Nell'Abitato,Strada Urbana,Rettilineo,Incidente tra veicoli,1,0
2020,Bari,Molfetta,Nell'Abitato,Strada Urbana,Incrocio,Incidente tra veicoli,1,0
2020,Bari,Bari,Nell'Abitato,Strada Urbana,Rettilineo,Incidente tra veicoli,2,0
2020,Bari,Bari,Nell'Abitato,Strada Urbana,Incrocio,Incidente tra veicoli,1,0
2020,Bari,Bari,Nell'Abitato,Strada Urbana,Incrocio,Incidente tra veicoli,2,0
2020,Bari,Molfetta,Nell'Abitato,Strada Urbana,Rettilineo,Incidente tra veicoli,1,0
2020,Bari,Sannicandro di Bari,Fuori Abitato,Strada Provinciale,Rettilineo,Incidente tra veicoli,1,0
2020,Bari,Modugno,Nell'Abitato,Strada Urbana,Incrocio,Incidente tra veicoli,1,0
2020,Bari,Molfetta,Nell'Abitato,Strada Urbana,Rettilineo,Incidente tra veicoli,5,0
2020,Bari,Toritto,Nell'Abitato,Strada Urbana,Incrocio,Incidente tra veicoli,1,0
2020,Bari,Noicattaro,Fuori Abitato,Strada Provinciale,Rettilineo,Incidente tra veicoli,1,0
2020,Bari,Gravina in Puglia,Nell'Abitato,Strada Urbana,Incrocio,Incidente tra veicoli,3,0
2020,Bari,Corato,Nell'Abitato,Strada Urbana,Incrocio,Incidente tra veicoli,3,0
2020,Bari,Gravina in Puglia,Nell'Abitato,Strada Urbana,Rettilineo,Incidente tra veicoli,2,0
2020,Bari,Bitonto,Fuori Abitato,Strada Provinciale,Rettilineo,Incidente tra veicoli,1,0
2020,Bari,Sammichele di Bari,Fuori Abitato,Strada Statale,Rettilineo,Incidente tra veicoli,5,0
2020,Bari,Bari,Fuori Abitato,Strada Statale,Rettilineo,Incidente tra veicoli,1,0
2020,Bari,Bari,Fuori Abitato,Strada Statale,Curva,Incidente tra veicoli,1,0
2020,Bari,Bari,Fuori Abitato,Strada Statale,Rettilineo,Incidente a veicolo isolato,1,0
2020,Bari,Polignano a Mare,Fuori Abitato,Strada Statale,Curva,Incidente a veicolo isolato,1,0
2020,Bari,Giovinazzo,Fuori Abitato,Autostrada,Rettilineo,Incidente a veicolo isolato,1,0
2020,Bari,Bari,Fuori Abitato,Strada Statale,Rettilineo,Incidente tra veicoli,1,0
2020,Bari,Bari,Fuori Abitato,Strada Statale,Rettilineo,Incidente tra veicoli,2,0
2020,Bari,Modugno,Fuori Abitato,Strada Statale,Rettilineo,Incidente tra veicoli,2,0
2020,Bari,Monopoli,Fuori Abitato,Strada Statale,Curva,Incidente tra veicoli,1,0
2020,Bari,Modugno,Nell'Abitato,Strada Urbana,Rettilineo,Incidente tra veicoli,1,0
2020,Bari,Bitetto,Nell'Abitato,Strada Urbana,Incrocio,Incidente tra veicoli,2,0
2020,Bari,Bitritto,Fuori Abitato,Strada Provinciale,Rettilineo,Incidente tra veicoli,3,0
2020,Bari,Capurso,Fuori Abitato,Strada Provinciale,Rettilineo,Incidente a veicolo isolato,1,0
2020,Bari,Modugno,Fuori Abitato,Strada Statale,Rettilineo,Incidente a veicolo isolato,1,0
2020,Bari,Sannicandro di Bari,Fuori Abitato,Strada Provinciale,Rettilineo,Incidente a veicolo isolato,1,0
2020,Bari,Altamura,Fuori Abitato,Strada Provinciale,Rettilineo,Incidente a veicolo isolato,1,0
2020,Bari,Ruvo di Puglia,Fuori Abitato,Strada Provinciale,Rettilineo,Incidente a veicolo isolato,0,1
2020,Bari,Putignano,Fuori Abitato,Strada Provinciale,Rettilineo,Incidente a veicolo isolato,1,0
2020,Bari,Gioia del Colle,Fuori Abitato,Strada Provinciale,Rettilineo,Incidente a veicolo isolato,1,0
2020,Bari,Gioia del Colle,Fuori Abitato,Strada Provinciale,Rettilineo,Incidente tra veicoli,1,0
2020,Bari,Turi,Fuori Abitato,Strada Provinciale,Rettilineo,Incidente a veicolo isolato,1,0
2020,Bari,Monopoli,Fuori Abitato,Strada Provinciale,Curva,Incidente a veicolo isolato,1,0
2020,Bari,Altamura,Nell'Abitato,Strada Urbana,Incrocio,Incidente tra veicoli,4,0
2020,Bari,Santeramo in Colle,Nell'Abitato,Strada Urbana,Incrocio,Incidente tra veicoli,2,0
2020,Bari,Castellana Grotte,Fuori Abitato,Strada Provinciale,Incrocio,Incidente tra veicoli,1,0
2020,Bari,Capurso,Nell'Abitato,Strada Urbana,Rettilineo,Incidente tra veicoli,1,0
2020,Bari,Terlizzi,Nell'Abitato,Strada Provinciale,Incrocio,Incidente tra veicoli,1,0
2020,Bari,Conversano,Fuori Abitato,Strada Provinciale,Rettilineo,Incidente tra veicoli,1,0
2020,Bari,Noicattaro,Nell'Abitato,Strada Urbana,Rettilineo,Incidente tra veicoli,0,1
2020,Bari,Corato,Fuori Abitato,Strada comunale extraurbana,Curva,Incidente tra veicoli,1,0
2020,Bari,Gravina in Puglia,Fuori Abitato,Strada Statale,Rettilineo,Incidente tra veicoli,1,0
2020,Bari,Santeramo in Colle,Fuori Abitato,Strada comunale extraurbana,Rettilineo,Incidente tra veicoli,2,0
2020,Bari,Conversano,Fuori Abitato,Strada Provinciale,Rettilineo,Incidente tra veicoli,3,0
2020,Bari,Corato,Fuori Abitato,Strada Provinciale,Incrocio,Incidente tra veicoli,1,0
2020,Bari,Conversano,Fuori Abitato,Strada Provinciale,Curva,Incidente tra veicoli,6,0
2020,Bari,Grumo Appula,Fuori Abitato,Strada Provinciale,Curva,Incidente tra veicoli,2,0
2020,Bari,Putignano,Nell'Abitato,Strada Urbana,Incrocio,Incidente tra veicoli,4,0
2020,Bari,Capurso,Fuori Abitato,Strada Statale,Rettilineo,Incidente tra veicoli,1,1
2020,Bari,Monopoli,Nell'Abitato,Strada Urbana,Incrocio,Incidente tra veicoli,3,0
2020,Bari,Bitritto,Fuori Abitato,Strada Provinciale,Rettilineo,Incidente tra veicoli,1,0
2020,Bari,Modugno,Fuori Abitato,Strada comunale extraurbana,Rettilineo,Incidente tra veicoli,2,0
2020,Bari,Altamura,Nell'Abitato,Strada Urbana,Incrocio,Incidente tra veicoli,2,0
2020,Bari,Sannicandro di Bari,Nell'Abitato,Strada Urbana,Incrocio,Incidente tra veicoli,3,0
2020,Bari,Rutigliano,Fuori Abitato,Strada Provinciale,Curva,Incidente tra veicoli,2,0
2020,Bari,Acquaviva delle Fonti,Fuori Abitato,Strada Provinciale,Rettilineo,Incidente tra veicoli,1,0
2020,Bari,Mola di Bari,Nell'Abitato,Strada Urbana,Incrocio,Incidente tra veicoli,2,0
2020,Bari,Conversano,Nell'Abitato,Strada Urbana,Incrocio,Incidente tra veicoli,1,0
2020,Bari,Monopoli,Fuori Abitato,Strada Statale,Rettilineo,Incidente tra veicoli,2,0
2020,Bari,Bitonto,Nell'Abitato,Strada Urbana,Curva,Incidente tra veicoli,1,0
2020,Bari,Ruvo di Puglia,Nell'Abitato,Strada Urbana,Rettilineo,Incidente tra veicoli,1,0
2020,Bari,Bitonto,Nell'Abitato,Strada Urbana,Incrocio,Incidente tra veicoli,4,0
2020,Bari,Gravina in Puglia,Fuori Abitato,Strada Provinciale,Rettilineo,Incidente tra veicoli,3,0
2020,Bari,Bitonto,Fuori Abitato,Strada Provinciale,Rettilineo,Incidente tra veicoli,1,0
2020,Bari,Altamura,Fuori Abitato,Strada Provinciale,Incrocio,Incidente tra veicoli,2,0
2020,Bari,Ruvo di Puglia,Fuori Abitato,Strada Provinciale,Incrocio,Incidente tra veicoli,2,0
2020,Bari,Altamura,Fuori Abitato,Strada Provinciale,Incrocio,Incidente tra veicoli,5,0
2020,Bari,Gravina in Puglia,Fuori Abitato,Strada Provinciale,Rettilineo,Incidente tra veicoli,2,0
2020,Bari,Casamassima,Fuori Abitato,Strada Provinciale,Curva,Incidente tra veicoli,3,0
2020,Bari,Casamassima,Nell'Abitato,Strada Urbana,Incrocio,Incidente tra veicoli,1,0
2020,Bari,Acquaviva delle Fonti,Nell'Abitato,Strada Urbana,Incrocio,Incidente tra veicoli,2,0
2020,Bari,Altamura,Nell'Abitato,Strada Urbana,Incrocio,Incidente tra veicoli,1,0
2020,Bari,Monopoli,Nell'Abitato,Strada Urbana,Rettilineo,Investimento di pedone,1,0
2020,Bari,Putignano,Nell'Abitato,Strada Urbana,Incrocio,Incidente tra veicoli,1,0
2020,Bari,Bitonto,Fuori Abitato,Strada Provinciale,Incrocio,Incidente tra veicoli,3,0
2020,Bari,Conversano,Fuori Abitato,Strada Provinciale,Rettilineo,Incidente tra veicoli,1,0
2020,Bari,Bitritto,Nell'Abitato,Strada Urbana,Incrocio,Incidente tra veicoli,1,0
2020,Bari,Grumo Appula,Nell'Abitato,Strada Urbana,Rettilineo,Incidente a veicolo isolato,1,0
2020,Bari,Bitonto,Fuori Abitato,Strada Provinciale,Incrocio,Incidente tra veicoli,3,0
2020,Bari,Bitonto,Nell'Abitato,Strada Urbana,Incrocio,Incidente a veicolo isolato,1,0
2020,Bari,Gioia del Colle,Nell'Abitato,Strada Urbana,Rettilineo,Incidente tra veicoli,1,0
2020,Bari,Gravina in Puglia,Fuori Abitato,Strada Provinciale,Curva,Incidente a veicolo isolato,1,0
2020,Bari,Grumo Appula,Nell'Abitato,Strada Urbana,Incrocio,Investimento di pedone,1,0
2020,Bari,Ruvo di Puglia,Nell'Abitato,Strada Urbana,Incrocio,Incidente tra veicoli,1,0
2020,Bari,Casamassima,Nell'Abitato,Strada Urbana,Incrocio,Incidente tra veicoli,4,0
2020,Bari,Castellana Grotte,Nell'Abitato,Strada Urbana,Incrocio,Incidente tra veicoli,1,0
2020,Bari,Polignano a Mare,Nell'Abitato,Strada Urbana,Rotatoria,Investimento di pedone,1,0
2020,Bari,Terlizzi,Fuori Abitato,Strada comunale extraurbana,Rettilineo,Incidente tra veicoli,1,0
2020,Bari,Bitonto,Nell'Abitato,Strada Urbana,Incrocio,Incidente tra veicoli,2,0
2020,Bari,Corato,Nell'Abitato,Strada Urbana,Rettilineo,Incidente tra veicoli,1,0
2020,Bari,Bitonto,Fuori Abitato,Strada Provinciale,Incrocio,Incidente tra veicoli,2,0
2020,Bari,Castellana Grotte,Nell'Abitato,Strada Urbana,Rettilineo,Incidente a veicolo isolato,4,0
2020,Bari,Gravina in Puglia,Nell'Abitato,Strada Urbana,Incrocio,Incidente tra veicoli,1,0
2020,Bari,Gravina in Puglia,Nell'Abitato,Strada Urbana,Rettilineo,Incidente tra veicoli,3,0
2020,Bari,Gravina in Puglia,Nell'Abitato,Strada Urbana,Rettilineo,Investimento di pedone,1,1
2020,Bari,Gioia del Colle,Nell'Abitato,Strada Urbana,Rettilineo,Incidente tra veicoli,3,0
2020,Bari,Putignano,Fuori Abitato,Strada Provinciale,Incrocio,Incidente tra veicoli,1,0
2020,Bari,Putignano,Nell'Abitato,Strada Urbana,Rotatoria,Investimento di pedone,1,0
2020,Bari,Bitonto,Nell'Abitato,Strada Urbana,Incrocio,Incidente tra veicoli,2,0
2020,Bari,Bitritto,Nell'Abitato,Strada Urbana,Incrocio,Incidente tra veicoli,1,0
2020,Bari,Casamassima,Nell'Abitato,Strada Urbana,Incrocio,Incidente tra veicoli,1,0
2020,Bari,Bitonto,Nell'Abitato,Strada Urbana,Incrocio,Incidente a veicolo isolato,1,0
2020,Bari,Castellana Grotte,Nell'Abitato,Strada Urbana,Incrocio,Investimento di pedone,1,0
2020,Bari,Gravina in Puglia,Nell'Abitato,Strada Urbana,Rettilineo,Incidente a veicolo isolato,1,0
2020,Bari,Bari,Nell'Abitato,Strada Urbana,Incrocio,Incidente tra veicoli,1,0
2020,Bari,Bari,Nell'Abitato,Strada Urbana,Incrocio,Incidente tra veicoli,1,0
2020,Bari,Bari,Nell'Abitato,Strada Urbana,Incrocio,Incidente tra veicoli,1,0
2020,Bari,Bari,Nell'Abitato,Strada Urbana,Incrocio,Investimento di pedone,1,0
2020,Bari,Bari,Nell'Abitato,Strada Urbana,Incrocio,Incidente tra veicoli,1,0
2020,Bari,Bari,Nell'Abitato,Strada Urbana,Incrocio,Investimento di pedone,1,0
2020,Bari,Bari,Nell'Abitato,Strada Urbana,Rettilineo,Incidente tra veicoli,1,0
2020,Bari,Bari,Nell'Abitato,Strada Urbana,Incrocio,Incidente tra veicoli,1,0
2020,Bari,Bari,Nell'Abitato,Strada Urbana,Incrocio,Incidente tra veicoli,1,0
2020,Bari,Bari,Nell'Abitato,Strada Urbana,Incrocio,Incidente tra veicoli,1,0
2020,Bari,Bari,Nell'Abitato,Strada Urbana,Rettilineo,Investimento di pedone,1,0
2020,Bari,Bari,Nell'Abitato,Strada Urbana,Incrocio,Incidente tra veicoli,1,0
2020,Bari,Bari,Nell'Abitato,Strada Urbana,Incrocio,Incidente tra veicoli,4,0
2020,Bari,Bari,Nell'Abitato,Strada Urbana,Rettilineo,Incidente tra veicoli,1,0
2020,Bari,Bari,Nell'Abitato,Strada Urbana,Incrocio,Investimento di pedone,1,0
2020,Bari,Castellana Grotte,Fuori Abitato,Strada Provinciale,Curva,Incidente a veicolo isolato,5,0
2020,Bari,Altamura,Fuori Abitato,Strada Provinciale,Rettilineo,Incidente tra veicoli,2,0
2020,Bari,Giovinazzo,Fuori Abitato,Strada Provinciale,Rettilineo,Incidente a veicolo isolato,1,0
2020,Bari,Ruvo di Puglia,Fuori Abitato,Strada Provinciale,Curva,Incidente a veicolo isolato,2,0
2020,Bari,Altamura,Fuori Abitato,Strada Provinciale,Curva,Incidente tra veicoli,3,0
2020,Bari,Bitonto,Fuori Abitato,Strada Provinciale,Rettilineo,Incidente tra veicoli,5,0
2020,Bari,Bitonto,Fuori Abitato,Strada Provinciale,Rettilineo,Incidente tra veicoli,1,0
2020,Bari,Santeramo in Colle,Fuori Abitato,Strada Provinciale,Rettilineo,Incidente tra veicoli,2,0
2020,Bari,Altamura,Nell'Abitato,Strada Statale,Incrocio,Incidente tra veicoli,1,0
2020,Bari,Bari,Nell'Abitato,Strada Urbana,Rettilineo,Investimento di pedone,1,0
2020,Bari,Bari,Nell'Abitato,Strada Urbana,Rettilineo,Incidente tra veicoli,1,0
2020,Bari,Bari,Nell'Abitato,Strada Urbana,Rettilineo,Incidente tra veicoli,1,0
2020,Bari,Bari,Nell'Abitato,Strada Urbana,Incrocio,Incidente a veicolo isolato,1,0
2020,Bari,Bari,Nell'Abitato,Strada Urbana,Incrocio,Incidente a veicolo isolato,1,0
2020,Bari,Bari,Nell'Abitato,Strada Urbana,Rettilineo,Investimento di pedone,1,1
2020,Bari,Bari,Nell'Abitato,Strada Urbana,Rotatoria,Incidente a veicolo isolato,1,0
2020,Bari,Bari,Nell'Abitato,Strada Urbana,Incrocio,Incidente tra veicoli,2,0
2020,Bari,Bari,Nell'Abitato,Strada Urbana,Rettilineo,Incidente tra veicoli,2,0
2020,Bari,Bari,Nell'Abitato,Strada Urbana,Rettilineo,Investimento di pedone,2,0
2020,Bari,Bari,Nell'Abitato,Strada Urbana,Rettilineo,Investimento di pedone,1,0
2020,Bari,Bari,Nell'Abitato,Strada Urbana,Rettilineo,Incidente tra veicoli,1,0
2020,Bari,Bari,Nell'Abitato,Strada Urbana,Incrocio,Incidente tra veicoli,1,0
2020,Bari,Bari,Nell'Abitato,Strada Urbana,Curva,Incidente tra veicoli,1,0
2020,Bari,Bari,Nell'Abitato,Strada Urbana,Incrocio,Incidente tra veicoli,1,0
2020,Bari,Bari,Nell'Abitato,Strada Urbana,Rettilineo,Incidente a veicolo isolato,1,0
2020,Bari,Bari,Nell'Abitato,Strada Urbana,Rettilineo,Incidente a veicolo isolato,3,0
2020,Bari,Bari,Nell'Abitato,Strada Urbana,Incrocio,Incidente tra veicoli,1,0
2020,Bari,Bari,Nell'Abitato,Strada Urbana,Rettilineo,Incidente tra veicoli,1,0
2020,Bari,Bari,Nell'Abitato,Strada Urbana,Rettilineo,Investimento di pedone,1,0
2020,Bari,Bari,Nell'Abitato,Strada Urbana,Rettilineo,Investimento di pedone,1,0
2020,Bari,Bari,Nell'Abitato,Strada Urbana,Incrocio,Investimento di pedone,1,0
2020,Bari,Bari,Nell'Abitato,Strada Urbana,Curva,Investimento di pedone,1,0
2020,Bari,Bari,Nell'Abitato,Strada Urbana,Rettilineo,Investimento di pedone,2,0
2020,Bari,Bari,Fuori Abitato,Altra strada,Rettilineo,Investimento di pedone,1,0
2020,Bari,Bari,Nell'Abitato,Strada Urbana,Incrocio,Investimento di pedone,1,0
2020,Bari,Bari,Nell'Abitato,Strada Urbana,Incrocio,Incidente tra veicoli,1,0
2020,Bari,Bari,Nell'Abitato,Strada Urbana,Incrocio,Incidente tra veicoli,2,0
2020,Bari,Adelfia,Fuori Abitato,Strada comunale extraurbana,Rettilineo,Incidente a veicolo isolato,1,0
2020,Bari,Corato,Nell'Abitato,Strada Urbana,Rettilineo,Investimento di pedone,1,0
2020,Bari,Mola di Bari,Nell'Abitato,Strada Urbana,Incrocio,Investimento di pedone,1,0
2020,Bari,Molfetta,Nell'Abitato,Strada Urbana,Rettilineo,Investimento di pedone,1,0
2020,Bari,Modugno,Fuori Abitato,Strada comunale extraurbana,Rotatoria,Incidente a veicolo isolato,1,0
2020,Bari,Giovinazzo,Fuori Abitato,Strada Statale,Rettilineo,Incidente a veicolo isolato,1,0
2020,Bari,Monopoli,Nell'Abitato,Strada Urbana,Rettilineo,Investimento di pedone,1,0
2020,Bari,Corato,Nell'Abitato,Strada Urbana,Incrocio,Incidente tra veicoli,1,0
2020,Bari,Triggiano,Nell'Abitato,Strada Urbana,Rettilineo,Investimento di pedone,1,0
2020,Bari,Giovinazzo,Fuori Abitato,Strada comunale extraurbana,Rettilineo,Incidente a veicolo isolato,1,0
2020,Bari,Bari,Nell'Abitato,Strada Urbana,Rettilineo,Incidente tra veicoli,1,0
2020,Bari,Bari,Nell'Abitato,Strada Urbana,Rettilineo,Incidente tra veicoli,1,0
2020,Bari,Bari,Nell'Abitato,Strada Urbana,Incrocio,Incidente tra veicoli,2,0
2020,Bari,Bari,Nell'Abitato,Strada Urbana,Rettilineo,Incidente tra veicoli,1,0
2020,Bari,Bari,Nell'Abitato,Strada Urbana,Rettilineo,Incidente tra veicoli,1,0
2020,Bari,Bari,Nell'Abitato,Strada Urbana,Rettilineo,Incidente tra veicoli,1,0
2020,Bari,Bari,Nell'Abitato,Strada Urbana,Rettilineo,Incidente tra veicoli,1,0
2020,Bari,Bari,Nell'Abitato,Strada Urbana,Rettilineo,Incidente tra veicoli,1,0
2020,Bari,Bari,Nell'Abitato,Strada Urbana,Rettilineo,Incidente tra veicoli,1,0
2020,Bari,Bari,Nell'Abitato,Strada Urbana,Rettilineo,Incidente tra veicoli,1,0
2020,Bari,Bari,Nell'Abitato,Strada Urbana,Incrocio,Incidente tra veicoli,1,0
2020,Bari,Bari,Nell'Abitato,Strada Urbana,Rettilineo,Incidente tra veicoli,1,0
2020,Bari,Bari,Nell'Abitato,Strada Urbana,Rettilineo,Incidente tra veicoli,1,0
2020,Bari,Bari,Nell'Abitato,Strada Urbana,Rettilineo,Incidente tra veicoli,3,0
2020,Bari,Bari,Nell'Abitato,Strada Urbana,Incrocio,Incidente tra veicoli,2,0
2020,Bari,Bari,Nell'Abitato,Strada Urbana,Rettilineo,Incidente tra veicoli,1,0
2020,Bari,Bari,Nell'Abitato,Strada Urbana,Incrocio,Incidente tra veicoli,1,0
2020,Bari,Bari,Nell'Abitato,Strada Urbana,Incrocio,Incidente tra veicoli,1,0
2020,Bari,Bari,Nell'Abitato,Strada Urbana,Incrocio,Incidente tra veicoli,1,0
2020,Bari,Bari,Nell'Abitato,Strada Urbana,Incrocio,Incidente tra veicoli,1,0
2020,Bari,Bari,Nell'Abitato,Strada Urbana,Incrocio,Incidente tra veicoli,2,0
2020,Bari,Bari,Nell'Abitato,Strada Urbana,Rettilineo,Incidente tra veicoli,1,0
2020,Bari,Bari,Nell'Abitato,Strada Urbana,Rettilineo,Incidente tra veicoli,1,0
2020,Bari,Bari,Nell'Abitato,Strada Urbana,Incrocio,Incidente tra veicoli,1,0
2020,Bari,Bari,Nell'Abitato,Strada Urbana,Rettilineo,Incidente tra veicoli,1,0
2020,Bari,Bari,Nell'Abitato,Strada Urbana,Rettilineo,Incidente tra veicoli,1,0
2020,Bari,Bari,Nell'Abitato,Strada Urbana,Rettilineo,Incidente tra veicoli,2,0
2020,Bari,Bari,Nell'Abitato,Strada Urbana,Rettilineo,Incidente tra veicoli,1,0
2020,Bari,Bari,Nell'Abitato,Strada Urbana,Incrocio,Incidente tra veicoli,3,0
2020,Bari,Bari,Nell'Abitato,Strada Urbana,Rettilineo,Incidente tra veicoli,2,0
2020,Bari,Bari,Fuori Abitato,Strada Provinciale,Incrocio,Incidente tra veicoli,2,0
2020,Bari,Bari,Nell'Abitato,Strada Urbana,Rettilineo,Incidente tra veicoli,1,0
2020,Bari,Bari,Nell'Abitato,Strada Urbana,Incrocio,Incidente tra veicoli,2,0
2020,Bari,Bari,Nell'Abitato,Strada Urbana,Incrocio,Incidente tra veicoli,1,0
2020,Bari,Bari,Nell'Abitato,Strada Urbana,Rettilineo,Incidente tra veicoli,1,0
2020,Bari,Bari,Nell'Abitato,Strada Urbana,Incrocio,Incidente tra veicoli,3,0
2020,Bari,Bari,Nell'Abitato,Strada Urbana,Rettilineo,Incidente tra veicoli,3,0
2020,Bari,Bari,Nell'Abitato,Strada Urbana,Rettilineo,Incidente tra veicoli,2,0
2020,Bari,Bari,Nell'Abitato,Strada Urbana,Incrocio,Incidente tra veicoli,1,0
2020,Bari,Bari,Nell'Abitato,Strada Urbana,Incrocio,Incidente tra veicoli,1,0
2020,Bari,Bari,Nell'Abitato,Strada Urbana,Curva,Incidente tra veicoli,2,0
2020,Bari,Bari,Nell'Abitato,Strada Urbana,Incrocio,Incidente tra veicoli,1,0
2020,Bari,Bari,Nell'Abitato,Strada Urbana,Rettilineo,Incidente tra veicoli,1,0
2020,Bari,Bari,Nell'Abitato,Strada Urbana,Rettilineo,Incidente tra veicoli,2,0
2020,Bari,Bari,Nell'Abitato,Strada Urbana,Incrocio,Incidente tra veicoli,2,0
2020,Bari,Bari,Nell'Abitato,Strada Urbana,Incrocio,Incidente tra veicoli,1,0
2020,Bari,Bari,Nell'Abitato,Strada Urbana,Rettilineo,Incidente tra veicoli,3,0
2020,Bari,Modugno,Nell'Abitato,Strada Urbana,Incrocio,Incidente tra veicoli,2,0
2020,Bari,Molfetta,Nell'Abitato,Strada Urbana,Incrocio,Incidente tra veicoli,1,0
2020,Bari,Capurso,Fuori Abitato,Strada Provinciale,Incrocio,Incidente tra veicoli,2,0
2020,Bari,Molfetta,Nell'Abitato,Strada Urbana,Incrocio,Incidente tra veicoli,1,0
2020,Bari,Triggiano,Fuori Abitato,Strada Provinciale,Rettilineo,Incidente tra veicoli,1,0
2020,Bari,Mola di Bari,Fuori Abitato,Strada comunale extraurbana,Rettilineo,Incidente tra veicoli,1,0
2020,Bari,Giovinazzo,Nell'Abitato,Strada Urbana,Incrocio,Incidente tra veicoli,1,0
2020,Bari,Molfetta,Nell'Abitato,Strada Urbana,Rettilineo,Incidente tra veicoli,1,0
2020,Bari,Modugno,Nell'Abitato,Strada Urbana,Incrocio,Incidente tra veicoli,1,0
2020,Bari,Molfetta,Nell'Abitato,Strada Urbana,Incrocio,Incidente tra veicoli,2,0
2020,Bari,Corato,Fuori Abitato,Strada Provinciale,Incrocio,Incidente tra veicoli,1,0
2020,Bari,Modugno,Nell'Abitato,Strada Urbana,Rettilineo,Incidente tra veicoli,4,0
2020,Bari,Giovinazzo,Nell'Abitato,Strada Urbana,Rettilineo,Incidente tra veicoli,1,0
2020,Bari,Molfetta,Fuori Abitato,Strada Provinciale,Rettilineo,Incidente tra veicoli,2,0
2020,Bari,Mola di Bari,Nell'Abitato,Strada Urbana,Incrocio,Incidente tra veicoli,1,0
2020,Bari,Conversano,Nell'Abitato,Strada Urbana,Incrocio,Incidente tra veicoli,1,0
2020,Bari,Noicattaro,Fuori Abitato,Strada Provinciale,Incrocio,Incidente tra veicoli,1,0
2020,Bari,Molfetta,Nell'Abitato,Strada Urbana,Incrocio,Incidente tra veicoli,3,0
2020,Bari,Molfetta,Nell'Abitato,Strada Urbana,Incrocio,Incidente tra veicoli,2,0
2020,Bari,Cassano delle Murge,Nell'Abitato,Strada Urbana,Incrocio,Incidente tra veicoli,1,0
2020,Bari,Modugno,Fuori Abitato,Strada Provinciale,Rettilineo,Incidente tra veicoli,2,0
2020,Bari,Adelfia,Nell'Abitato,Strada Urbana,Incrocio,Incidente tra veicoli,1,0
2020,Bari,Conversano,Nell'Abitato,Strada Urbana,Incrocio,Incidente tra veicoli,1,0
2020,Bari,Conversano,Nell'Abitato,Strada Urbana,Incrocio,Incidente tra veicoli,2,0
2020,Bari,Triggiano,Nell'Abitato,Strada Urbana,Rettilineo,Incidente tra veicoli,1,0
2020,Bari,Sannicandro di Bari,Nell'Abitato,Strada Urbana,Rettilineo,Incidente tra veicoli,2,0
2020,Bari,Monopoli,Nell'Abitato,Strada Urbana,Incrocio,Incidente tra veicoli,2,0
2020,Bari,Monopoli,Nell'Abitato,Strada Urbana,Incrocio,Incidente tra veicoli,1,0
2020,Bari,Monopoli,Fuori Abitato,Altra strada,Rettilineo,Incidente tra veicoli,2,0
2020,Bari,Conversano,Nell'Abitato,Strada Urbana,Rettilineo,Incidente tra veicoli,2,0
2020,Bari,Bari,Nell'Abitato,Strada Urbana,Incrocio,Incidente tra veicoli,1,0
2020,Bari,Modugno,Nell'Abitato,Strada Urbana,Incrocio,Incidente tra veicoli,3,0
2020,Bari,Adelfia,Nell'Abitato,Strada Urbana,Rettilineo,Incidente tra veicoli,2,0
2020,Bari,Molfetta,Nell'Abitato,Strada Urbana,Incrocio,Incidente tra veicoli,1,0
2020,Bari,Bari,Nell'Abitato,Strada Urbana,Rettilineo,Incidente tra veicoli,3,0
2020,Bari,Bari,Nell'Abitato,Strada Urbana,Rettilineo,Incidente tra veicoli,2,0
2020,Bari,Bari,Nell'Abitato,Strada Urbana,Incrocio,Incidente tra veicoli,5,0
2020,Bari,Bari,Nell'Abitato,Strada Urbana,Rettilineo,Incidente tra veicoli,1,0
2020,Bari,Bari,Nell'Abitato,Strada Urbana,Rettilineo,Incidente tra veicoli,1,0
2020,Bari,Bari,Nell'Abitato,Strada Urbana,Rettilineo,Incidente tra veicoli,1,0
2020,Bari,Bari,Nell'Abitato,Strada Urbana,Rettilineo,Incidente tra veicoli,2,0
2020,Bari,Bari,Nell'Abitato,Strada Urbana,Incrocio,Incidente tra veicoli,1,0
2020,Bari,Noicattaro,Fuori Abitato,Strada Provinciale,Incrocio,Incidente tra veicoli,6,0
2020,Bari,Palo del Colle,Nell'Abitato,Strada Urbana,Incrocio,Incidente tra veicoli,1,0
2020,Bari,Cassano delle Murge,Fuori Abitato,Strada Provinciale,Incrocio,Incidente tra veicoli,4,0
2020,Bari,Modugno,Nell'Abitato,Strada Urbana,Incrocio,Incidente tra veicoli,2,0
2020,Bari,Giovinazzo,Nell'Abitato,Strada Urbana,Incrocio,Incidente tra veicoli,1,0
2020,Bari,Gravina in Puglia,Nell'Abitato,Strada Urbana,Rettilineo,Incidente a veicolo isolato,1,0
2020,Bari,Monopoli,Fuori Abitato,Strada Provinciale,Rettilineo,Incidente tra veicoli,6,0
2020,Bari,Bari,Nell'Abitato,Strada Statale,Rettilineo,Incidente tra veicoli,1,0
2020,Bari,Capurso,Fuori Abitato,Strada Statale,Rettilineo,Incidente tra veicoli,8,0
2020,Bari,Modugno,Fuori Abitato,Strada Statale,Curva,Incidente a veicolo isolato,1,0
2020,Bari,Bari,Fuori Abitato,Strada Statale,Rettilineo,Incidente tra veicoli,1,0
2020,Bari,Giovinazzo,Fuori Abitato,Autostrada,Rettilineo,Incidente a veicolo isolato,4,0
2020,Bari,Bitonto,Fuori Abitato,Autostrada,Rettilineo,Incidente a veicolo isolato,5,0
2020,Bari,Molfetta,Fuori Abitato,Strada Statale,Rettilineo,Incidente tra veicoli,4,1
2020,Bari,Bari,Fuori Abitato,Strada Statale,Curva,Incidente a veicolo isolato,1,0
2020,Bari,Bari,Fuori Abitato,Strada Statale,Curva,Incidente tra veicoli,1,0
2020,Bari,Bari,Fuori Abitato,Strada Statale,Curva,Incidente a veicolo isolato,1,0
2020,Bari,Bari,Fuori Abitato,Strada Statale,Rettilineo,Incidente a veicolo isolato,1,0
2020,Bari,Bari,Fuori Abitato,Strada Statale,Rettilineo,Incidente tra veicoli,1,0
2020,Bari,Bari,Fuori Abitato,Strada Statale,Rettilineo,Incidente tra veicoli,1,0
2020,Bari,Bari,Fuori Abitato,Strada Statale,Rettilineo,Incidente tra veicoli,2,0
2020,Bari,Bari,Fuori Abitato,Strada Statale,Rettilineo,Incidente tra veicoli,1,0
2020,Bari,Polignano a Mare,Fuori Abitato,Strada Statale,Curva,Incidente tra veicoli,2,0
2020,Bari,Monopoli,Nell'Abitato,Strada Statale,Rettilineo,Incidente tra veicoli,2,0
2020,Bari,Bari,Fuori Abitato,Strada Statale,Rettilineo,Incidente a veicolo isolato,2,0
2020,Bari,Polignano a Mare,Fuori Abitato,Strada Statale,Rettilineo,Incidente a veicolo isolato,2,0
2020,Bari,Mola di Bari,Fuori Abitato,Strada Statale,Rettilineo,Incidente tra veicoli,3,0
2020,Bari,Palo del Colle,Nell'Abitato,Strada Urbana,Rettilineo,Investimento di pedone,2,0
2020,Bari,Putignano,Nell'Abitato,Strada Urbana,Incrocio,Incidente tra veicoli,1,0
2020,Bari,Palo del Colle,Fuori Abitato,Strada Provinciale,Curva,Incidente a veicolo isolato,1,0
2020,Bari,Cassano delle Murge,Nell'Abitato,Strada Urbana,Rettilineo,Incidente a veicolo isolato,1,0
2020,Bari,Gravina in Puglia,Nell'Abitato,Strada Urbana,Rettilineo,Incidente a veicolo isolato,0,1
2020,Bari,Corato,Fuori Abitato,Strada comunale extraurbana,Curva,Incidente a veicolo isolato,2,0
2020,Bari,Bari,Fuori Abitato,Strada Statale,Rettilineo,Incidente a veicolo isolato,1,0
2020,Bari,Cassano delle Murge,Fuori Abitato,Strada Provinciale,Rettilineo,Incidente a veicolo isolato,2,0
2020,Bari,Bari,Fuori Abitato,Strada Statale,Rettilineo,Incidente a veicolo isolato,1,0
2020,Bari,Gioia del Colle,Nell'Abitato,Strada Urbana,Incrocio,Incidente tra veicoli,1,0
2020,Bari,Polignano a Mare,Fuori Abitato,Strada Provinciale,Rettilineo,Incidente a veicolo isolato,4,0
2020,Bari,Molfetta,Nell'Abitato,Strada Urbana,Curva,Incidente a veicolo isolato,1,0
2020,Bari,Capurso,Fuori Abitato,Strada Statale,Rettilineo,Incidente tra veicoli,1,0
2020,Bari,Monopoli,Fuori Abitato,Strada Provinciale,Rettilineo,Incidente a veicolo isolato,1,0
2020,Bari,Cassano delle Murge,Fuori Abitato,Strada Provinciale,Rettilineo,Incidente a veicolo isolato,2,0
2020,Bari,Conversano,Fuori Abitato,Strada Provinciale,Rettilineo,Incidente a veicolo isolato,1,0
2020,Bari,Bitetto,Fuori Abitato,Strada Provinciale,Rettilineo,Incidente tra veicoli,2,0
2020,Bari,Turi,Fuori Abitato,Strada Provinciale,Curva,Incidente a veicolo isolato,1,0
2020,Bari,Turi,Fuori Abitato,Strada Provinciale,Rettilineo,Incidente a veicolo isolato,1,0
2020,Bari,Altamura,Nell'Abitato,Strada Urbana,Incrocio,Incidente tra veicoli,1,0
2020,Bari,Locorotondo,Nell'Abitato,Strada Urbana,Incrocio,Incidente tra veicoli,2,0
2020,Bari,Altamura,Nell'Abitato,Strada Urbana,Incrocio,Incidente tra veicoli,2,0
2020,Bari,Locorotondo,Fuori Abitato,Strada Statale,Rettilineo,Incidente tra veicoli,1,0
2020,Bari,Mola di Bari,Fuori Abitato,Strada comunale extraurbana,Incrocio,Incidente tra veicoli,1,0
2020,Bari,Palo del Colle,Nell'Abitato,Strada Urbana,Curva,Incidente tra veicoli,4,0
2020,Bari,Sammichele di Bari,Fuori Abitato,Strada Provinciale,Incrocio,Incidente tra veicoli,3,0
2020,Bari,Molfetta,Nell'Abitato,Strada Statale,Incrocio,Incidente tra veicoli,3,0
2020,Bari,Altamura,Nell'Abitato,Strada Urbana,Incrocio,Incidente tra veicoli,2,0
2020,Bari,Gioia del Colle,Nell'Abitato,Strada Urbana,Rettilineo,Incidente tra veicoli,1,0
2020,Bari,Noicattaro,Nell'Abitato,Strada Urbana,Incrocio,Incidente tra veicoli,1,0
2020,Bari,Noicattaro,Fuori Abitato,Strada Provinciale,Rettilineo,Incidente tra veicoli,1,0
2020,Bari,Corato,Nell'Abitato,Strada Urbana,Incrocio,Incidente tra veicoli,3,0
2020,Bari,Gioia del Colle,Nell'Abitato,Strada Urbana,Incrocio,Incidente tra veicoli,1,0
2020,Bari,Monopoli,Fuori Abitato,Strada Statale,Rettilineo,Incidente tra veicoli,4,0
2020,Bari,Monopoli,Nell'Abitato,Strada Urbana,Incrocio,Incidente tra veicoli,2,0
2020,Bari,Monopoli,Fuori Abitato,Strada Provinciale,Rettilineo,Incidente tra veicoli,2,0
2020,Bari,Bari,Nell'Abitato,Strada Statale,Rettilineo,Incidente tra veicoli,1,0
2020,Bari,Putignano,Fuori Abitato,Strada Statale,Rettilineo,Incidente tra veicoli,2,0
2020,Bari,Monopoli,Nell'Abitato,Strada Provinciale,Rettilineo,Incidente tra veicoli,3,0
2020,Bari,Monopoli,Nell'Abitato,Strada Urbana,Rettilineo,Incidente tra veicoli,2,0
2020,Bari,Triggiano,Fuori Abitato,Strada Provinciale,Rettilineo,Incidente tra veicoli,1,0
2020,Bari,Castellana Grotte,Nell'Abitato,Strada Provinciale,Incrocio,Incidente tra veicoli,1,0
2020,Bari,Gravina in Puglia,Nell'Abitato,Strada Urbana,Incrocio,Incidente tra veicoli,1,0
2020,Bari,Bitetto,Fuori Abitato,Strada Provinciale,Curva,Incidente tra veicoli,3,0
2020,Bari,Santeramo in Colle,Nell'Abitato,Strada Urbana,Incrocio,Incidente tra veicoli,2,0
2020,Bari,Bari,Nell'Abitato,Strada Urbana,Rettilineo,Incidente tra veicoli,2,0
2020,Bari,Palo del Colle,Fuori Abitato,Strada Provinciale,Rettilineo,Incidente tra veicoli,3,0
2020,Bari,Giovinazzo,Fuori Abitato,Strada Statale,Rettilineo,Incidente tra veicoli,3,0
2020,Bari,Triggiano,Fuori Abitato,Strada Provinciale,Incrocio,Incidente tra veicoli,1,0
2020,Bari,Monopoli,Fuori Abitato,Strada Statale,Rettilineo,Incidente tra veicoli,10,0
2020,Bari,Gravina in Puglia,Nell'Abitato,Strada Urbana,Incrocio,Incidente tra veicoli,5,0
2020,Bari,Rutigliano,Fuori Abitato,Strada Provinciale,Rettilineo,Incidente tra veicoli,4,0
2020,Bari,Bitonto,Nell'Abitato,Strada Urbana,Incrocio,Incidente tra veicoli,4,0
2020,Bari,Ruvo di Puglia,Fuori Abitato,Strada Provinciale,Rettilineo,Incidente tra veicoli,3,0
2020,Bari,Bitritto,Nell'Abitato,Strada Urbana,Rettilineo,Incidente tra veicoli,1,0
2020,Bari,Casamassima,Fuori Abitato,Strada Provinciale,Incrocio,Incidente tra veicoli,1,0
2020,Bari,Gravina in Puglia,Fuori Abitato,Strada Provinciale,Incrocio,Incidente tra veicoli,1,0
2020,Bari,Bitonto,Nell'Abitato,Strada Urbana,Incrocio,Incidente tra veicoli,2,0
2020,Bari,Altamura,Nell'Abitato,Strada Urbana,Rettilineo,Incidente a veicolo isolato,1,0
2020,Bari,Acquaviva delle Fonti,Fuori Abitato,Strada Provinciale,Curva,Incidente a veicolo isolato,1,0
2020,Bari,Bitonto,Nell'Abitato,Strada Urbana,Incrocio,Incidente tra veicoli,6,0
2020,Bari,Terlizzi,Nell'Abitato,Strada Urbana,Rettilineo,Investimento di pedone,2,0
2020,Bari,Altamura,Nell'Abitato,Strada Urbana,Rettilineo,Incidente tra veicoli,1,0
2020,Bari,Santeramo in Colle,Nell'Abitato,Strada Urbana,Incrocio,Investimento di pedone,2,0
2020,Bari,Ruvo di Puglia,Nell'Abitato,Strada Urbana,Incrocio,Incidente tra veicoli,2,0
2020,Bari,Polignano a Mare,Nell'Abitato,Strada Urbana,Rettilineo,Investimento di pedone,1,0
2020,Bari,Putignano,Nell'Abitato,Strada Urbana,Rettilineo,Incidente tra veicoli,1,0
2020,Bari,Bitonto,Nell'Abitato,Strada Urbana,Rettilineo,Incidente tra veicoli,2,0
2020,Bari,Altamura,Nell'Abitato,Strada Urbana,Rettilineo,Incidente tra veicoli,2,0
2020,Bari,Ruvo di Puglia,Nell'Abitato,Strada Urbana,Incrocio,Incidente tra veicoli,2,0
2020,Bari,Altamura,Nell'Abitato,Strada Urbana,Rettilineo,Investimento di pedone,1,0
2020,Bari,Bitonto,Fuori Abitato,Strada Provinciale,Incrocio,Incidente tra veicoli,6,0
2020,Bari,Ruvo di Puglia,Fuori Abitato,Strada comunale extraurbana,Incrocio,Incidente tra veicoli,1,0
2020,Bari,Altamura,Nell'Abitato,Strada Urbana,Incrocio,Incidente tra veicoli,2,0
2020,Bari,Polignano a Mare,Fuori Abitato,Strada Provinciale,Incrocio,Incidente tra veicoli,1,0
2020,Bari,Altamura,Fuori Abitato,Strada Provinciale,Incrocio,Incidente tra veicoli,1,0
2020,Bari,Gioia del Colle,Nell'Abitato,Strada Urbana,Incrocio,Incidente tra veicoli,1,0
2020,Bari,Rutigliano,Fuori Abitato,Strada Provinciale,Incrocio,Incidente tra veicoli,1,0
2020,Bari,Putignano,Nell'Abitato,Strada Urbana,Incrocio,Incidente tra veicoli,1,0
2020,Bari,Rutigliano,Fuori Abitato,Strada comunale extraurbana,Rettilineo,Incidente tra veicoli,2,0
2020,Bari,Polignano a Mare,Nell'Abitato,Strada Urbana,Incrocio,Incidente tra veicoli,1,0
2020,Bari,Castellana Grotte,Nell'Abitato,Strada Urbana,Incrocio,Incidente tra veicoli,3,0
2020,Bari,Putignano,Fuori Abitato,Strada Statale,Rettilineo,Incidente tra veicoli,2,0
2020,Bari,Castellana Grotte,Nell'Abitato,Strada Urbana,Rettilineo,Investimento di pedone,1,0
2020,Bari,Conversano,Nell'Abitato,Strada Provinciale,Rettilineo,Incidente a veicolo isolato,1,0
2020,Bari,Bitonto,Nell'Abitato,Strada Urbana,Incrocio,Incidente tra veicoli,2,0
2020,Bari,Altamura,Nell'Abitato,Strada Urbana,Rettilineo,Investimento di pedone,1,0
2020,Bari,Putignano,Nell'Abitato,Strada Statale,Incrocio,Incidente tra veicoli,1,0
2020,Bari,Casamassima,Fuori Abitato,Strada Statale,Rettilineo,Incidente tra veicoli,1,0
2020,Bari,Altamura,Nell'Abitato,Strada Urbana,Incrocio,Incidente tra veicoli,1,0
2020,Bari,Ruvo di Puglia,Fuori Abitato,Strada Provinciale,Incrocio,Incidente tra veicoli,1,1
2020,Bari,Santeramo in Colle,Nell'Abitato,Strada Urbana,Rettilineo,Investimento di pedone,1,0
2020,Bari,Altamura,Fuori Abitato,Strada Provinciale,Incrocio,Incidente tra veicoli,2,1
2020,Bari,Gravina in Puglia,Nell'Abitato,Strada Urbana,Incrocio,Incidente tra veicoli,1,0
2020,Bari,Terlizzi,Nell'Abitato,Strada Urbana,Incrocio,Incidente tra veicoli,2,0
2020,Bari,Polignano a Mare,Fuori Abitato,Strada comunale extraurbana,Curva,Incidente tra veicoli,2,0
2020,Bari,Monopoli,Nell'Abitato,Strada Urbana,Incrocio,Incidente tra veicoli,1,0
2020,Bari,Casamassima,Nell'Abitato,Strada Urbana,Incrocio,Incidente tra veicoli,3,0
2020,Bari,Putignano,Fuori Abitato,Strada Provinciale,Incrocio,Incidente tra veicoli,1,0
2020,Bari,Conversano,Nell'Abitato,Strada Urbana,Incrocio,Incidente tra veicoli,1,0
2020,Bari,Bitonto,Fuori Abitato,Strada Provinciale,Incrocio,Incidente tra veicoli,1,0
2020,Bari,Rutigliano,Nell'Abitato,Strada Urbana,Incrocio,Incidente tra veicoli,2,0
2020,Bari,Monopoli,Nell'Abitato,Strada Urbana,Incrocio,Incidente tra veicoli,1,0
2020,Bari,Bari,Nell'Abitato,Strada Urbana,Rettilineo,Incidente tra veicoli,2,0
2020,Bari,Bari,Nell'Abitato,Strada Urbana,Rettilineo,Incidente a veicolo isolato,1,0
2020,Bari,Bari,Nell'Abitato,Strada Urbana,Rettilineo,Incidente tra veicoli,2,0
2020,Bari,Bari,Nell'Abitato,Strada Urbana,Incrocio,Incidente tra veicoli,2,0
2020,Bari,Bari,Nell'Abitato,Strada Urbana,Incrocio,Incidente tra veicoli,1,0
2020,Bari,Bari,Nell'Abitato,Strada Urbana,Incrocio,Investimento di pedone,1,0
2020,Bari,Bari,Nell'Abitato,Strada Urbana,Rettilineo,Incidente a veicolo isolato,1,0
2020,Bari,Bari,Nell'Abitato,Strada Urbana,Incrocio,Incidente tra veicoli,1,0
2020,Bari,Bari,Nell'Abitato,Strada Urbana,Rettilineo,Incidente tra veicoli,1,0
2020,Bari,Bari,Nell'Abitato,Strada Urbana,Rettilineo,Incidente a veicolo isolato,1,0
2020,Bari,Bari,Nell'Abitato,Strada Urbana,Incrocio,Incidente tra veicoli,1,0
2020,Bari,Bari,Nell'Abitato,Strada Urbana,Incrocio,Incidente tra veicoli,2,0
2020,Bari,Bari,Nell'Abitato,Strada Urbana,Incrocio,Investimento di pedone,1,0
2020,Bari,Bari,Nell'Abitato,Strada Urbana,Rettilineo,Incidente tra veicoli,2,0
2020,Bari,Bari,Nell'Abitato,Strada Urbana,Rettilineo,Incidente tra veicoli,4,0
2020,Bari,Bari,Nell'Abitato,Strada Urbana,Rettilineo,Incidente tra veicoli,3,0
2020,Bari,Bari,Nell'Abitato,Strada Urbana,Rettilineo,Incidente tra veicoli,1,0
2020,Bari,Altamura,Fuori Abitato,Strada Statale,Rettilineo,Incidente tra veicoli,2,0
2020,Bari,Turi,Fuori Abitato,Strada Provinciale,Rettilineo,Incidente a veicolo isolato,2,0
2020,Bari,Altamura,Fuori Abitato,Strada Provinciale,Rettilineo,Incidente tra veicoli,2,0
2020,Bari,Ruvo di Puglia,Fuori Abitato,Strada Provinciale,Curva,Incidente tra veicoli,2,0
2020,Bari,Altamura,Fuori Abitato,Strada Provinciale,Curva,Incidente tra veicoli,3,0
2020,Bari,Bitonto,Fuori Abitato,Strada Provinciale,Rettilineo,Incidente tra veicoli,2,0
2020,Bari,Altamura,Fuori Abitato,Strada Provinciale,Rettilineo,Incidente tra veicoli,2,0
2020,Bari,Altamura,Fuori Abitato,Strada Provinciale,Rettilineo,Incidente tra veicoli,4,0
2020,Bari,Altamura,Fuori Abitato,Strada Provinciale,Rettilineo,Incidente tra veicoli,1,0
2020,Bari,Altamura,Fuori Abitato,Strada Provinciale,Rettilineo,Incidente tra veicoli,1,4
2020,Bari,Altamura,Nell'Abitato,Strada Statale,Rettilineo,Incidente tra veicoli,4,0
2020,Bari,Polignano a Mare,Fuori Abitato,Strada Statale,Rettilineo,Incidente a veicolo isolato,1,0
2020,Bari,Bari,Nell'Abitato,Strada Urbana,Incrocio,Incidente a veicolo isolato,1,0
2020,Bari,Bari,Nell'Abitato,Strada Urbana,Rettilineo,Incidente a veicolo isolato,1,0
2020,Bari,Bari,Nell'Abitato,Strada Urbana,Rettilineo,Incidente a veicolo isolato,1,0
2020,Bari,Bari,Nell'Abitato,Strada Urbana,Rettilineo,Incidente tra veicoli,1,0
2020,Bari,Bari,Nell'Abitato,Strada Urbana,Incrocio,Incidente tra veicoli,1,0
2020,Bari,Bari,Nell'Abitato,Strada Urbana,Rettilineo,Incidente a veicolo isolato,2,0
2020,Bari,Bari,Nell'Abitato,Strada Urbana,Incrocio,Incidente tra veicoli,1,0
2020,Bari,Bari,Nell'Abitato,Strada Urbana,Incrocio,Incidente a veicolo isolato,1,0
2020,Bari,Bari,Nell'Abitato,Strada Urbana,Rettilineo,Investimento di pedone,1,0
2020,Bari,Bari,Nell'Abitato,Strada Urbana,Rettilineo,Incidente tra veicoli,1,0
2020,Bari,Bari,Fuori Abitato,Altra strada,Rettilineo,Incidente a veicolo isolato,1,0
2020,Bari,Bari,Nell'Abitato,Strada Urbana,Rettilineo,Investimento di pedone,1,0
2020,Bari,Bari,Nell'Abitato,Strada Urbana,Incrocio,Incidente tra veicoli,1,0
2020,Bari,Bari,Nell'Abitato,Strada Urbana,Rettilineo,Incidente tra veicoli,1,0
2020,Bari,Bari,Nell'Abitato,Strada Urbana,Incrocio,Incidente tra veicoli,1,0
2020,Bari,Bari,Nell'Abitato,Strada Urbana,Curva,Incidente a veicolo isolato,1,0
2020,Bari,Bari,Nell'Abitato,Strada Urbana,Incrocio,Incidente tra veicoli,2,0
2020,Bari,Bari,Nell'Abitato,Strada Urbana,Incrocio,Incidente tra veicoli,1,0
2020,Bari,Bari,Nell'Abitato,Strada Urbana,Incrocio,Incidente tra veicoli,1,0
2020,Bari,Bari,Nell'Abitato,Strada Urbana,Incrocio,Incidente tra veicoli,1,0
2020,Bari,Bari,Nell'Abitato,Strada Urbana,Rettilineo,Incidente tra veicoli,2,0
2020,Bari,Bari,Nell'Abitato,Strada Urbana,Incrocio,Incidente tra veicoli,2,0
2020,Bari,Bari,Nell'Abitato,Strada Urbana,Rettilineo,Incidente a veicolo isolato,1,0
2020,Bari,Bari,Nell'Abitato,Strada Urbana,Rettilineo,Investimento di pedone,1,0
2020,Bari,Bari,Nell'Abitato,Strada Urbana,Rettilineo,Investimento di pedone,2,0
2020,Bari,Bari,Nell'Abitato,Strada Urbana,Rettilineo,Incidente tra veicoli,1,0
2020,Bari,Bari,Nell'Abitato,Strada Urbana,Incrocio,Incidente tra veicoli,1,0
2020,Bari,Bari,Nell'Abitato,Strada Urbana,Incrocio,Investimento di pedone,1,0
2020,Bari,Bari,Nell'Abitato,Strada Urbana,Rettilineo,Incidente tra veicoli,1,0
2020,Bari,Bari,Nell'Abitato,Strada Urbana,Incrocio,Incidente tra veicoli,1,0
2020,Bari,Bari,Nell'Abitato,Strada Urbana,Incrocio,Incidente tra veicoli,1,0
2020,Bari,Bari,Nell'Abitato,Strada Urbana,Rettilineo,Incidente tra veicoli,1,0
2020,Bari,Bari,Nell'Abitato,Strada Urbana,Incrocio,Incidente tra veicoli,1,0
2020,Bari,Bari,Nell'Abitato,Strada Urbana,Rotatoria,Incidente tra veicoli,1,0
2020,Bari,Bari,Nell'Abitato,Strada Urbana,Rettilineo,Investimento di pedone,1,0
2020,Bari,Bari,Nell'Abitato,Strada Urbana,Incrocio,Incidente tra veicoli,1,0
2020,Bari,Bari,Nell'Abitato,Strada Urbana,Curva,Investimento di pedone,2,0
2020,Bari,Bari,Nell'Abitato,Strada Urbana,Incrocio,Investimento di pedone,1,0
2020,Bari,Molfetta,Nell'Abitato,Strada Urbana,Incrocio,Investimento di pedone,1,0
2020,Bari,Molfetta,Nell'Abitato,Strada Urbana,Rettilineo,Incidente tra veicoli,1,0
2020,Bari,Conversano,Nell'Abitato,Strada Urbana,Rettilineo,Investimento di pedone,2,0
2020,Bari,Corato,Fuori Abitato,Strada comunale extraurbana,Rettilineo,Incidente a veicolo isolato,1,0
2020,Bari,Conversano,Nell'Abitato,Strada Urbana,Rettilineo,Investimento di pedone,1,0
2020,Bari,Molfetta,Fuori Abitato,Strada Statale,Rettilineo,Incidente a veicolo isolato,1,0
2020,Bari,Molfetta,Nell'Abitato,Strada Urbana,Incrocio,Incidente tra veicoli,2,0
2020,Bari,Noicattaro,Fuori Abitato,Strada Provinciale,Rotatoria,Incidente a veicolo isolato,2,0
2020,Bari,Altamura,Fuori Abitato,Strada Provinciale,Curva,Incidente a veicolo isolato,1,0
2020,Bari,Molfetta,Nell'Abitato,Strada Urbana,Rettilineo,Investimento di pedone,1,0
2020,Bari,Modugno,Nell'Abitato,Strada Urbana,Rettilineo,Investimento di pedone,1,0
2020,Bari,Molfetta,Nell'Abitato,Strada Urbana,Rettilineo,Incidente a veicolo isolato,1,0
2020,Bari,Conversano,Fuori Abitato,Strada Provinciale,Rettilineo,Incidente a veicolo isolato,1,0
2020,Bari,Bari,Nell'Abitato,Strada Urbana,Rettilineo,Incidente tra veicoli,1,0
2020,Bari,Bari,Nell'Abitato,Strada Urbana,Incrocio,Incidente tra veicoli,3,0
2020,Bari,Bari,Nell'Abitato,Strada Urbana,Rettilineo,Incidente tra veicoli,1,0
2020,Bari,Bari,Nell'Abitato,Strada Urbana,Incrocio,Incidente tra veicoli,2,0
2020,Bari,Bari,Nell'Abitato,Strada Urbana,Incrocio,Incidente tra veicoli,1,0
2020,Bari,Bari,Nell'Abitato,Strada Urbana,Rettilineo,Incidente tra veicoli,1,0
2020,Bari,Bari,Nell'Abitato,Strada Urbana,Incrocio,Incidente tra veicoli,1,0
2020,Bari,Bari,Nell'Abitato,Strada Urbana,Rettilineo,Incidente tra veicoli,2,0
2020,Bari,Bari,Nell'Abitato,Strada Urbana,Rettilineo,Incidente tra veicoli,1,0
2020,Bari,Bari,Nell'Abitato,Strada Urbana,Incrocio,Incidente tra veicoli,1,0
2020,Bari,Bari,Nell'Abitato,Strada Urbana,Rettilineo,Incidente tra veicoli,1,0
2020,Bari,Bari,Nell'Abitato,Strada Urbana,Incrocio,Incidente tra veicoli,1,0
2020,Bari,Bari,Nell'Abitato,Strada Urbana,Incrocio,Incidente tra veicoli,1,0
2020,Bari,Bari,Nell'Abitato,Strada Urbana,Incrocio,Incidente tra veicoli,1,0
2020,Bari,Bari,Nell'Abitato,Strada Urbana,Rettilineo,Incidente tra veicoli,2,0
2020,Bari,Bari,Nell'Abitato,Strada Urbana,Incrocio,Incidente tra veicoli,1,0
2020,Bari,Bari,Nell'Abitato,Strada Urbana,Rettilineo,Incidente tra veicoli,1,0
2020,Bari,Bari,Nell'Abitato,Strada Urbana,Rettilineo,Incidente tra veicoli,1,0
2020,Bari,Bari,Nell'Abitato,Strada Urbana,Curva,Incidente tra veicoli,1,0
2020,Bari,Bari,Nell'Abitato,Strada Urbana,Rettilineo,Incidente tra veicoli,2,0
2020,Bari,Bari,Nell'Abitato,Strada Urbana,Incrocio,Incidente tra veicoli,1,0
2020,Bari,Bari,Nell'Abitato,Strada Urbana,Rettilineo,Incidente tra veicoli,2,0
2020,Bari,Bari,Nell'Abitato,Strada Urbana,Rettilineo,Incidente tra veicoli,1,0
2020,Bari,Bari,Nell'Abitato,Strada Urbana,Rettilineo,Incidente tra veicoli,1,0
2020,Bari,Bari,Nell'Abitato,Strada Urbana,Incrocio,Incidente tra veicoli,1,0
2020,Bari,Bari,Nell'Abitato,Strada Urbana,Incrocio,Incidente tra veicoli,1,0
2020,Bari,Bari,Nell'Abitato,Strada Urbana,Rettilineo,Incidente tra veicoli,1,0
2020,Bari,Bari,Nell'Abitato,Strada Urbana,Incrocio,Incidente tra veicoli,1,0
2020,Bari,Bari,Nell'Abitato,Strada Urbana,Rettilineo,Incidente tra veicoli,2,0
2020,Bari,Bari,Nell'Abitato,Strada Urbana,Incrocio,Incidente tra veicoli,1,0
2020,Bari,Bari,Nell'Abitato,Strada Urbana,Incrocio,Incidente tra veicoli,1,0
2020,Bari,Bari,Nell'Abitato,Strada Urbana,Incrocio,Incidente tra veicoli,1,0
2020,Bari,Bari,Nell'Abitato,Strada Urbana,Rettilineo,Incidente tra veicoli,1,0
2020,Bari,Bari,Nell'Abitato,Strada Urbana,Incrocio,Incidente tra veicoli,1,0
2020,Bari,Bari,Nell'Abitato,Strada Urbana,Incrocio,Incidente tra veicoli,2,0
2020,Bari,Bari,Nell'Abitato,Strada Urbana,Rettilineo,Incidente tra veicoli,1,0
2020,Bari,Bari,Nell'Abitato,Strada Urbana,Curva,Incidente tra veicoli,1,0
2020,Bari,Bari,Nell'Abitato,Strada Urbana,Rettilineo,Incidente tra veicoli,3,0
2020,Bari,Bari,Nell'Abitato,Strada Urbana,Incrocio,Incidente tra veicoli,1,0
2020,Bari,Bari,Nell'Abitato,Strada Urbana,Incrocio,Incidente tra veicoli,2,0
2020,Bari,Bari,Nell'Abitato,Strada Urbana,Rettilineo,Incidente tra veicoli,3,0
2020,Bari,Bari,Nell'Abitato,Strada Urbana,Incrocio,Incidente tra veicoli,1,0
2020,Bari,Bari,Nell'Abitato,Strada Urbana,Incrocio,Incidente tra veicoli,1,0
2020,Bari,Bari,Nell'Abitato,Strada Urbana,Incrocio,Incidente tra veicoli,1,0
2020,Bari,Bari,Nell'Abitato,Strada Urbana,Rettilineo,Incidente tra veicoli,1,0
2020,Bari,Bari,Nell'Abitato,Strada Urbana,Rettilineo,Incidente tra veicoli,2,0
2020,Bari,Bari,Nell'Abitato,Strada Urbana,Incrocio,Incidente tra veicoli,2,0
2020,Bari,Bari,Nell'Abitato,Strada Urbana,Incrocio,Incidente tra veicoli,2,0
2020,Bari,Bari,Nell'Abitato,Strada Urbana,Incrocio,Incidente tra veicoli,3,0
2020,Bari,Bari,Nell'Abitato,Strada Urbana,Incrocio,Incidente tra veicoli,2,0
2020,Bari,Bari,Fuori Abitato,Strada Provinciale,Rettilineo,Incidente tra veicoli,2,0
2020,Bari,Bari,Nell'Abitato,Strada Urbana,Incrocio,Incidente tra veicoli,1,0
2020,Bari,Bari,Nell'Abitato,Strada Urbana,Rettilineo,Incidente tra veicoli,1,0
2020,Bari,Bari,Nell'Abitato,Strada Urbana,Incrocio,Incidente tra veicoli,2,0
2020,Bari,Bari,Nell'Abitato,Strada Urbana,Rettilineo,Incidente tra veicoli,2,0
2020,Bari,Bari,Nell'Abitato,Strada Urbana,Rettilineo,Incidente tra veicoli,1,0
2020,Bari,Bari,Nell'Abitato,Strada Urbana,Rettilineo,Incidente tra veicoli,1,0
2020,Bari,Bari,Nell'Abitato,Strada Urbana,Rettilineo,Incidente tra veicoli,1,0
2020,Bari,Bari,Nell'Abitato,Strada Urbana,Incrocio,Incidente tra veicoli,3,0
2020,Bari,Bari,Fuori Abitato,Strada comunale extraurbana,Curva,Incidente tra veicoli,2,0
2020,Bari,Bari,Nell'Abitato,Strada Urbana,Incrocio,Incidente tra veicoli,1,0
2020,Bari,Bari,Nell'Abitato,Strada Urbana,Incrocio,Incidente tra veicoli,1,0
2020,Bari,Bari,Nell'Abitato,Strada Urbana,Incrocio,Incidente tra veicoli,2,0
2020,Bari,Bari,Nell'Abitato,Strada Urbana,Rettilineo,Incidente tra veicoli,3,0
2020,Bari,Bari,Nell'Abitato,Strada Urbana,Rettilineo,Incidente tra veicoli,1,0
2020,Bari,Bari,Nell'Abitato,Strada Urbana,Rettilineo,Incidente tra veicoli,3,0
2020,Bari,Bari,Nell'Abitato,Strada Urbana,Incrocio,Incidente tra veicoli,4,0
2020,Bari,Bari,Nell'Abitato,Strada Urbana,Incrocio,Incidente tra veicoli,1,0
2020,Bari,Bari,Nell'Abitato,Strada Urbana,Rettilineo,Incidente tra veicoli,1,0
2020,Bari,Noicattaro,Nell'Abitato,Strada Urbana,Incrocio,Incidente tra veicoli,1,0
2020,Bari,Modugno,Nell'Abitato,Strada Urbana,Incrocio,Incidente tra veicoli,1,0
2020,Bari,Triggiano,Nell'Abitato,Strada Urbana,Incrocio,Incidente tra veicoli,1,0
2020,Bari,Giovinazzo,Fuori Abitato,Strada Statale,Rettilineo,Incidente tra veicoli,3,0
2020,Bari,Capurso,Nell'Abitato,Strada Urbana,Incrocio,Incidente tra veicoli,1,0
2020,Bari,Monopoli,Nell'Abitato,Strada Urbana,Incrocio,Incidente tra veicoli,1,0
2020,Bari,Conversano,Nell'Abitato,Strada Urbana,Rettilineo,Incidente tra veicoli,3,0
2020,Bari,Corato,Nell'Abitato,Strada Urbana,Incrocio,Incidente tra veicoli,1,0
2020,Bari,Conversano,Nell'Abitato,Strada Urbana,Incrocio,Incidente tra veicoli,1,0
2020,Bari,Modugno,Nell'Abitato,Strada Urbana,Incrocio,Incidente tra veicoli,1,0
2020,Bari,Mola di Bari,Nell'Abitato,Strada Urbana,Incrocio,Incidente tra veicoli,2,0
2020,Bari,Monopoli,Fuori Abitato,Altra strada,Curva,Incidente tra veicoli,1,0
2020,Bari,Giovinazzo,Nell'Abitato,Strada Urbana,Rettilineo,Incidente tra veicoli,1,0
2020,Bari,Modugno,Nell'Abitato,Strada Urbana,Incrocio,Incidente tra veicoli,1,0
2020,Bari,Adelfia,Nell'Abitato,Strada Urbana,Rettilineo,Incidente tra veicoli,1,0
2020,Bari,Palo del Colle,Nell'Abitato,Strada Urbana,Rotatoria,Incidente tra veicoli,1,0
2020,Bari,Molfetta,Nell'Abitato,Strada Urbana,Incrocio,Incidente tra veicoli,1,0
2020,Bari,Triggiano,Fuori Abitato,Strada Provinciale,Rettilineo,Incidente tra veicoli,2,0
2020,Bari,Mola di Bari,Nell'Abitato,Strada Urbana,Incrocio,Incidente tra veicoli,1,0
2020,Bari,Monopoli,Nell'Abitato,Strada Urbana,Incrocio,Incidente tra veicoli,1,0
2020,Bari,Noicattaro,Nell'Abitato,Strada Urbana,Incrocio,Incidente tra veicoli,2,0
2020,Bari,Molfetta,Fuori Abitato,Strada Statale,Rettilineo,Incidente tra veicoli,1,1
2020,Bari,Monopoli,Nell'Abitato,Strada Urbana,Incrocio,Incidente tra veicoli,0,1
2020,Bari,Molfetta,Nell'Abitato,Strada Urbana,Incrocio,Incidente tra veicoli,1,0
2020,Bari,Modugno,Nell'Abitato,Strada Urbana,Incrocio,Incidente tra veicoli,2,0
2020,Bari,Monopoli,Nell'Abitato,Strada Urbana,Rotatoria,Incidente tra veicoli,1,0
2020,Bari,Molfetta,Nell'Abitato,Strada Urbana,Incrocio,Incidente tra veicoli,3,0
2020,Bari,Noci,Fuori Abitato,Strada Provinciale,Curva,Incidente tra veicoli,1,0
2020,Bari,Modugno,Fuori Abitato,Strada Provinciale,Rettilineo,Incidente tra veicoli,1,0
2020,Bari,Corato,Fuori Abitato,Strada comunale extraurbana,Curva,Incidente tra veicoli,2,0
2020,Bari,Giovinazzo,Nell'Abitato,Strada Urbana,Rettilineo,Incidente tra veicoli,1,0
2020,Bari,Corato,Fuori Abitato,Strada Provinciale,Incrocio,Incidente tra veicoli,2,0
2020,Bari,Corato,Nell'Abitato,Strada Urbana,Incrocio,Incidente tra veicoli,1,0
2020,Bari,Molfetta,Nell'Abitato,Strada Urbana,Incrocio,Incidente tra veicoli,1,0
2020,Bari,Giovinazzo,Fuori Abitato,Strada comunale extraurbana,Rettilineo,Incidente tra veicoli,1,0
2020,Bari,Mola di Bari,Fuori Abitato,Strada Provinciale,Rettilineo,Incidente tra veicoli,1,0
2020,Bari,Triggiano,Nell'Abitato,Strada Urbana,Incrocio,Incidente tra veicoli,0,1
2020,Bari,Corato,Fuori Abitato,Strada comunale extraurbana,Incrocio,Incidente tra veicoli,1,0
2020,Bari,Capurso,Nell'Abitato,Strada Urbana,Incrocio,Incidente tra veicoli,1,0
2020,Bari,Monopoli,Fuori Abitato,Strada comunale extraurbana,Rettilineo,Incidente tra veicoli,3,0
2020,Bari,Conversano,Nell'Abitato,Strada Urbana,Incrocio,Incidente tra veicoli,1,0
2020,Bari,Bitetto,Fuori Abitato,Strada Provinciale,Rettilineo,Incidente tra veicoli,1,0
2020,Bari,Monopoli,Nell'Abitato,Strada Urbana,Incrocio,Incidente tra veicoli,2,0
2020,Bari,Giovinazzo,Fuori Abitato,Strada Statale,Rettilineo,Incidente tra veicoli,1,0
2020,Bari,Modugno,Fuori Abitato,Strada Provinciale,Rotatoria,Incidente tra veicoli,1,0
2020,Bari,Capurso,Fuori Abitato,Strada Statale,Curva,Incidente tra veicoli,2,0
2020,Bari,Molfetta,Nell'Abitato,Strada Urbana,Incrocio,Incidente tra veicoli,1,0
2020,Bari,Bari,Nell'Abitato,Strada Urbana,Rettilineo,Incidente tra veicoli,1,0
2020,Bari,Bari,Nell'Abitato,Strada Urbana,Rettilineo,Incidente tra veicoli,1,0
2020,Bari,Bari,Nell'Abitato,Strada Urbana,Rettilineo,Incidente tra veicoli,4,0
2020,Bari,Monopoli,Nell'Abitato,Strada Urbana,Rettilineo,Incidente tra veicoli,1,0
2020,Bari,Adelfia,Fuori Abitato,Strada comunale extraurbana,Rettilineo,Incidente tra veicoli,4,0
2020,Bari,Molfetta,Fuori Abitato,Strada Statale,Rettilineo,Incidente tra veicoli,0,1
2020,Bari,Monopoli,Nell'Abitato,Strada Urbana,Rettilineo,Incidente tra veicoli,2,0
2020,Bari,Giovinazzo,Nell'Abitato,Strada Urbana,Rettilineo,Incidente tra veicoli,1,0
2020,Bari,Molfetta,Nell'Abitato,Strada Urbana,Incrocio,Incidente tra veicoli,1,0
2020,Bari,Monopoli,Nell'Abitato,Strada Urbana,Rettilineo,Incidente tra veicoli,1,0
2020,Bari,Bitonto,Nell'Abitato,Strada Urbana,Incrocio,Incidente tra veicoli,2,0
2020,Bari,Ruvo di Puglia,Fuori Abitato,Strada Provinciale,Rettilineo,Incidente a veicolo isolato,3,0
2020,Bari,Sammichele di Bari,Fuori Abitato,Strada Statale,Rettilineo,Incidente tra veicoli,3,0
2020,Bari,Bari,Fuori Abitato,Strada Statale,Rettilineo,Incidente tra veicoli,3,0
2020,Bari,Bari,Fuori Abitato,Strada Statale,Rettilineo,Incidente tra veicoli,1,0
2020,Bari,Bari,Fuori Abitato,Strada Statale,Rettilineo,Incidente tra veicoli,2,0
2020,Bari,Bari,Fuori Abitato,Strada Statale,Curva,Incidente a veicolo isolato,1,0
2020,Bari,Bari,Fuori Abitato,Strada Statale,Rettilineo,Incidente tra veicoli,2,0
2020,Bari,Bari,Fuori Abitato,Strada Statale,Rettilineo,Incidente a veicolo isolato,1,0
2020,Bari,Bari,Fuori Abitato,Strada Statale,Rettilineo,Incidente tra veicoli,2,0
2020,Bari,Bari,Fuori Abitato,Strada Statale,Rettilineo,Incidente tra veicoli,3,0
2020,Bari,Bari,Fuori Abitato,Strada Statale,Rettilineo,Incidente tra veicoli,1,0
2020,Bari,Mola di Bari,Fuori Abitato,Strada Statale,Rettilineo,Incidente tra veicoli,2,0
2020,Bari,Bari,Fuori Abitato,Strada Statale,Rettilineo,Incidente tra veicoli,2,0
2020,Bari,Bari,Fuori Abitato,Strada Statale,Curva,Incidente tra veicoli,1,0
2020,Bari,Polignano a Mare,Fuori Abitato,Strada Statale,Rettilineo,Incidente tra veicoli,2,0
2020,Bari,Rutigliano,Fuori Abitato,Strada Provinciale,Rettilineo,Incidente tra veicoli,3,0
2020,Bari,Polignano a Mare,Fuori Abitato,Strada Statale,Rettilineo,Incidente tra veicoli,1,0
2020,Bari,Polignano a Mare,Fuori Abitato,Strada Statale,Rettilineo,Incidente tra veicoli,4,0
2020,Bari,Bari,Fuori Abitato,Strada Statale,Rettilineo,Incidente tra veicoli,2,0
2020,Bari,Bari,Fuori Abitato,Strada Statale,Rettilineo,Incidente tra veicoli,2,0
2020,Bari,Bari,Fuori Abitato,Strada Statale,Rettilineo,Incidente tra veicoli,4,0
2020,Bari,Molfetta,Fuori Abitato,Strada comunale extraurbana,Rettilineo,Incidente tra veicoli,2,0
2020,Bari,Palo del Colle,Nell'Abitato,Strada Urbana,Rettilineo,Incidente tra veicoli,1,0
2020,Bari,Corato,Fuori Abitato,Strada Provinciale,Rettilineo,Incidente a veicolo isolato,1,0
2020,Bari,Conversano,Nell'Abitato,Strada Urbana,Curva,Incidente a veicolo isolato,1,0
2020,Bari,Noicattaro,Fuori Abitato,Strada Provinciale,Rettilineo,Incidente a veicolo isolato,1,0
2020,Bari,Monopoli,Fuori Abitato,Strada Provinciale,Curva,Incidente a veicolo isolato,2,0
2020,Bari,Altamura,Fuori Abitato,Strada Statale,Rettilineo,Incidente a veicolo isolato,1,0
2020,Bari,Molfetta,Nell'Abitato,Strada Statale,Rettilineo,Incidente a veicolo isolato,1,0
2020,Bari,Triggiano,Fuori Abitato,Strada Provinciale,Rettilineo,Incidente a veicolo isolato,3,0
2020,Bari,Putignano,Fuori Abitato,Strada Provinciale,Curva,Incidente a veicolo isolato,1,0
2020,Bari,Polignano a Mare,Fuori Abitato,Strada Statale,Rettilineo,Incidente a veicolo isolato,1,0
2020,Bari,Monopoli,Nell'Abitato,Strada Urbana,Incrocio,Incidente tra veicoli,1,0
2020,Bari,Casamassima,Fuori Abitato,Strada Provinciale,Curva,Incidente tra veicoli,4,0
2020,Bari,Modugno,Fuori Abitato,Strada Statale,Rettilineo,Incidente a veicolo isolato,1,0
2020,Bari,Conversano,Fuori Abitato,Strada Provinciale,Curva,Incidente a veicolo isolato,1,0
2020,Bari,Mola di Bari,Nell'Abitato,Strada Urbana,Rettilineo,Investimento di pedone,1,0
2020,Bari,Monopoli,Fuori Abitato,Strada Provinciale,Curva,Incidente tra veicoli,2,0
2020,Bari,Gioia del Colle,Fuori Abitato,Strada Provinciale,Rettilineo,Incidente tra veicoli,1,0
2020,Bari,Alberobello,Nell'Abitato,Strada Urbana,Rettilineo,Incidente a veicolo isolato,1,0
2020,Bari,Conversano,Nell'Abitato,Strada Urbana,Incrocio,Investimento di pedone,1,0
2020,Bari,Putignano,Nell'Abitato,Strada Urbana,Rettilineo,Investimento di pedone,1,0
2020,Bari,Monopoli,Fuori Abitato,Strada Statale,Rettilineo,Incidente tra veicoli,1,0
2020,Bari,Putignano,Nell'Abitato,Strada Urbana,Incrocio,Incidente tra veicoli,1,0
2020,Bari,Modugno,Nell'Abitato,Strada Urbana,Rettilineo,Investimento di pedone,1,0
2020,Bari,Cassano delle Murge,Fuori Abitato,Strada Provinciale,Rettilineo,Incidente tra veicoli,1,0
2020,Bari,Modugno,Nell'Abitato,Strada Urbana,Incrocio,Incidente tra veicoli,1,0
2020,Bari,Mola di Bari,Nell'Abitato,Strada Urbana,Rettilineo,Incidente tra veicoli,1,0
2020,Bari,Conversano,Nell'Abitato,Strada Urbana,Incrocio,Incidente tra veicoli,3,0
2020,Bari,Rutigliano,Fuori Abitato,Strada Provinciale,Rettilineo,Incidente tra veicoli,1,0
2020,Bari,Valenzano,Fuori Abitato,Strada Provinciale,Rettilineo,Incidente tra veicoli,1,0
2020,Bari,Bitetto,Fuori Abitato,Strada Provinciale,Rettilineo,Incidente tra veicoli,3,0
2020,Bari,Capurso,Fuori Abitato,Strada Provinciale,Rettilineo,Incidente tra veicoli,2,0
2020,Bari,Putignano,Fuori Abitato,Strada Statale,Incrocio,Incidente tra veicoli,2,0
2020,Bari,Triggiano,Nell'Abitato,Strada Urbana,Incrocio,Incidente tra veicoli,1,0
2020,Bari,Monopoli,Nell'Abitato,Strada Urbana,Incrocio,Incidente tra veicoli,1,0
2020,Bari,Capurso,Fuori Abitato,Strada Provinciale,Rettilineo,Incidente tra veicoli,2,0
2020,Bari,Triggiano,Nell'Abitato,Strada Urbana,Incrocio,Incidente tra veicoli,2,0
2020,Bari,Monopoli,Nell'Abitato,Strada Urbana,Incrocio,Incidente tra veicoli,3,0
2020,Bari,Altamura,Nell'Abitato,Strada Urbana,Incrocio,Incidente tra veicoli,1,0
2020,Bari,Corato,Nell'Abitato,Strada Urbana,Incrocio,Incidente tra veicoli,1,0
2020,Bari,Sannicandro di Bari,Fuori Abitato,Strada Provinciale,Rettilineo,Incidente tra veicoli,2,0
2020,Bari,Conversano,Nell'Abitato,Strada Provinciale,Rettilineo,Incidente tra veicoli,3,0
2020,Bari,Bari,Fuori Abitato,Strada Statale,Rettilineo,Incidente tra veicoli,1,0
2020,Bari,Triggiano,Nell'Abitato,Strada Urbana,Rettilineo,Incidente a veicolo isolato,1,0
2020,Bari,Conversano,Nell'Abitato,Strada Urbana,Rettilineo,Incidente tra veicoli,1,0
2020,Bari,Putignano,Fuori Abitato,Strada comunale extraurbana,Incrocio,Incidente tra veicoli,3,0
2020,Bari,Corato,Fuori Abitato,Strada Provinciale,Rettilineo,Incidente tra veicoli,2,0
2020,Bari,Casamassima,Fuori Abitato,Strada Provinciale,Rettilineo,Incidente tra veicoli,1,0
2020,Bari,Acquaviva delle Fonti,Fuori Abitato,Strada Provinciale,Rettilineo,Incidente tra veicoli,2,0
2020,Bari,Polignano a Mare,Fuori Abitato,Strada comunale extraurbana,Rettilineo,Incidente tra veicoli,3,0
2020,Bari,Alberobello,Nell'Abitato,Strada Urbana,Incrocio,Incidente tra veicoli,5,0
2020,Bari,Polignano a Mare,Nell'Abitato,Strada Urbana,Rettilineo,Incidente tra veicoli,2,0
2020,Bari,Putignano,Fuori Abitato,Strada Provinciale,Incrocio,Incidente tra veicoli,3,0
2020,Bari,Gravina in Puglia,Nell'Abitato,Strada Urbana,Rettilineo,Incidente tra veicoli,1,0
2020,Bari,Alberobello,Fuori Abitato,Strada Provinciale,Curva,Incidente tra veicoli,1,0
2020,Bari,Bari,Fuori Abitato,Strada Statale,Rettilineo,Incidente tra veicoli,1,0
2020,Bari,Cassano delle Murge,Fuori Abitato,Strada Provinciale,Rettilineo,Incidente tra veicoli,6,0
2020,Bari,Monopoli,Nell'Abitato,Strada Urbana,Incrocio,Incidente tra veicoli,4,0
2020,Bari,Monopoli,Fuori Abitato,Strada Statale,Rettilineo,Incidente tra veicoli,2,0
2020,Bari,Conversano,Nell'Abitato,Strada Urbana,Rettilineo,Incidente tra veicoli,2,0
2020,Bari,Putignano,Nell'Abitato,Strada Provinciale,Incrocio,Incidente tra veicoli,1,0
2020,Bari,Noicattaro,Nell'Abitato,Strada Urbana,Incrocio,Incidente tra veicoli,1,0
2020,Bari,Ruvo di Puglia,Nell'Abitato,Strada Urbana,Rettilineo,Investimento di pedone,1,0
2020,Bari,Bitritto,Nell'Abitato,Strada Urbana,Rettilineo,Incidente tra veicoli,2,0
2020,Bari,Bitonto,Nell'Abitato,Strada Urbana,Incrocio,Incidente tra veicoli,1,0
2020,Bari,Bitonto,Nell'Abitato,Strada Urbana,Rettilineo,Incidente tra veicoli,1,0
2020,Bari,Putignano,Nell'Abitato,Strada Urbana,Incrocio,Investimento di pedone,1,0
2020,Bari,Casamassima,Nell'Abitato,Strada Urbana,Incrocio,Incidente tra veicoli,2,0
2020,Bari,Casamassima,Nell'Abitato,Strada Urbana,Incrocio,Incidente tra veicoli,1,0
2020,Bari,Casamassima,Nell'Abitato,Strada Urbana,Incrocio,Investimento di pedone,1,0
2020,Bari,Monopoli,Fuori Abitato,Strada Statale,Curva,Incidente tra veicoli,1,0
2020,Bari,Altamura,Fuori Abitato,Strada Provinciale,Incrocio,Incidente tra veicoli,1,1
2020,Bari,Locorotondo,Nell'Abitato,Strada Urbana,Rettilineo,Investimento di pedone,1,0
2020,Bari,Ruvo di Puglia,Nell'Abitato,Strada Urbana,Rettilineo,Incidente tra veicoli,1,0
2020,Bari,Gioia del Colle,Fuori Abitato,Strada Provinciale,Rettilineo,Incidente tra veicoli,1,0
2020,Bari,Locorotondo,Nell'Abitato,Strada Urbana,Curva,Incidente tra veicoli,1,0
2020,Bari,Gioia del Colle,Fuori Abitato,Strada Provinciale,Curva,Incidente tra veicoli,1,0
2020,Bari,Altamura,Nell'Abitato,Strada Urbana,Incrocio,Incidente tra veicoli,1,0
2020,Bari,Altamura,Nell'Abitato,Strada Urbana,Rettilineo,Incidente a veicolo isolato,1,0
2020,Bari,Polignano a Mare,Nell'Abitato,Strada Urbana,Rettilineo,Incidente tra veicoli,1,0
2020,Bari,Polignano a Mare,Fuori Abitato,Strada comunale extraurbana,Rettilineo,Incidente a veicolo isolato,1,0
2020,Bari,Bitritto,Nell'Abitato,Strada Urbana,Incrocio,Incidente tra veicoli,1,0
2020,Bari,Putignano,Fuori Abitato,Strada Statale,Incrocio,Incidente tra veicoli,1,0
2020,Bari,Altamura,Nell'Abitato,Strada Urbana,Incrocio,Incidente tra veicoli,1,0
2020,Bari,Terlizzi,Nell'Abitato,Strada Urbana,Incrocio,Incidente tra veicoli,1,0
2020,Bari,Bitonto,Nell'Abitato,Strada Urbana,Incrocio,Incidente tra veicoli,1,0
2020,Bari,Bitonto,Nell'Abitato,Strada Urbana,Incrocio,Investimento di pedone,1,0
2020,Bari,Bitonto,Nell'Abitato,Strada Urbana,Rettilineo,Investimento di pedone,1,0
2020,Bari,Altamura,Nell'Abitato,Strada Urbana,Incrocio,Incidente tra veicoli,1,0
2020,Bari,Ruvo di Puglia,Fuori Abitato,Strada Provinciale,Rettilineo,Incidente tra veicoli,2,0
2020,Bari,Casamassima,Fuori Abitato,Altra strada,Incrocio,Incidente tra veicoli,2,0
2020,Bari,Polignano a Mare,Nell'Abitato,Strada Urbana,Incrocio,Incidente tra veicoli,1,0
2020,Bari,Terlizzi,Fuori Abitato,Strada comunale extraurbana,Rettilineo,Incidente a veicolo isolato,1,0
2020,Bari,Altamura,Nell'Abitato,Strada Urbana,Rettilineo,Incidente a veicolo isolato,1,0
2020,Bari,Putignano,Nell'Abitato,Strada Urbana,Rettilineo,Incidente tra veicoli,1,0
2020,Bari,Conversano,Nell'Abitato,Strada Urbana,Rettilineo,Investimento di pedone,1,0
2020,Bari,Putignano,Fuori Abitato,Strada Provinciale,Incrocio,Incidente tra veicoli,1,0
2020,Bari,Corato,Nell'Abitato,Strada Urbana,Rettilineo,Investimento di pedone,1,0
2020,Bari,Polignano a Mare,Nell'Abitato,Strada Urbana,Rettilineo,Incidente tra veicoli,1,0
2020,Bari,Altamura,Fuori Abitato,Strada Provinciale,Rettilineo,Incidente tra veicoli,2,0
2020,Bari,Bitonto,Nell'Abitato,Strada Urbana,Rettilineo,Incidente tra veicoli,1,0
2020,Bari,Corato,Fuori Abitato,Strada comunale extraurbana,Incrocio,Incidente tra veicoli,2,0
2020,Bari,Monopoli,Nell'Abitato,Strada Urbana,Incrocio,Incidente tra veicoli,3,0
2020,Bari,Castellana Grotte,Nell'Abitato,Strada Urbana,Rotatoria,Incidente tra veicoli,1,0
2020,Bari,Turi,Nell'Abitato,Strada Urbana,Rettilineo,Incidente tra veicoli,1,0
2020,Bari,Rutigliano,Fuori Abitato,Strada Provinciale,Incrocio,Incidente tra veicoli,1,0
2020,Bari,Bitonto,Nell'Abitato,Strada Urbana,Rettilineo,Incidente tra veicoli,1,0
2020,Bari,Altamura,Nell'Abitato,Strada Urbana,Incrocio,Incidente tra veicoli,1,0
2020,Bari,Bari,Nell'Abitato,Strada Urbana,Incrocio,Incidente a veicolo isolato,1,0
2020,Bari,Bari,Nell'Abitato,Strada Urbana,Incrocio,Incidente tra veicoli,2,0
2020,Bari,Bari,Nell'Abitato,Strada Urbana,Incrocio,Incidente a veicolo isolato,1,0
2020,Bari,Bari,Nell'Abitato,Strada Urbana,Rettilineo,Investimento di pedone,1,0
2020,Bari,Bari,Nell'Abitato,Strada Urbana,Incrocio,Incidente tra veicoli,2,0
2020,Bari,Bari,Nell'Abitato,Strada Urbana,Rettilineo,Investimento di pedone,1,0
2020,Bari,Bari,Nell'Abitato,Strada Urbana,Rettilineo,Incidente tra veicoli,1,0
2020,Bari,Bari,Nell'Abitato,Strada Urbana,Curva,Incidente tra veicoli,1,0
2020,Bari,Bari,Nell'Abitato,Strada Urbana,Rettilineo,Investimento di pedone,1,0
2020,Bari,Bari,Nell'Abitato,Strada Urbana,Incrocio,Incidente a veicolo isolato,1,0
2020,Bari,Bari,Nell'Abitato,Strada Urbana,Rettilineo,Investimento di pedone,1,0
2020,Bari,Bari,Nell'Abitato,Strada Urbana,Rettilineo,Investimento di pedone,1,0
2020,Bari,Bari,Nell'Abitato,Strada Urbana,Rettilineo,Incidente a veicolo isolato,1,0
2020,Bari,Bari,Nell'Abitato,Strada Urbana,Incrocio,Incidente tra veicoli,1,0
2020,Bari,Bari,Nell'Abitato,Strada Urbana,Rettilineo,Incidente tra veicoli,4,0
2020,Bari,Bari,Nell'Abitato,Strada Urbana,Incrocio,Investimento di pedone,1,0
2020,Bari,Bari,Nell'Abitato,Strada Urbana,Incrocio,Incidente tra veicoli,2,0
2020,Bari,Bari,Nell'Abitato,Strada Urbana,Incrocio,Investimento di pedone,1,0
2020,Bari,Bari,Nell'Abitato,Strada Urbana,Rettilineo,Incidente tra veicoli,1,0
2020,Bari,Bari,Nell'Abitato,Strada Urbana,Incrocio,Investimento di pedone,2,0
2020,Bari,Bari,Nell'Abitato,Strada Urbana,Incrocio,Incidente tra veicoli,2,0
2020,Bari,Bari,Nell'Abitato,Strada Urbana,Rettilineo,Incidente tra veicoli,1,0
2020,Bari,Bari,Nell'Abitato,Strada Urbana,Incrocio,Incidente tra veicoli,1,0
2020,Bari,Bari,Nell'Abitato,Strada Urbana,Incrocio,Incidente tra veicoli,3,0
2020,Bari,Bari,Nell'Abitato,Strada Urbana,Rettilineo,Investimento di pedone,1,0
2020,Bari,Ruvo di Puglia,Fuori Abitato,Strada Provinciale,Rettilineo,Incidente a veicolo isolato,2,0
2020,Bari,Ruvo di Puglia,Fuori Abitato,Strada Provinciale,Rettilineo,Incidente a veicolo isolato,1,0
2020,Bari,Bitritto,Fuori Abitato,Strada comunale extraurbana,Rettilineo,Incidente tra veicoli,2,0
2020,Bari,Altamura,Fuori Abitato,Strada Statale,Rettilineo,Incidente tra veicoli,1,0
2020,Bari,Polignano a Mare,Fuori Abitato,Strada comunale extraurbana,Rettilineo,Incidente tra veicoli,2,0
2020,Bari,Bari,Nell'Abitato,Strada Urbana,Curva,Incidente a veicolo isolato,2,0
2020,Bari,Bari,Nell'Abitato,Strada Urbana,Rettilineo,Incidente tra veicoli,1,0
2020,Bari,Bari,Nell'Abitato,Strada Urbana,Incrocio,Investimento di pedone,3,0
2020,Bari,Bari,Nell'Abitato,Strada Urbana,Rettilineo,Incidente tra veicoli,1,0
2020,Bari,Bari,Nell'Abitato,Strada Urbana,Rettilineo,Investimento di pedone,1,0
2020,Bari,Bari,Nell'Abitato,Strada Urbana,Rettilineo,Incidente tra veicoli,2,0
2020,Bari,Bari,Nell'Abitato,Strada Urbana,Incrocio,Incidente tra veicoli,1,0
2020,Bari,Bari,Nell'Abitato,Strada Urbana,Incrocio,Incidente tra veicoli,1,0
2020,Bari,Bari,Nell'Abitato,Strada Urbana,Incrocio,Investimento di pedone,1,0
2020,Bari,Bari,Nell'Abitato,Strada Urbana,Rettilineo,Incidente tra veicoli,1,0
2020,Bari,Bari,Nell'Abitato,Strada Urbana,Incrocio,Investimento di pedone,1,0
2020,Bari,Bari,Nell'Abitato,Strada Urbana,Rettilineo,Incidente a veicolo isolato,1,0
2020,Bari,Bari,Nell'Abitato,Strada Urbana,Rettilineo,Investimento di pedone,1,0
2020,Bari,Bari,Nell'Abitato,Strada Statale,Curva,Incidente tra veicoli,1,0
2020,Bari,Bari,Nell'Abitato,Strada Urbana,Incrocio,Incidente tra veicoli,1,0
2020,Bari,Bari,Nell'Abitato,Strada Urbana,Rettilineo,Incidente a veicolo isolato,1,0
2020,Bari,Bari,Nell'Abitato,Strada Urbana,Incrocio,Incidente tra veicoli,2,0
2020,Bari,Bari,Nell'Abitato,Strada Urbana,Rettilineo,Incidente tra veicoli,1,0
2020,Bari,Bari,Nell'Abitato,Strada Urbana,Rotatoria,Incidente a veicolo isolato,3,0
2020,Bari,Bari,Nell'Abitato,Strada Urbana,Incrocio,Incidente tra veicoli,2,0
2020,Bari,Bari,Nell'Abitato,Strada Urbana,Rettilineo,Incidente tra veicoli,1,0
2020,Bari,Bari,Nell'Abitato,Strada Urbana,Incrocio,Investimento di pedone,1,0
2020,Bari,Bari,Nell'Abitato,Strada Urbana,Incrocio,Incidente tra veicoli,1,0
2020,Bari,Giovinazzo,Nell'Abitato,Strada Urbana,Incrocio,Incidente a veicolo isolato,1,0
2020,Bari,Corato,Nell'Abitato,Strada Urbana,Rotatoria,Incidente tra veicoli,1,0
2020,Bari,Monopoli,Fuori Abitato,Strada comunale extraurbana,Rettilineo,Incidente a veicolo isolato,2,0
2020,Bari,Adelfia,Fuori Abitato,Strada comunale extraurbana,Rettilineo,Incidente a veicolo isolato,1,0
2020,Bari,Giovinazzo,Nell'Abitato,Strada Urbana,Incrocio,Incidente tra veicoli,1,0
2020,Bari,Giovinazzo,Nell'Abitato,Strada Urbana,Rettilineo,Incidente a veicolo isolato,1,0
2020,Bari,Molfetta,Fuori Abitato,Altra strada,Rettilineo,Investimento di pedone,1,0
2020,Bari,Conversano,Nell'Abitato,Strada Urbana,Incrocio,Investimento di pedone,1,0
2020,Bari,Noci,Fuori Abitato,Strada Provinciale,Curva,Incidente a veicolo isolato,2,0
2020,Bari,Corato,Nell'Abitato,Strada Urbana,Rettilineo,Investimento di pedone,1,0
2020,Bari,Mola di Bari,Nell'Abitato,Strada Urbana,Rettilineo,Investimento di pedone,1,0
2020,Bari,Monopoli,Fuori Abitato,Strada Provinciale,Rettilineo,Incidente a veicolo isolato,1,0
2020,Bari,Valenzano,Nell'Abitato,Strada Urbana,Incrocio,Incidente a veicolo isolato,1,0
2020,Bari,Monopoli,Nell'Abitato,Strada Urbana,Incrocio,Investimento di pedone,1,0
2020,Bari,Conversano,Fuori Abitato,Strada Provinciale,Rettilineo,Incidente a veicolo isolato,1,0
2020,Bari,Noci,Nell'Abitato,Strada Urbana,Rettilineo,Investimento di pedone,1,0
2020,Bari,Bari,Nell'Abitato,Strada Urbana,Curva,Incidente tra veicoli,1,0
2020,Bari,Bari,Nell'Abitato,Strada Urbana,Rettilineo,Incidente tra veicoli,2,0
2020,Bari,Bari,Nell'Abitato,Strada Urbana,Rettilineo,Incidente tra veicoli,2,0
2020,Bari,Bari,Nell'Abitato,Strada Urbana,Incrocio,Incidente tra veicoli,1,0
2020,Bari,Bari,Nell'Abitato,Strada Urbana,Rettilineo,Incidente tra veicoli,1,0
2020,Bari,Bari,Nell'Abitato,Strada Urbana,Rettilineo,Incidente tra veicoli,1,0
2020,Bari,Bari,Nell'Abitato,Strada Urbana,Rettilineo,Incidente tra veicoli,1,0
2020,Bari,Bari,Nell'Abitato,Strada Urbana,Incrocio,Incidente tra veicoli,1,0
2020,Bari,Bari,Nell'Abitato,Strada Urbana,Incrocio,Incidente tra veicoli,1,0
2020,Bari,Bari,Nell'Abitato,Strada Urbana,Rettilineo,Incidente tra veicoli,1,0
2020,Bari,Bari,Nell'Abitato,Strada Urbana,Rettilineo,Incidente tra veicoli,1,0
2020,Bari,Bari,Nell'Abitato,Strada Urbana,Incrocio,Incidente tra veicoli,1,0
2020,Bari,Bari,Fuori Abitato,Strada Statale,Curva,Incidente tra veicoli,1,0
2020,Bari,Bari,Nell'Abitato,Strada Urbana,Rettilineo,Incidente tra veicoli,2,0
2020,Bari,Bari,Fuori Abitato,Strada comunale extraurbana,Incrocio,Incidente tra veicoli,1,0
2020,Bari,Bari,Nell'Abitato,Strada Urbana,Rettilineo,Incidente tra veicoli,1,0
2020,Bari,Bari,Nell'Abitato,Strada Urbana,Incrocio,Incidente tra veicoli,1,0
2020,Bari,Bari,Nell'Abitato,Strada Urbana,Incrocio,Incidente tra veicoli,1,0
2020,Bari,Bari,Nell'Abitato,Strada Urbana,Incrocio,Incidente tra veicoli,2,0
2020,Bari,Bari,Nell'Abitato,Strada Urbana,Incrocio,Incidente tra veicoli,1,0
2020,Bari,Bari,Nell'Abitato,Strada Urbana,Rettilineo,Incidente tra veicoli,3,0
2020,Bari,Bari,Nell'Abitato,Strada Urbana,Incrocio,Incidente tra veicoli,1,0
2020,Bari,Bari,Nell'Abitato,Strada Urbana,Rettilineo,Incidente tra veicoli,1,0
2020,Bari,Bari,Nell'Abitato,Strada Urbana,Incrocio,Incidente tra veicoli,1,0
2020,Bari,Bari,Nell'Abitato,Strada Urbana,Incrocio,Incidente tra veicoli,2,0
2020,Bari,Bari,Nell'Abitato,Strada Urbana,Incrocio,Incidente tra veicoli,1,0
2020,Bari,Bari,Nell'Abitato,Strada Urbana,Incrocio,Incidente tra veicoli,2,0
2020,Bari,Bari,Nell'Abitato,Strada Urbana,Incrocio,Incidente tra veicoli,3,0
2020,Bari,Bari,Nell'Abitato,Strada Urbana,Curva,Incidente tra veicoli,1,0
2020,Bari,Bari,Nell'Abitato,Strada Urbana,Incrocio,Incidente tra veicoli,2,0
2020,Bari,Bari,Nell'Abitato,Strada Urbana,Incrocio,Incidente tra veicoli,2,0
2020,Bari,Bari,Nell'Abitato,Strada Urbana,Incrocio,Incidente tra veicoli,4,0
2020,Bari,Bari,Nell'Abitato,Strada Urbana,Incrocio,Incidente tra veicoli,1,0
2020,Bari,Bari,Nell'Abitato,Strada Urbana,Incrocio,Incidente tra veicoli,2,0
2020,Bari,Bari,Nell'Abitato,Strada Urbana,Incrocio,Incidente tra veicoli,1,0
2020,Bari,Bari,Nell'Abitato,Strada Urbana,Incrocio,Incidente tra veicoli,1,0
2020,Bari,Bari,Nell'Abitato,Strada Urbana,Incrocio,Incidente tra veicoli,2,0
2020,Bari,Bari,Nell'Abitato,Strada Urbana,Incrocio,Incidente tra veicoli,1,0
2020,Bari,Bari,Nell'Abitato,Strada Urbana,Incrocio,Incidente tra veicoli,2,0
2020,Bari,Bari,Nell'Abitato,Strada Urbana,Rettilineo,Incidente tra veicoli,1,0
2020,Bari,Bari,Nell'Abitato,Strada Urbana,Rettilineo,Incidente tra veicoli,1,0
2020,Bari,Bari,Nell'Abitato,Strada Urbana,Rettilineo,Incidente tra veicoli,3,0
2020,Bari,Bari,Nell'Abitato,Strada Urbana,Incrocio,Incidente tra veicoli,3,0
2020,Bari,Bari,Nell'Abitato,Strada Urbana,Incrocio,Incidente tra veicoli,2,0
2020,Bari,Bari,Nell'Abitato,Strada Urbana,Incrocio,Incidente tra veicoli,3,0
2020,Bari,Bari,Nell'Abitato,Strada Urbana,Rettilineo,Incidente tra veicoli,4,0
2020,Bari,Bari,Nell'Abitato,Strada Urbana,Incrocio,Incidente tra veicoli,4,0
2020,Bari,Molfetta,Nell'Abitato,Strada Urbana,Incrocio,Incidente tra veicoli,2,0
2020,Bari,Corato,Nell'Abitato,Strada Urbana,Incrocio,Incidente tra veicoli,1,0
2020,Bari,Noicattaro,Nell'Abitato,Strada Urbana,Incrocio,Incidente tra veicoli,1,0
2020,Bari,Palo del Colle,Nell'Abitato,Strada Urbana,Incrocio,Incidente tra veicoli,2,0
2020,Bari,Modugno,Nell'Abitato,Strada Urbana,Rettilineo,Incidente tra veicoli,1,0
2020,Bari,Noci,Nell'Abitato,Strada Urbana,Incrocio,Incidente tra veicoli,1,0
2020,Bari,Modugno,Nell'Abitato,Strada Urbana,Incrocio,Incidente tra veicoli,1,0
2020,Bari,Mola di Bari,Nell'Abitato,Strada Urbana,Incrocio,Incidente tra veicoli,1,0
2020,Bari,Noicattaro,Fuori Abitato,Strada Provinciale,Rettilineo,Incidente tra veicoli,3,0
2020,Bari,Conversano,Nell'Abitato,Strada Urbana,Rettilineo,Incidente tra veicoli,1,0
2020,Bari,Molfetta,Nell'Abitato,Strada Urbana,Incrocio,Incidente tra veicoli,1,0
2020,Bari,Triggiano,Fuori Abitato,Strada Provinciale,Curva,Incidente tra veicoli,1,0
2020,Bari,Capurso,Nell'Abitato,Strada Urbana,Incrocio,Incidente tra veicoli,1,0
2020,Bari,Valenzano,Nell'Abitato,Strada Urbana,Incrocio,Incidente tra veicoli,3,0
2020,Bari,Noicattaro,Nell'Abitato,Strada Urbana,Rettilineo,Incidente tra veicoli,1,0
2020,Bari,Palo del Colle,Nell'Abitato,Strada Urbana,Incrocio,Incidente tra veicoli,1,0
2020,Bari,Modugno,Nell'Abitato,Strada Urbana,Incrocio,Incidente tra veicoli,1,0
2020,Bari,Monopoli,Nell'Abitato,Strada Urbana,Incrocio,Incidente tra veicoli,1,0
2020,Bari,Triggiano,Nell'Abitato,Strada Urbana,Rettilineo,Incidente tra veicoli,2,0
2020,Bari,Adelfia,Nell'Abitato,Strada Urbana,Incrocio,Incidente tra veicoli,1,0
2020,Bari,Modugno,Nell'Abitato,Strada Urbana,Incrocio,Incidente tra veicoli,1,0
2020,Bari,Conversano,Nell'Abitato,Strada Urbana,Incrocio,Incidente tra veicoli,1,0
2020,Bari,Valenzano,Nell'Abitato,Strada Urbana,Incrocio,Incidente tra veicoli,1,0
2020,Bari,Monopoli,Nell'Abitato,Strada Urbana,Incrocio,Incidente tra veicoli,1,0
2020,Bari,Conversano,Nell'Abitato,Strada Urbana,Curva,Incidente tra veicoli,2,0
2020,Bari,Giovinazzo,Fuori Abitato,Strada Statale,Rettilineo,Incidente tra veicoli,1,0
2020,Bari,Corato,Nell'Abitato,Strada Urbana,Rettilineo,Incidente tra veicoli,1,0
2020,Bari,Monopoli,Nell'Abitato,Strada Urbana,Incrocio,Incidente tra veicoli,1,0
2020,Bari,Capurso,Nell'Abitato,Strada Urbana,Incrocio,Incidente tra veicoli,2,0
2020,Bari,Conversano,Fuori Abitato,Strada Provinciale,Rettilineo,Incidente tra veicoli,1,0
2020,Bari,Toritto,Nell'Abitato,Strada Urbana,Incrocio,Incidente tra veicoli,1,0
2020,Bari,Corato,Nell'Abitato,Strada Urbana,Incrocio,Incidente tra veicoli,3,0
2020,Bari,Adelfia,Fuori Abitato,Strada comunale extraurbana,Incrocio,Incidente tra veicoli,1,0
2020,Bari,Bitetto,Nell'Abitato,Strada Urbana,Incrocio,Incidente tra veicoli,2,0
2020,Bari,Modugno,Nell'Abitato,Strada Urbana,Rettilineo,Incidente tra veicoli,1,0
2020,Bari,Adelfia,Nell'Abitato,Strada Urbana,Rettilineo,Incidente tra veicoli,2,0
2020,Bari,Modugno,Nell'Abitato,Strada Urbana,Rettilineo,Incidente tra veicoli,1,0
2020,Bari,Giovinazzo,Nell'Abitato,Strada Urbana,Rettilineo,Incidente tra veicoli,1,0
2020,Bari,Noci,Nell'Abitato,Strada Urbana,Incrocio,Incidente tra veicoli,1,0
2020,Bari,Modugno,Nell'Abitato,Strada Urbana,Incrocio,Incidente tra veicoli,1,0
2020,Bari,Molfetta,Fuori Abitato,Strada comunale extraurbana,Incrocio,Incidente tra veicoli,1,0
2020,Bari,Corato,Nell'Abitato,Strada Urbana,Incrocio,Incidente tra veicoli,1,0
2020,Bari,Modugno,Nell'Abitato,Strada Urbana,Incrocio,Incidente tra veicoli,1,0
2020,Bari,Bari,Nell'Abitato,Strada Urbana,Incrocio,Incidente tra veicoli,1,0
2020,Bari,Bari,Nell'Abitato,Strada Urbana,Rettilineo,Incidente tra veicoli,4,0
2020,Bari,Bari,Nell'Abitato,Strada Urbana,Incrocio,Investimento di pedone,2,0
2020,Bari,Palo del Colle,Nell'Abitato,Strada Urbana,Incrocio,Incidente tra veicoli,2,0
2020,Bari,Monopoli,Fuori Abitato,Strada Provinciale,Rettilineo,Incidente tra veicoli,2,0
2020,Bari,Modugno,Nell'Abitato,Strada Urbana,Rettilineo,Incidente tra veicoli,2,0
2020,Bari,Bari,Fuori Abitato,Strada Statale,Rettilineo,Incidente tra veicoli,2,0
2020,Bari,Ruvo di Puglia,Fuori Abitato,Strada Provinciale,Curva,Incidente a veicolo isolato,1,0
2020,Bari,Sammichele di Bari,Fuori Abitato,Strada Statale,Rettilineo,Incidente tra veicoli,2,0
2020,Bari,Bitonto,Fuori Abitato,Autostrada,Rettilineo,Incidente tra veicoli,2,0
2020,Bari,Bitonto,Fuori Abitato,Autostrada,Rettilineo,Incidente tra veicoli,1,0
2020,Bari,Bari,Fuori Abitato,Autostrada,Rettilineo,Incidente tra veicoli,2,0
2020,Bari,Gioia del Colle,Fuori Abitato,Autostrada,Rettilineo,Incidente a veicolo isolato,1,0
2020,Bari,Giovinazzo,Fuori Abitato,Strada Statale,Rettilineo,Incidente tra veicoli,2,0
2020,Bari,Giovinazzo,Fuori Abitato,Strada Statale,Rettilineo,Incidente tra veicoli,2,0
2020,Bari,Bari,Fuori Abitato,Strada Statale,Rettilineo,Incidente tra veicoli,1,0
2020,Bari,Bari,Fuori Abitato,Strada Statale,Rettilineo,Incidente tra veicoli,1,0
2020,Bari,Mola di Bari,Fuori Abitato,Strada Statale,Rettilineo,Incidente a veicolo isolato,1,0
2020,Bari,Bari,Fuori Abitato,Strada Statale,Curva,Incidente a veicolo isolato,1,0
2020,Bari,Bari,Fuori Abitato,Strada Statale,Rettilineo,Incidente a veicolo isolato,1,0
2020,Bari,Bari,Fuori Abitato,Strada Statale,Rettilineo,Incidente tra veicoli,1,0
2020,Bari,Bari,Fuori Abitato,Strada Statale,Rettilineo,Incidente tra veicoli,5,0
2020,Bari,Bari,Fuori Abitato,Strada Statale,Rettilineo,Incidente tra veicoli,1,0
2020,Bari,Bari,Fuori Abitato,Strada Statale,Curva,Incidente tra veicoli,1,0
2020,Bari,Giovinazzo,Fuori Abitato,Strada Statale,Rettilineo,Incidente tra veicoli,2,0
2020,Bari,Sannicandro di Bari,Nell'Abitato,Strada Urbana,Rettilineo,Incidente tra veicoli,2,0
2020,Bari,Conversano,Fuori Abitato,Strada Provinciale,Curva,Incidente tra veicoli,6,0
2020,Bari,Modugno,Fuori Abitato,Strada Provinciale,Rettilineo,Incidente a veicolo isolato,1,0
2020,Bari,Modugno,Fuori Abitato,Strada comunale extraurbana,Rettilineo,Investimento di pedone,2,0
2020,Bari,Altamura,Fuori Abitato,Strada Provinciale,Curva,Incidente a veicolo isolato,0,1
2020,Bari,Bitonto,Fuori Abitato,Strada Provinciale,Rettilineo,Incidente a veicolo isolato,1,0
2020,Bari,Conversano,Fuori Abitato,Strada Provinciale,Rettilineo,Incidente a veicolo isolato,1,0
2020,Bari,Putignano,Fuori Abitato,Strada Provinciale,Rettilineo,Incidente a veicolo isolato,1,0
2020,Bari,Polignano a Mare,Fuori Abitato,Strada Provinciale,Rettilineo,Incidente a veicolo isolato,0,1
2020,Bari,Casamassima,Fuori Abitato,Strada Provinciale,Curva,Incidente a veicolo isolato,1,0
2020,Bari,Bitritto,Nell'Abitato,Strada Urbana,Rettilineo,Incidente a veicolo isolato,1,0
2020,Bari,Palo del Colle,Fuori Abitato,Strada Provinciale,Curva,Incidente a veicolo isolato,1,0
2020,Bari,Gioia del Colle,Nell'Abitato,Strada Urbana,Incrocio,Investimento di pedone,1,0
2020,Bari,Sannicandro di Bari,Nell'Abitato,Strada Urbana,Rettilineo,Incidente tra veicoli,1,0
2020,Bari,Bari,Nell'Abitato,Strada Urbana,Rettilineo,Investimento di pedone,1,0
2020,Bari,Adelfia,Fuori Abitato,Strada Provinciale,Rettilineo,Incidente a veicolo isolato,1,0
2020,Bari,Gioia del Colle,Fuori Abitato,Strada Provinciale,Curva,Incidente a veicolo isolato,1,0
2020,Bari,Turi,Fuori Abitato,Strada Statale,Rettilineo,Incidente a veicolo isolato,1,0
2020,Bari,Putignano,Fuori Abitato,Strada Provinciale,Curva,Incidente a veicolo isolato,1,0
2020,Bari,Conversano,Fuori Abitato,Strada comunale extraurbana,Curva,Incidente a veicolo isolato,3,0
2020,Bari,Altamura,Fuori Abitato,Strada Provinciale,Incrocio,Investimento di pedone,1,0
2020,Bari,Altamura,Fuori Abitato,Strada Provinciale,Curva,Incidente a veicolo isolato,2,0
2020,Bari,Bari,Fuori Abitato,Strada Statale,Rettilineo,Incidente tra veicoli,1,0
2020,Bari,Gravina in Puglia,Fuori Abitato,Strada comunale extraurbana,Curva,Incidente a veicolo isolato,1,0
2020,Bari,Putignano,Fuori Abitato,Strada Statale,Rettilineo,Incidente tra veicoli,2,0
2020,Bari,Cassano delle Murge,Nell'Abitato,Strada Provinciale,Rotatoria,Incidente tra veicoli,2,0
2020,Bari,Bari,Nell'Abitato,Strada Urbana,Rettilineo,Incidente tra veicoli,1,0
2020,Bari,Altamura,Nell'Abitato,Strada Urbana,Incrocio,Incidente tra veicoli,1,0
2020,Bari,Molfetta,Nell'Abitato,Strada Urbana,Incrocio,Incidente tra veicoli,1,0
2020,Bari,Adelfia,Nell'Abitato,Strada Urbana,Incrocio,Incidente tra veicoli,3,0
2020,Bari,Acquaviva delle Fonti,Fuori Abitato,Strada Provinciale,Rettilineo,Incidente tra veicoli,2,0
2020,Bari,Gravina in Puglia,Nell'Abitato,Strada Urbana,Incrocio,Incidente tra veicoli,2,0
2020,Bari,Bari,Nell'Abitato,Strada Urbana,Rettilineo,Incidente tra veicoli,2,0
2020,Bari,Monopoli,Nell'Abitato,Strada Urbana,Rettilineo,Incidente tra veicoli,2,0
2020,Bari,Santeramo in Colle,Nell'Abitato,Strada Urbana,Incrocio,Incidente tra veicoli,2,0
2020,Bari,Mola di Bari,Fuori Abitato,Strada comunale extraurbana,Rettilineo,Incidente tra veicoli,1,0
2020,Bari,Palo del Colle,Nell'Abitato,Strada Urbana,Incrocio,Incidente tra veicoli,2,0
2020,Bari,Valenzano,Nell'Abitato,Strada Urbana,Rettilineo,Incidente tra veicoli,2,0
2020,Bari,Corato,Fuori Abitato,Strada comunale extraurbana,Incrocio,Incidente tra veicoli,4,0
2020,Bari,Gioia del Colle,Fuori Abitato,Strada Provinciale,Rettilineo,Incidente tra veicoli,1,0
2020,Bari,Capurso,Fuori Abitato,Strada Provinciale,Rettilineo,Incidente tra veicoli,1,0
2020,Bari,Bitetto,Nell'Abitato,Strada Urbana,Incrocio,Incidente tra veicoli,1,0
2020,Bari,Gioia del Colle,Nell'Abitato,Strada Urbana,Incrocio,Incidente tra veicoli,5,0
2020,Bari,Binetto,Fuori Abitato,Strada Provinciale,Incrocio,Incidente tra veicoli,2,0
2020,Bari,Santeramo in Colle,Nell'Abitato,Strada Urbana,Incrocio,Incidente tra veicoli,1,0
2020,Bari,Rutigliano,Nell'Abitato,Strada Urbana,Rotatoria,Incidente tra veicoli,2,0
2020,Bari,Gravina in Puglia,Fuori Abitato,Strada Provinciale,Incrocio,Incidente tra veicoli,2,0
2020,Bari,Castellana Grotte,Nell'Abitato,Strada Provinciale,Incrocio,Incidente tra veicoli,2,0
2020,Bari,Bari,Nell'Abitato,Strada Urbana,Incrocio,Incidente tra veicoli,3,0
2020,Bari,Triggiano,Nell'Abitato,Strada Urbana,Incrocio,Incidente tra veicoli,3,0
2020,Bari,Triggiano,Nell'Abitato,Strada Urbana,Incrocio,Incidente tra veicoli,1,0
2020,Bari,Gioia del Colle,Fuori Abitato,Strada Provinciale,Incrocio,Incidente tra veicoli,1,0
2020,Bari,Triggiano,Nell'Abitato,Strada Urbana,Incrocio,Incidente tra veicoli,2,0
2020,Bari,Casamassima,Nell'Abitato,Strada Urbana,Rotatoria,Incidente tra veicoli,1,0
2020,Bari,Ruvo di Puglia,Nell'Abitato,Strada Urbana,Incrocio,Incidente tra veicoli,2,0
2020,Bari,Rutigliano,Fuori Abitato,Strada Provinciale,Rettilineo,Incidente tra veicoli,2,0
2020,Bari,Gioia del Colle,Nell'Abitato,Strada Urbana,Incrocio,Incidente tra veicoli,1,0
2020,Bari,Bitonto,Nell'Abitato,Strada Urbana,Incrocio,Investimento di pedone,1,0
2020,Bari,Polignano a Mare,Nell'Abitato,Strada Urbana,Rettilineo,Investimento di pedone,1,0
2020,Bari,Altamura,Fuori Abitato,Strada Provinciale,Incrocio,Incidente tra veicoli,1,0
2020,Bari,Rutigliano,Nell'Abitato,Strada Urbana,Rettilineo,Incidente tra veicoli,1,0
2020,Bari,Castellana Grotte,Nell'Abitato,Strada Urbana,Rettilineo,Incidente a veicolo isolato,1,0
2020,Bari,Castellana Grotte,Nell'Abitato,Strada Urbana,Incrocio,Incidente tra veicoli,1,0
2020,Bari,Rutigliano,Nell'Abitato,Strada Urbana,Rettilineo,Investimento di pedone,1,0
2020,Bari,Casamassima,Nell'Abitato,Strada Urbana,Incrocio,Incidente tra veicoli,2,0
2020,Bari,Putignano,Nell'Abitato,Strada Urbana,Incrocio,Incidente tra veicoli,1,0
2020,Bari,Grumo Appula,Nell'Abitato,Strada Urbana,Incrocio,Incidente a veicolo isolato,1,0
2020,Bari,Locorotondo,Nell'Abitato,Strada Urbana,Rettilineo,Incidente tra veicoli,1,0
2020,Bari,Monopoli,Nell'Abitato,Strada Urbana,Rotatoria,Incidente tra veicoli,1,0
2020,Bari,Ruvo di Puglia,Fuori Abitato,Strada Provinciale,Incrocio,Incidente tra veicoli,2,0
2020,Bari,Gioia del Colle,Nell'Abitato,Strada Urbana,Incrocio,Incidente tra veicoli,1,0
2020,Bari,Putignano,Nell'Abitato,Strada Urbana,Incrocio,Incidente tra veicoli,1,0
2020,Bari,Bitritto,Nell'Abitato,Strada Urbana,Incrocio,Incidente tra veicoli,1,0
2020,Bari,Bitonto,Fuori Abitato,Strada Provinciale,Incrocio,Incidente tra veicoli,1,0
2020,Bari,Rutigliano,Nell'Abitato,Strada Urbana,Incrocio,Incidente tra veicoli,1,0
2020,Bari,Gravina in Puglia,Nell'Abitato,Strada Urbana,Rettilineo,Incidente tra veicoli,4,0
2020,Bari,Casamassima,Nell'Abitato,Strada Urbana,Incrocio,Incidente tra veicoli,1,0
2020,Bari,Bitonto,Fuori Abitato,Strada Provinciale,Incrocio,Incidente tra veicoli,3,0
2020,Bari,Locorotondo,Fuori Abitato,Strada comunale extraurbana,Rettilineo,Incidente tra veicoli,1,0
2020,Bari,Terlizzi,Fuori Abitato,Strada Provinciale,Rettilineo,Incidente a veicolo isolato,1,0
2020,Bari,Altamura,Nell'Abitato,Strada Urbana,Incrocio,Investimento di pedone,1,0
2020,Bari,Altamura,Fuori Abitato,Strada comunale extraurbana,Curva,Incidente tra veicoli,2,0
2020,Bari,Monopoli,Nell'Abitato,Strada Urbana,Rettilineo,Incidente tra veicoli,1,0
2020,Bari,Gravina in Puglia,Nell'Abitato,Strada Urbana,Incrocio,Investimento di pedone,1,0
2020,Bari,Bitonto,Fuori Abitato,Strada Provinciale,Rettilineo,Incidente a veicolo isolato,1,0
2020,Bari,Bitonto,Nell'Abitato,Strada Urbana,Incrocio,Incidente tra veicoli,1,0
2020,Bari,Bitonto,Nell'Abitato,Strada Urbana,Incrocio,Incidente tra veicoli,2,0
2020,Bari,Monopoli,Nell'Abitato,Strada Urbana,Incrocio,Incidente tra veicoli,1,0
2020,Bari,Casamassima,Fuori Abitato,Strada Provinciale,Curva,Incidente tra veicoli,1,0
2020,Bari,Castellana Grotte,Nell'Abitato,Strada Urbana,Incrocio,Investimento di pedone,2,0
2020,Bari,Acquaviva delle Fonti,Fuori Abitato,Strada Provinciale,Incrocio,Incidente tra veicoli,1,0
2020,Bari,Altamura,Nell'Abitato,Strada Urbana,Incrocio,Incidente tra veicoli,1,0
2020,Bari,Locorotondo,Fuori Abitato,Strada comunale extraurbana,Rettilineo,Incidente tra veicoli,1,0
2020,Bari,Putignano,Fuori Abitato,Strada comunale extraurbana,Incrocio,Incidente tra veicoli,1,0
2020,Bari,Altamura,Nell'Abitato,Strada Urbana,Rettilineo,Incidente tra veicoli,1,0
2020,Bari,Monopoli,Fuori Abitato,Altra strada,Rettilineo,Incidente tra veicoli,1,0
2020,Bari,Molfetta,Nell'Abitato,Strada Urbana,Incrocio,Incidente tra veicoli,1,0
2020,Bari,Terlizzi,Nell'Abitato,Strada Urbana,Incrocio,Incidente tra veicoli,1,0
2020,Bari,Altamura,Nell'Abitato,Strada Urbana,Incrocio,Incidente tra veicoli,1,0
2020,Bari,Santeramo in Colle,Nell'Abitato,Strada Urbana,Incrocio,Incidente tra veicoli,1,0
2020,Bari,Bitonto,Fuori Abitato,Strada Provinciale,Incrocio,Incidente tra veicoli,1,0
2020,Bari,Casamassima,Fuori Abitato,Strada Provinciale,Rettilineo,Incidente tra veicoli,1,0
2020,Bari,Casamassima,Fuori Abitato,Strada Provinciale,Rotatoria,Incidente tra veicoli,1,0
2020,Bari,Monopoli,Nell'Abitato,Strada Urbana,Incrocio,Incidente tra veicoli,1,0
2020,Bari,Ruvo di Puglia,Nell'Abitato,Strada Urbana,Rettilineo,Incidente tra veicoli,1,0
2020,Bari,Ruvo di Puglia,Nell'Abitato,Strada Urbana,Rettilineo,Investimento di pedone,1,0
2020,Bari,Casamassima,Nell'Abitato,Strada Urbana,Incrocio,Investimento di pedone,1,0
2020,Bari,Bitonto,Fuori Abitato,Strada Provinciale,Incrocio,Incidente tra veicoli,2,0
2020,Bari,Altamura,Nell'Abitato,Strada Urbana,Incrocio,Incidente tra veicoli,1,0
2020,Bari,Noci,Nell'Abitato,Strada Urbana,Rettilineo,Investimento di pedone,1,0
2020,Bari,Bari,Nell'Abitato,Strada Urbana,Rettilineo,Investimento di pedone,1,0
2020,Bari,Bari,Nell'Abitato,Strada Urbana,Incrocio,Investimento di pedone,1,0
2020,Bari,Bari,Nell'Abitato,Strada Urbana,Incrocio,Investimento di pedone,1,0
2020,Bari,Bari,Nell'Abitato,Strada Urbana,Rettilineo,Incidente tra veicoli,1,0
2020,Bari,Bari,Nell'Abitato,Strada Urbana,Incrocio,Incidente tra veicoli,1,0
2020,Bari,Bari,Nell'Abitato,Strada Urbana,Rettilineo,Incidente tra veicoli,1,0
2020,Bari,Bari,Nell'Abitato,Strada Urbana,Curva,Incidente tra veicoli,1,0
2020,Bari,Bari,Nell'Abitato,Strada Urbana,Rettilineo,Incidente a veicolo isolato,1,0
2020,Bari,Bari,Nell'Abitato,Strada Urbana,Incrocio,Incidente tra veicoli,1,0
2020,Bari,Bari,Nell'Abitato,Strada Urbana,Incrocio,Investimento di pedone,1,0
2020,Bari,Bari,Nell'Abitato,Strada Urbana,Rettilineo,Investimento di pedone,1,0
2020,Bari,Bari,Nell'Abitato,Strada Urbana,Incrocio,Incidente tra veicoli,2,0
2020,Bari,Bari,Nell'Abitato,Strada Urbana,Rettilineo,Incidente tra veicoli,1,0
2020,Bari,Bari,Nell'Abitato,Strada Urbana,Rettilineo,Incidente tra veicoli,1,0
2020,Bari,Bari,Nell'Abitato,Strada Urbana,Rettilineo,Incidente a veicolo isolato,1,0
2020,Bari,Bari,Nell'Abitato,Strada Urbana,Incrocio,Incidente tra veicoli,1,0
2020,Bari,Bari,Nell'Abitato,Strada Urbana,Incrocio,Investimento di pedone,1,0
2020,Bari,Bari,Nell'Abitato,Strada Urbana,Incrocio,Incidente tra veicoli,1,0
2020,Bari,Altamura,Fuori Abitato,Strada Provinciale,Incrocio,Incidente tra veicoli,2,0
2020,Bari,Altamura,Fuori Abitato,Strada Provinciale,Incrocio,Incidente tra veicoli,2,0
2020,Bari,Gravina in Puglia,Fuori Abitato,Strada Provinciale,Rettilineo,Incidente tra veicoli,3,0
2020,Bari,Bitonto,Fuori Abitato,Strada Provinciale,Curva,Incidente tra veicoli,2,0
2020,Bari,Bitonto,Fuori Abitato,Strada Provinciale,Rettilineo,Incidente tra veicoli,2,0
2020,Bari,Santeramo in Colle,Fuori Abitato,Strada Provinciale,Incrocio,Incidente tra veicoli,1,0
2020,Bari,Sammichele di Bari,Fuori Abitato,Strada Statale,Rettilineo,Incidente tra veicoli,1,0
2020,Bari,Santeramo in Colle,Fuori Abitato,Strada Provinciale,Curva,Incidente a veicolo isolato,1,0
2020,Bari,Altamura,Fuori Abitato,Strada Provinciale,Rettilineo,Incidente a veicolo isolato,1,0
2020,Bari,Gravina in Puglia,Fuori Abitato,Strada Statale,Rettilineo,Incidente tra veicoli,1,0
2020,Bari,Bari,Nell'Abitato,Strada Urbana,Incrocio,Incidente a veicolo isolato,1,0
2020,Bari,Bari,Nell'Abitato,Strada Urbana,Incrocio,Investimento di pedone,1,0
2020,Bari,Bari,Nell'Abitato,Strada Urbana,Incrocio,Incidente tra veicoli,3,0
2020,Bari,Bari,Nell'Abitato,Strada Urbana,Incrocio,Incidente tra veicoli,1,0
2020,Bari,Bari,Nell'Abitato,Strada Urbana,Rettilineo,Incidente a veicolo isolato,1,0
2020,Bari,Bari,Nell'Abitato,Strada Urbana,Rettilineo,Incidente tra veicoli,1,0
2020,Bari,Bari,Nell'Abitato,Strada Urbana,Rettilineo,Investimento di pedone,1,0
2020,Bari,Bari,Nell'Abitato,Strada Urbana,Curva,Incidente a veicolo isolato,0,1
2020,Bari,Bari,Nell'Abitato,Strada Urbana,Rettilineo,Incidente a veicolo isolato,1,0
2020,Bari,Bari,Nell'Abitato,Strada Urbana,Rettilineo,Incidente a veicolo isolato,2,0
2020,Bari,Bari,Nell'Abitato,Strada Urbana,Rettilineo,Incidente tra veicoli,1,0
2020,Bari,Bari,Nell'Abitato,Strada Urbana,Rettilineo,Investimento di pedone,1,0
2020,Bari,Bari,Nell'Abitato,Strada Urbana,Rettilineo,Incidente tra veicoli,1,0
2020,Bari,Bari,Nell'Abitato,Strada Urbana,Incrocio,Investimento di pedone,1,0
2020,Bari,Bari,Nell'Abitato,Strada Urbana,Rettilineo,Investimento di pedone,2,0
2020,Bari,Bari,Nell'Abitato,Strada Urbana,Incrocio,Incidente tra veicoli,1,0
2020,Bari,Bari,Nell'Abitato,Strada Urbana,Rettilineo,Investimento di pedone,2,0
2020,Bari,Bari,Nell'Abitato,Strada Urbana,Rettilineo,Incidente tra veicoli,1,0
2020,Bari,Bari,Nell'Abitato,Strada Urbana,Incrocio,Investimento di pedone,1,0
2020,Bari,Bari,Nell'Abitato,Strada Urbana,Incrocio,Incidente tra veicoli,3,0
2020,Bari,Bari,Fuori Abitato,Strada comunale extraurbana,Curva,Incidente tra veicoli,1,0
2020,Bari,Bari,Nell'Abitato,Strada Urbana,Rettilineo,Incidente tra veicoli,2,0
2020,Bari,Bari,Nell'Abitato,Strada Urbana,Incrocio,Investimento di pedone,1,0
2020,Bari,Bari,Nell'Abitato,Strada Urbana,Rettilineo,Investimento di pedone,1,0
2020,Bari,Bari,Nell'Abitato,Strada Provinciale,Rettilineo,Incidente a veicolo isolato,4,0
2020,Bari,Bari,Nell'Abitato,Strada Urbana,Incrocio,Incidente tra veicoli,1,0
2020,Bari,Bari,Nell'Abitato,Strada Urbana,Curva,Incidente tra veicoli,1,0
2020,Bari,Bari,Nell'Abitato,Strada Urbana,Rettilineo,Incidente tra veicoli,1,0
2020,Bari,Bari,Nell'Abitato,Strada Urbana,Incrocio,Incidente tra veicoli,1,0
2020,Bari,Noci,Nell'Abitato,Strada Urbana,Incrocio,Investimento di pedone,1,0
2020,Bari,Noicattaro,Nell'Abitato,Strada Urbana,Rettilineo,Investimento di pedone,1,0
2020,Bari,Corato,Fuori Abitato,Strada comunale extraurbana,Incrocio,Incidente tra veicoli,3,0
2020,Bari,Capurso,Fuori Abitato,Strada comunale extraurbana,Rettilineo,Incidente a veicolo isolato,4,0
2020,Bari,Corato,Nell'Abitato,Strada Urbana,Rettilineo,Incidente a veicolo isolato,1,0
2020,Bari,Giovinazzo,Fuori Abitato,Strada Provinciale,Rettilineo,Incidente a veicolo isolato,1,0
2020,Bari,Molfetta,Nell'Abitato,Strada Urbana,Incrocio,Incidente tra veicoli,1,0
2020,Bari,Noicattaro,Nell'Abitato,Strada Urbana,Rettilineo,Investimento di pedone,1,0
2020,Bari,Altamura,Fuori Abitato,Strada Provinciale,Rettilineo,Incidente a veicolo isolato,1,0
2020,Bari,Noicattaro,Fuori Abitato,Strada Provinciale,Rettilineo,Incidente a veicolo isolato,1,0
2020,Bari,Molfetta,Nell'Abitato,Strada Urbana,Rettilineo,Incidente a veicolo isolato,2,0
2020,Bari,Giovinazzo,Fuori Abitato,Strada Statale,Rettilineo,Incidente a veicolo isolato,2,0
2020,Bari,Monopoli,Nell'Abitato,Strada Urbana,Rettilineo,Investimento di pedone,1,0
2020,Bari,Corato,Fuori Abitato,Strada comunale extraurbana,Rettilineo,Incidente tra veicoli,1,0
2020,Bari,Mola di Bari,Fuori Abitato,Strada comunale extraurbana,Rettilineo,Incidente a veicolo isolato,2,0
2020,Bari,Bari,Nell'Abitato,Strada Urbana,Rettilineo,Incidente tra veicoli,1,0
2020,Bari,Bari,Nell'Abitato,Strada Urbana,Rettilineo,Incidente tra veicoli,1,0
2020,Bari,Bari,Nell'Abitato,Strada Urbana,Incrocio,Incidente tra veicoli,1,0
2020,Bari,Bari,Nell'Abitato,Strada Urbana,Rettilineo,Incidente tra veicoli,1,0
2020,Bari,Bari,Nell'Abitato,Strada Urbana,Rettilineo,Incidente tra veicoli,2,0
2020,Bari,Bari,Nell'Abitato,Strada Urbana,Rettilineo,Incidente tra veicoli,1,0
2020,Bari,Bari,Nell'Abitato,Strada Urbana,Incrocio,Incidente tra veicoli,1,0
2020,Bari,Bari,Nell'Abitato,Strada Urbana,Incrocio,Incidente tra veicoli,1,0
2020,Bari,Bari,Nell'Abitato,Strada Urbana,Rettilineo,Incidente tra veicoli,1,0
2020,Bari,Bari,Nell'Abitato,Strada Urbana,Incrocio,Incidente tra veicoli,1,0
2020,Bari,Bari,Nell'Abitato,Strada Urbana,Incrocio,Incidente tra veicoli,2,0
2020,Bari,Bari,Nell'Abitato,Strada Urbana,Incrocio,Incidente tra veicoli,1,0
2020,Bari,Bari,Nell'Abitato,Strada Urbana,Incrocio,Incidente tra veicoli,1,0
2020,Bari,Bari,Nell'Abitato,Strada Urbana,Incrocio,Incidente tra veicoli,1,0
2020,Bari,Bari,Nell'Abitato,Strada Urbana,Rettilineo,Incidente tra veicoli,5,0
2020,Bari,Bari,Nell'Abitato,Strada Urbana,Incrocio,Incidente tra veicoli,1,0
2020,Bari,Bari,Nell'Abitato,Strada Urbana,Rettilineo,Incidente tra veicoli,1,0
2020,Bari,Bari,Nell'Abitato,Strada Urbana,Rettilineo,Incidente tra veicoli,1,0
2020,Bari,Bari,Nell'Abitato,Strada Urbana,Incrocio,Incidente tra veicoli,1,0
2020,Bari,Bari,Nell'Abitato,Strada Urbana,Incrocio,Incidente tra veicoli,2,0
2020,Bari,Bari,Nell'Abitato,Strada Urbana,Incrocio,Incidente tra veicoli,1,0
2020,Bari,Bari,Nell'Abitato,Strada Urbana,Rettilineo,Incidente tra veicoli,2,0
2020,Bari,Bari,Nell'Abitato,Strada Urbana,Incrocio,Incidente tra veicoli,1,0
2020,Bari,Bari,Nell'Abitato,Strada Urbana,Rettilineo,Incidente tra veicoli,1,0
2020,Bari,Bari,Nell'Abitato,Strada Urbana,Rettilineo,Incidente tra veicoli,1,0
2020,Bari,Bari,Nell'Abitato,Strada Urbana,Incrocio,Incidente tra veicoli,1,0
2020,Bari,Bari,Nell'Abitato,Strada Urbana,Incrocio,Incidente tra veicoli,1,0
2020,Bari,Bari,Nell'Abitato,Strada Urbana,Incrocio,Incidente tra veicoli,1,0
2020,Bari,Bari,Nell'Abitato,Strada Urbana,Incrocio,Incidente tra veicoli,3,0
2020,Bari,Bari,Nell'Abitato,Strada Urbana,Incrocio,Incidente tra veicoli,3,0
2020,Bari,Bari,Nell'Abitato,Strada Urbana,Incrocio,Incidente tra veicoli,2,0
2020,Bari,Bari,Nell'Abitato,Strada Urbana,Rettilineo,Incidente tra veicoli,2,0
2020,Bari,Bari,Nell'Abitato,Strada Urbana,Rettilineo,Incidente tra veicoli,1,0
2020,Bari,Bari,Nell'Abitato,Strada Urbana,Rettilineo,Incidente tra veicoli,1,0
2020,Bari,Bari,Nell'Abitato,Strada Urbana,Rettilineo,Incidente tra veicoli,1,0
2020,Bari,Bari,Nell'Abitato,Strada Urbana,Incrocio,Incidente tra veicoli,1,0
2020,Bari,Bari,Nell'Abitato,Strada Urbana,Rotatoria,Incidente tra veicoli,1,0
2020,Bari,Bari,Nell'Abitato,Strada Urbana,Incrocio,Incidente tra veicoli,1,0
2020,Bari,Bari,Nell'Abitato,Strada Urbana,Rettilineo,Incidente a veicolo isolato,1,0
2020,Bari,Bari,Nell'Abitato,Strada Urbana,Incrocio,Incidente tra veicoli,2,0
2020,Bari,Bari,Nell'Abitato,Strada Urbana,Incrocio,Incidente tra veicoli,1,0
2020,Bari,Bari,Nell'Abitato,Strada Urbana,Curva,Incidente tra veicoli,2,0
2020,Bari,Bari,Nell'Abitato,Strada Urbana,Curva,Incidente tra veicoli,2,0
2020,Bari,Bari,Nell'Abitato,Strada Urbana,Incrocio,Incidente tra veicoli,1,0
2020,Bari,Bari,Nell'Abitato,Strada Urbana,Curva,Investimento di pedone,1,0
2020,Bari,Bari,Fuori Abitato,Strada comunale extraurbana,Incrocio,Incidente tra veicoli,2,0
2020,Bari,Bari,Nell'Abitato,Strada Urbana,Rettilineo,Incidente tra veicoli,1,0
2020,Bari,Bari,Nell'Abitato,Strada Urbana,Incrocio,Incidente tra veicoli,2,0
2020,Bari,Bari,Nell'Abitato,Strada Urbana,Rettilineo,Incidente tra veicoli,1,0
2020,Bari,Bari,Nell'Abitato,Strada Urbana,Incrocio,Incidente tra veicoli,3,0
2020,Bari,Bari,Nell'Abitato,Strada Urbana,Incrocio,Incidente tra veicoli,2,0
2020,Bari,Bari,Nell'Abitato,Strada Urbana,Rettilineo,Incidente tra veicoli,4,0
2020,Bari,Bari,Nell'Abitato,Strada Urbana,Curva,Incidente tra veicoli,1,0
2020,Bari,Bari,Fuori Abitato,Strada Statale,Rettilineo,Incidente tra veicoli,1,0
2020,Bari,Bari,Nell'Abitato,Strada Urbana,Incrocio,Incidente tra veicoli,2,0
2020,Bari,Bari,Nell'Abitato,Strada Urbana,Rettilineo,Incidente tra veicoli,1,0
2020,Bari,Bari,Nell'Abitato,Strada Urbana,Incrocio,Incidente tra veicoli,1,0
2020,Bari,Bari,Nell'Abitato,Strada Urbana,Rettilineo,Incidente tra veicoli,1,0
2020,Bari,Bari,Nell'Abitato,Strada Urbana,Rettilineo,Incidente tra veicoli,1,0
2020,Bari,Bari,Nell'Abitato,Strada Urbana,Rettilineo,Incidente tra veicoli,1,0
2020,Bari,Bari,Nell'Abitato,Strada Urbana,Rettilineo,Incidente tra veicoli,1,0
2020,Bari,Bari,Nell'Abitato,Strada Urbana,Incrocio,Incidente tra veicoli,1,0
2020,Bari,Bari,Nell'Abitato,Strada Urbana,Incrocio,Incidente tra veicoli,3,0
2020,Bari,Bari,Nell'Abitato,Strada Urbana,Incrocio,Incidente tra veicoli,1,0
2020,Bari,Bari,Nell'Abitato,Strada Urbana,Rettilineo,Incidente tra veicoli,1,0
2020,Bari,Modugno,Nell'Abitato,Strada Urbana,Incrocio,Incidente tra veicoli,1,0
2020,Bari,Noci,Nell'Abitato,Strada Urbana,Incrocio,Incidente tra veicoli,2,0
2020,Bari,Giovinazzo,Nell'Abitato,Strada Urbana,Incrocio,Incidente tra veicoli,1,0
2020,Bari,Giovinazzo,Nell'Abitato,Strada Urbana,Incrocio,Incidente tra veicoli,2,0
2020,Bari,Noicattaro,Nell'Abitato,Strada Urbana,Incrocio,Incidente tra veicoli,1,0
2020,Bari,Triggiano,Nell'Abitato,Strada Urbana,Incrocio,Incidente tra veicoli,1,0
2020,Bari,Conversano,Nell'Abitato,Strada Urbana,Rettilineo,Incidente tra veicoli,1,0
2020,Bari,Triggiano,Fuori Abitato,Strada Provinciale,Curva,Incidente tra veicoli,1,0
2020,Bari,Corato,Fuori Abitato,Strada comunale extraurbana,Incrocio,Incidente tra veicoli,3,0
2020,Bari,Corato,Nell'Abitato,Strada Urbana,Rotatoria,Incidente tra veicoli,1,0
2020,Bari,Palo del Colle,Nell'Abitato,Strada Urbana,Incrocio,Incidente tra veicoli,3,0
2020,Bari,Conversano,Nell'Abitato,Strada Urbana,Incrocio,Incidente tra veicoli,1,0
2020,Bari,Giovinazzo,Nell'Abitato,Strada Urbana,Incrocio,Incidente tra veicoli,1,0
2020,Bari,Molfetta,Nell'Abitato,Strada Urbana,Incrocio,Incidente tra veicoli,1,0
2020,Bari,Modugno,Nell'Abitato,Strada Urbana,Incrocio,Incidente tra veicoli,2,0
2020,Bari,Valenzano,Nell'Abitato,Strada Provinciale,Rettilineo,Incidente tra veicoli,1,0
2020,Bari,Cassano delle Murge,Fuori Abitato,Strada comunale extraurbana,Incrocio,Incidente tra veicoli,3,0
2020,Bari,Molfetta,Nell'Abitato,Strada Urbana,Incrocio,Incidente tra veicoli,1,0
2020,Bari,Cassano delle Murge,Fuori Abitato,Strada Provinciale,Incrocio,Incidente tra veicoli,2,0
2020,Bari,Conversano,Nell'Abitato,Strada Urbana,Incrocio,Incidente tra veicoli,1,0
2020,Bari,Cassano delle Murge,Nell'Abitato,Strada Urbana,Incrocio,Incidente tra veicoli,1,0
2020,Bari,Palo del Colle,Nell'Abitato,Strada Urbana,Incrocio,Incidente tra veicoli,1,0
2020,Bari,Modugno,Nell'Abitato,Strada Urbana,Incrocio,Incidente tra veicoli,1,0
2020,Bari,Cassano delle Murge,Nell'Abitato,Strada Urbana,Rettilineo,Incidente tra veicoli,1,0
2020,Bari,Molfetta,Nell'Abitato,Strada Urbana,Incrocio,Incidente tra veicoli,1,0
2020,Bari,Noicattaro,Fuori Abitato,Strada comunale extraurbana,Incrocio,Incidente tra veicoli,4,0
2020,Bari,Molfetta,Nell'Abitato,Strada Urbana,Incrocio,Incidente tra veicoli,1,0
2020,Bari,Noci,Nell'Abitato,Strada Urbana,Incrocio,Incidente tra veicoli,2,0
2020,Bari,Molfetta,Nell'Abitato,Strada Urbana,Rettilineo,Incidente tra veicoli,1,0
2020,Bari,Triggiano,Fuori Abitato,Strada Provinciale,Rotatoria,Incidente tra veicoli,0,1
2020,Bari,Corato,Nell'Abitato,Strada Urbana,Rettilineo,Incidente tra veicoli,1,0
2020,Bari,Corato,Nell'Abitato,Strada Urbana,Rettilineo,Incidente tra veicoli,1,0
2020,Bari,Noicattaro,Nell'Abitato,Strada Urbana,Rotatoria,Incidente tra veicoli,1,0
2020,Bari,Modugno,Nell'Abitato,Strada Urbana,Rettilineo,Incidente tra veicoli,1,0
2020,Bari,Capurso,Fuori Abitato,Strada comunale extraurbana,Incrocio,Incidente tra veicoli,1,0
2020,Bari,Bari,Nell'Abitato,Strada Urbana,Rettilineo,Incidente tra veicoli,3,0
2020,Bari,Bari,Nell'Abitato,Strada Urbana,Incrocio,Incidente tra veicoli,1,0
2020,Bari,Bari,Nell'Abitato,Strada Urbana,Incrocio,Incidente tra veicoli,3,0
2020,Bari,Bari,Nell'Abitato,Strada Urbana,Incrocio,Incidente tra veicoli,1,0
2020,Bari,Bari,Nell'Abitato,Strada Urbana,Incrocio,Incidente tra veicoli,2,0
2020,Bari,Bari,Fuori Abitato,Strada Provinciale,Incrocio,Incidente tra veicoli,3,0
2020,Bari,Bari,Nell'Abitato,Strada Urbana,Rettilineo,Incidente tra veicoli,2,0
2020,Bari,Bari,Nell'Abitato,Strada Urbana,Incrocio,Incidente tra veicoli,2,0
2020,Bari,Bari,Nell'Abitato,Strada Urbana,Rettilineo,Incidente tra veicoli,1,0
2020,Bari,Bari,Nell'Abitato,Strada Urbana,Incrocio,Incidente tra veicoli,3,0
2020,Bari,Bari,Fuori Abitato,Strada Provinciale,Incrocio,Incidente tra veicoli,2,0
2020,Bari,Molfetta,Fuori Abitato,Strada Statale,Rettilineo,Incidente tra veicoli,3,0
2020,Bari,Noci,Nell'Abitato,Strada Urbana,Incrocio,Incidente tra veicoli,1,0
2020,Bari,Corato,Nell'Abitato,Strada Urbana,Incrocio,Incidente tra veicoli,1,0
2020,Bari,Capurso,Nell'Abitato,Strada Urbana,Rettilineo,Incidente tra veicoli,1,0
2020,Bari,Bitetto,Fuori Abitato,Strada Provinciale,Incrocio,Incidente tra veicoli,3,0
2020,Bari,Cassano delle Murge,Nell'Abitato,Strada Urbana,Incrocio,Incidente tra veicoli,2,0
2020,Bari,Bitonto,Fuori Abitato,Strada Provinciale,Rettilineo,Incidente a veicolo isolato,3,0
2020,Bari,Capurso,Fuori Abitato,Strada Statale,Rettilineo,Incidente tra veicoli,1,0
2020,Bari,Grumo Appula,Fuori Abitato,Strada Statale,Rettilineo,Incidente tra veicoli,2,0
2020,Bari,Giovinazzo,Fuori Abitato,Autostrada,Rettilineo,Incidente tra veicoli,1,0
2020,Bari,Bari,Fuori Abitato,Autostrada,Rettilineo,Incidente tra veicoli,3,0
2020,Bari,Giovinazzo,Fuori Abitato,Strada Statale,Rettilineo,Incidente tra veicoli,1,0
2020,Bari,Giovinazzo,Fuori Abitato,Strada Statale,Rettilineo,Incidente tra veicoli,2,0
2020,Bari,Bari,Fuori Abitato,Strada Statale,Rettilineo,Incidente tra veicoli,1,0
2020,Bari,Bari,Fuori Abitato,Strada Statale,Rettilineo,Incidente tra veicoli,1,0
2020,Bari,Bari,Fuori Abitato,Strada Statale,Curva,Incidente tra veicoli,2,0
2020,Bari,Bari,Fuori Abitato,Strada Statale,Curva,Incidente tra veicoli,1,0
2020,Bari,Bari,Fuori Abitato,Strada Statale,Rettilineo,Incidente a veicolo isolato,1,0
2020,Bari,Bari,Fuori Abitato,Strada Statale,Curva,Incidente a veicolo isolato,1,0
2020,Bari,Bari,Fuori Abitato,Strada Statale,Curva,Incidente a veicolo isolato,1,0
2020,Bari,Bari,Fuori Abitato,Strada Statale,Rettilineo,Incidente tra veicoli,2,0
2020,Bari,Bari,Fuori Abitato,Strada Statale,Rettilineo,Incidente tra veicoli,3,0
2020,Bari,Bari,Fuori Abitato,Strada Statale,Rettilineo,Incidente tra veicoli,2,0
2020,Bari,Castellana Grotte,Nell'Abitato,Strada Urbana,Rotatoria,Incidente tra veicoli,2,0
2020,Bari,Bari,Fuori Abitato,Strada Statale,Rettilineo,Incidente tra veicoli,1,0
2020,Bari,Bari,Fuori Abitato,Strada Statale,Curva,Incidente tra veicoli,2,0
2020,Bari,Bari,Fuori Abitato,Strada Statale,Rettilineo,Incidente tra veicoli,2,0
2020,Bari,Castellana Grotte,Fuori Abitato,Strada Provinciale,Curva,Incidente a veicolo isolato,1,0
2020,Bari,Giovinazzo,Fuori Abitato,Strada Provinciale,Rettilineo,Incidente tra veicoli,2,0
2020,Bari,Casamassima,Fuori Abitato,Strada Statale,Rettilineo,Incidente tra veicoli,5,0
2020,Bari,Molfetta,Fuori Abitato,Strada Statale,Rettilineo,Incidente tra veicoli,1,0
2020,Bari,Turi,Fuori Abitato,Strada Statale,Curva,Incidente a veicolo isolato,1,0
2020,Bari,Modugno,Nell'Abitato,Strada Urbana,Incrocio,Incidente tra veicoli,1,0
2020,Bari,Modugno,Fuori Abitato,Strada Provinciale,Curva,Incidente a veicolo isolato,1,0
2020,Bari,Conversano,Fuori Abitato,Strada Provinciale,Rettilineo,Incidente a veicolo isolato,1,0
2020,Bari,Turi,Nell'Abitato,Strada Urbana,Rettilineo,Incidente tra veicoli,2,0
2020,Bari,Altamura,Fuori Abitato,Strada Provinciale,Rettilineo,Incidente a veicolo isolato,1,0
2020,Bari,Adelfia,Fuori Abitato,Strada Provinciale,Curva,Incidente a veicolo isolato,2,0
2020,Bari,Altamura,Fuori Abitato,Strada Provinciale,Curva,Incidente a veicolo isolato,1,0
2020,Bari,Gioia del Colle,Fuori Abitato,Strada comunale extraurbana,Rettilineo,Incidente a veicolo isolato,1,0
2020,Bari,Ruvo di Puglia,Fuori Abitato,Strada Provinciale,Rettilineo,Incidente tra veicoli,1,0
2020,Bari,Casamassima,Fuori Abitato,Strada Provinciale,Curva,Incidente tra veicoli,2,0
2020,Bari,Palo del Colle,Nell'Abitato,Strada Urbana,Incrocio,Incidente tra veicoli,2,0
2020,Bari,Altamura,Fuori Abitato,Strada Provinciale,Incrocio,Incidente tra veicoli,3,0
2020,Bari,Turi,Nell'Abitato,Strada Urbana,Incrocio,Incidente tra veicoli,1,0
2020,Bari,Modugno,Nell'Abitato,Strada Urbana,Incrocio,Incidente tra veicoli,2,0
2020,Bari,Altamura,Nell'Abitato,Strada Urbana,Incrocio,Incidente tra veicoli,3,0
2020,Bari,Bari,Nell'Abitato,Strada Urbana,Rettilineo,Incidente tra veicoli,1,0
2020,Bari,Modugno,Fuori Abitato,Strada Provinciale,Incrocio,Incidente tra veicoli,2,0
2020,Bari,Acquaviva delle Fonti,Fuori Abitato,Strada Provinciale,Rettilineo,Incidente tra veicoli,1,0
2020,Bari,Modugno,Nell'Abitato,Strada Urbana,Rettilineo,Incidente a veicolo isolato,1,0
2020,Bari,Capurso,Fuori Abitato,Strada comunale extraurbana,Incrocio,Incidente tra veicoli,1,0
2020,Bari,Bitonto,Nell'Abitato,Strada Urbana,Incrocio,Incidente tra veicoli,2,0
2020,Bari,Noicattaro,Fuori Abitato,Strada Provinciale,Rettilineo,Incidente tra veicoli,1,0
2020,Bari,Molfetta,Nell'Abitato,Strada Urbana,Incrocio,Incidente tra veicoli,1,0
2020,Bari,Modugno,Fuori Abitato,Altra strada,Rettilineo,Incidente tra veicoli,1,0
2020,Bari,Corato,Nell'Abitato,Strada Urbana,Rettilineo,Incidente tra veicoli,2,0
2020,Bari,Monopoli,Nell'Abitato,Strada Urbana,Incrocio,Incidente tra veicoli,4,0
2020,Bari,Corato,Nell'Abitato,Strada Urbana,Incrocio,Incidente tra veicoli,1,0
2020,Bari,Altamura,Fuori Abitato,Strada Statale,Rettilineo,Incidente tra veicoli,3,0
2020,Bari,Polignano a Mare,Nell'Abitato,Strada Urbana,Incrocio,Incidente tra veicoli,1,0
2020,Bari,Ruvo di Puglia,Nell'Abitato,Strada Urbana,Incrocio,Incidente tra veicoli,2,0
2020,Bari,Bitritto,Nell'Abitato,Strada Urbana,Incrocio,Incidente tra veicoli,3,0
2020,Bari,Molfetta,Nell'Abitato,Strada Urbana,Incrocio,Incidente tra veicoli,1,0
2020,Bari,Gravina in Puglia,Nell'Abitato,Strada Urbana,Incrocio,Incidente tra veicoli,1,0
2020,Bari,Castellana Grotte,Nell'Abitato,Strada Urbana,Incrocio,Investimento di pedone,1,0
2020,Bari,Altamura,Nell'Abitato,Strada Urbana,Incrocio,Incidente tra veicoli,2,0
2020,Bari,Putignano,Nell'Abitato,Strada Urbana,Incrocio,Investimento di pedone,1,0
2020,Bari,Terlizzi,Nell'Abitato,Strada Urbana,Incrocio,Incidente tra veicoli,1,0
2020,Bari,Monopoli,Nell'Abitato,Strada Urbana,Incrocio,Incidente tra veicoli,1,0
2020,Bari,Monopoli,Fuori Abitato,Strada Provinciale,Rettilineo,Incidente a veicolo isolato,1,0
2020,Bari,Bitritto,Nell'Abitato,Strada Urbana,Incrocio,Incidente tra veicoli,1,0
2020,Bari,Casamassima,Fuori Abitato,Strada Provinciale,Rettilineo,Incidente tra veicoli,3,0
2020,Bari,Gioia del Colle,Nell'Abitato,Strada Urbana,Incrocio,Incidente tra veicoli,1,0
2020,Bari,Gravina in Puglia,Nell'Abitato,Strada Urbana,Rettilineo,Investimento di pedone,1,0
2020,Bari,Gravina in Puglia,Nell'Abitato,Strada Urbana,Incrocio,Incidente tra veicoli,1,0
2020,Bari,Casamassima,Nell'Abitato,Strada Urbana,Incrocio,Investimento di pedone,1,0
2020,Bari,Altamura,Nell'Abitato,Strada Urbana,Incrocio,Incidente tra veicoli,1,0
2020,Bari,Monopoli,Nell'Abitato,Strada Urbana,Incrocio,Incidente tra veicoli,2,0
2020,Bari,Bitonto,Fuori Abitato,Strada Provinciale,Rettilineo,Incidente a veicolo isolato,1,0
2020,Bari,Altamura,Nell'Abitato,Strada Urbana,Rettilineo,Investimento di pedone,1,0
2020,Bari,Acquaviva delle Fonti,Fuori Abitato,Strada Provinciale,Rettilineo,Incidente tra veicoli,2,0
2020,Bari,Terlizzi,Nell'Abitato,Strada Urbana,Incrocio,Incidente tra veicoli,1,0
2020,Bari,Bitonto,Nell'Abitato,Strada Urbana,Rettilineo,Investimento di pedone,1,0
2020,Bari,Bitonto,Nell'Abitato,Strada Urbana,Rettilineo,Investimento di pedone,1,0
2020,Bari,Bitonto,Nell'Abitato,Strada Urbana,Incrocio,Incidente tra veicoli,1,0
2020,Bari,Santeramo in Colle,Fuori Abitato,Strada Provinciale,Incrocio,Incidente tra veicoli,2,0
2020,Bari,Putignano,Fuori Abitato,Strada Provinciale,Rettilineo,Incidente tra veicoli,1,0
2020,Bari,Bitonto,Nell'Abitato,Strada Urbana,Rotatoria,Incidente tra veicoli,1,0
2020,Bari,Valenzano,Nell'Abitato,Strada Urbana,Incrocio,Investimento di pedone,1,0
2020,Bari,Altamura,Fuori Abitato,Strada Provinciale,Incrocio,Incidente tra veicoli,2,0
2020,Bari,Bitonto,Nell'Abitato,Strada Urbana,Incrocio,Investimento di pedone,1,0
2020,Bari,Putignano,Nell'Abitato,Strada Urbana,Rettilineo,Investimento di pedone,2,0
2020,Bari,Altamura,Nell'Abitato,Strada Urbana,Rettilineo,Incidente tra veicoli,4,0
2020,Bari,Gravina in Puglia,Fuori Abitato,Strada Provinciale,Incrocio,Incidente tra veicoli,1,0
2020,Bari,Casamassima,Nell'Abitato,Strada Urbana,Incrocio,Incidente tra veicoli,1,0
2020,Bari,Bitonto,Nell'Abitato,Strada Urbana,Incrocio,Incidente tra veicoli,5,0
2020,Bari,Altamura,Nell'Abitato,Strada Urbana,Incrocio,Incidente tra veicoli,1,0
2020,Bari,Terlizzi,Nell'Abitato,Strada Urbana,Incrocio,Investimento di pedone,1,0
2020,Bari,Altamura,Nell'Abitato,Strada Urbana,Incrocio,Incidente tra veicoli,3,0
2020,Bari,Monopoli,Nell'Abitato,Strada Urbana,Incrocio,Incidente tra veicoli,1,0
2020,Bari,Monopoli,Nell'Abitato,Strada Urbana,Incrocio,Incidente tra veicoli,1,0
2020,Bari,Monopoli,Nell'Abitato,Strada Urbana,Incrocio,Incidente tra veicoli,1,0
2020,Bari,Altamura,Nell'Abitato,Strada Urbana,Rettilineo,Incidente tra veicoli,1,0
2020,Bari,Conversano,Nell'Abitato,Strada Urbana,Curva,Investimento di pedone,1,0
2020,Bari,Bitonto,Nell'Abitato,Strada Urbana,Curva,Incidente tra veicoli,2,0
2020,Bari,Gioia del Colle,Fuori Abitato,Strada Provinciale,Incrocio,Incidente tra veicoli,2,0
2020,Bari,Ruvo di Puglia,Nell'Abitato,Strada Urbana,Incrocio,Investimento di pedone,1,0
2020,Bari,Altamura,Nell'Abitato,Strada Urbana,Incrocio,Incidente tra veicoli,2,0
2020,Bari,Castellana Grotte,Nell'Abitato,Strada Urbana,Incrocio,Incidente tra veicoli,1,0
2020,Bari,Rutigliano,Fuori Abitato,Strada Provinciale,Rettilineo,Incidente tra veicoli,3,0
2020,Bari,Valenzano,Nell'Abitato,Strada Urbana,Incrocio,Incidente tra veicoli,2,0
2020,Bari,Putignano,Nell'Abitato,Strada Urbana,Rettilineo,Investimento di pedone,1,0
2020,Bari,Casamassima,Fuori Abitato,Strada comunale extraurbana,Incrocio,Incidente tra veicoli,2,0
2020,Bari,Gravina in Puglia,Nell'Abitato,Strada Urbana,Incrocio,Investimento di pedone,1,0
2020,Bari,Santeramo in Colle,Nell'Abitato,Strada Urbana,Incrocio,Investimento di pedone,1,0
2020,Bari,Bari,Nell'Abitato,Strada Urbana,Rettilineo,Incidente tra veicoli,1,0
2020,Bari,Bari,Nell'Abitato,Strada Urbana,Rotatoria,Incidente tra veicoli,1,0
2020,Bari,Bari,Nell'Abitato,Strada Urbana,Incrocio,Incidente tra veicoli,1,0
2020,Bari,Bari,Nell'Abitato,Strada Urbana,Rettilineo,Incidente tra veicoli,4,0
2020,Bari,Bari,Nell'Abitato,Strada Urbana,Rettilineo,Incidente tra veicoli,1,0
2020,Bari,Bari,Nell'Abitato,Strada Urbana,Incrocio,Incidente a veicolo isolato,1,0
2020,Bari,Bari,Nell'Abitato,Strada Provinciale,Rettilineo,Incidente a veicolo isolato,2,0
2020,Bari,Bari,Nell'Abitato,Strada Urbana,Incrocio,Investimento di pedone,1,0
2020,Bari,Bari,Nell'Abitato,Strada Urbana,Incrocio,Incidente tra veicoli,1,0
2020,Bari,Bari,Nell'Abitato,Strada Urbana,Incrocio,Incidente tra veicoli,1,0
2020,Bari,Bari,Nell'Abitato,Strada Urbana,Rettilineo,Incidente tra veicoli,1,0
2020,Bari,Bari,Nell'Abitato,Strada Urbana,Incrocio,Incidente tra veicoli,1,0
2020,Bari,Modugno,Fuori Abitato,Strada Statale,Rettilineo,Incidente tra veicoli,1,0
2020,Bari,Bari,Nell'Abitato,Strada Urbana,Rettilineo,Investimento di pedone,1,0
2020,Bari,Bari,Nell'Abitato,Strada Urbana,Rettilineo,Investimento di pedone,1,0
2020,Bari,Bari,Nell'Abitato,Strada Urbana,Incrocio,Incidente tra veicoli,2,0
2020,Bari,Bari,Nell'Abitato,Strada Urbana,Rettilineo,Incidente tra veicoli,1,0
2020,Bari,Bari,Nell'Abitato,Strada Urbana,Incrocio,Incidente tra veicoli,2,0
2020,Bari,Altamura,Fuori Abitato,Strada Provinciale,Rettilineo,Incidente tra veicoli,3,0
2020,Bari,Bitonto,Fuori Abitato,Strada Provinciale,Rettilineo,Incidente tra veicoli,4,0
2020,Bari,Turi,Fuori Abitato,Strada Provinciale,Rettilineo,Incidente tra veicoli,3,0
2020,Bari,Bitonto,Fuori Abitato,Strada Provinciale,Curva,Incidente a veicolo isolato,1,0
2020,Bari,Gravina in Puglia,Fuori Abitato,Strada Statale,Rettilineo,Incidente tra veicoli,1,0
2020,Bari,Altamura,Fuori Abitato,Strada Statale,Rettilineo,Incidente tra veicoli,1,2
2020,Bari,Gravina in Puglia,Fuori Abitato,Strada Provinciale,Rettilineo,Incidente tra veicoli,1,0
2020,Bari,Bari,Nell'Abitato,Strada Urbana,Rettilineo,Investimento di pedone,1,0
2020,Bari,Bari,Nell'Abitato,Strada Urbana,Curva,Incidente a veicolo isolato,1,0
2020,Bari,Bari,Nell'Abitato,Strada Urbana,Rettilineo,Incidente a veicolo isolato,1,0
2020,Bari,Bari,Nell'Abitato,Strada Urbana,Rettilineo,Incidente tra veicoli,1,0
2020,Bari,Bari,Nell'Abitato,Strada Urbana,Incrocio,Incidente a veicolo isolato,1,0
2020,Bari,Bari,Nell'Abitato,Strada Urbana,Incrocio,Incidente tra veicoli,1,0
2020,Bari,Bari,Nell'Abitato,Strada Urbana,Incrocio,Incidente tra veicoli,1,0
2020,Bari,Bari,Nell'Abitato,Strada Urbana,Rettilineo,Incidente tra veicoli,2,0
2020,Bari,Bari,Nell'Abitato,Strada Urbana,Rettilineo,Investimento di pedone,2,0
2020,Bari,Bari,Nell'Abitato,Strada Urbana,Rotatoria,Incidente tra veicoli,1,0
2020,Bari,Bari,Nell'Abitato,Strada Urbana,Rettilineo,Incidente tra veicoli,1,0
2020,Bari,Bari,Nell'Abitato,Strada Urbana,Incrocio,Investimento di pedone,1,0
2020,Bari,Bari,Nell'Abitato,Strada Urbana,Incrocio,Investimento di pedone,1,0
2020,Bari,Bari,Nell'Abitato,Strada Urbana,Incrocio,Incidente tra veicoli,1,0
2020,Bari,Bari,Nell'Abitato,Strada Urbana,Rettilineo,Investimento di pedone,1,0
2020,Bari,Bari,Nell'Abitato,Strada Urbana,Rettilineo,Incidente a veicolo isolato,2,0
2020,Bari,Bari,Nell'Abitato,Strada Urbana,Rettilineo,Incidente tra veicoli,1,0
2020,Bari,Bari,Nell'Abitato,Strada Urbana,Rettilineo,Investimento di pedone,1,0
2020,Bari,Bari,Nell'Abitato,Strada Urbana,Rettilineo,Incidente tra veicoli,1,0
2020,Bari,Bari,Nell'Abitato,Strada Urbana,Incrocio,Investimento di pedone,1,0
2020,Bari,Bari,Nell'Abitato,Strada Urbana,Incrocio,Investimento di pedone,1,0
2020,Bari,Bari,Nell'Abitato,Strada Urbana,Rettilineo,Incidente a veicolo isolato,4,0
2020,Bari,Bari,Nell'Abitato,Strada Urbana,Rettilineo,Incidente tra veicoli,1,0
2020,Bari,Bari,Nell'Abitato,Strada Urbana,Rettilineo,Investimento di pedone,1,0
2020,Bari,Bari,Nell'Abitato,Strada Urbana,Incrocio,Incidente tra veicoli,1,0
2020,Bari,Bari,Nell'Abitato,Strada Urbana,Rettilineo,Investimento di pedone,1,0
2020,Bari,Molfetta,Nell'Abitato,Strada Urbana,Incrocio,Investimento di pedone,1,0
2020,Bari,Capurso,Fuori Abitato,Strada Provinciale,Rettilineo,Incidente tra veicoli,1,0
2020,Bari,Giovinazzo,Nell'Abitato,Strada Urbana,Rettilineo,Investimento di pedone,1,0
2020,Bari,Altamura,Fuori Abitato,Strada Provinciale,Curva,Incidente a veicolo isolato,1,0
2020,Bari,Adelfia,Nell'Abitato,Strada Urbana,Rettilineo,Investimento di pedone,1,0
2020,Bari,Valenzano,Fuori Abitato,Strada Provinciale,Rettilineo,Incidente tra veicoli,1,0
2020,Bari,Noci,Fuori Abitato,Strada Provinciale,Rettilineo,Incidente a veicolo isolato,2,0
2020,Bari,Valenzano,Nell'Abitato,Strada Urbana,Incrocio,Incidente tra veicoli,1,0
2020,Bari,Corato,Fuori Abitato,Strada Provinciale,Rettilineo,Incidente a veicolo isolato,4,0
2020,Bari,Bari,Nell'Abitato,Strada Urbana,Incrocio,Incidente tra veicoli,2,0
2020,Bari,Bari,Nell'Abitato,Strada Urbana,Rettilineo,Incidente tra veicoli,1,0
2020,Bari,Bari,Nell'Abitato,Strada Urbana,Rettilineo,Incidente tra veicoli,1,0
2020,Bari,Bari,Nell'Abitato,Strada Urbana,Incrocio,Incidente tra veicoli,1,0
2020,Bari,Bari,Nell'Abitato,Strada Urbana,Incrocio,Incidente tra veicoli,4,0
2020,Bari,Bari,Nell'Abitato,Strada Urbana,Incrocio,Incidente tra veicoli,3,0
2020,Bari,Bari,Nell'Abitato,Strada Urbana,Rettilineo,Incidente tra veicoli,1,0
2020,Bari,Bari,Nell'Abitato,Strada Urbana,Rettilineo,Incidente tra veicoli,1,0
2020,Bari,Bari,Nell'Abitato,Strada Urbana,Incrocio,Incidente tra veicoli,1,0
2020,Bari,Bari,Nell'Abitato,Strada Urbana,Incrocio,Incidente tra veicoli,4,0
2020,Bari,Bari,Nell'Abitato,Strada Urbana,Incrocio,Incidente tra veicoli,1,0
2020,Bari,Bari,Nell'Abitato,Strada Urbana,Incrocio,Incidente tra veicoli,1,0
2020,Bari,Bari,Nell'Abitato,Strada Urbana,Rettilineo,Incidente tra veicoli,1,0
2020,Bari,Bari,Nell'Abitato,Strada Urbana,Incrocio,Incidente tra veicoli,2,0
2020,Bari,Bari,Nell'Abitato,Strada Urbana,Incrocio,Incidente tra veicoli,1,0
2020,Bari,Bari,Nell'Abitato,Strada Urbana,Incrocio,Incidente tra veicoli,1,0
2020,Bari,Bari,Nell'Abitato,Strada Urbana,Rettilineo,Incidente tra veicoli,3,0
2020,Bari,Bari,Nell'Abitato,Strada Urbana,Rettilineo,Incidente tra veicoli,2,0
2020,Bari,Bari,Nell'Abitato,Strada Provinciale,Incrocio,Incidente tra veicoli,1,0
2020,Bari,Bari,Nell'Abitato,Strada Urbana,Rettilineo,Incidente tra veicoli,2,0
2020,Bari,Bari,Nell'Abitato,Strada Urbana,Incrocio,Incidente tra veicoli,1,0
2020,Bari,Bari,Nell'Abitato,Strada Urbana,Incrocio,Incidente tra veicoli,1,0
2020,Bari,Bari,Nell'Abitato,Strada Urbana,Incrocio,Incidente tra veicoli,2,0
2020,Bari,Bari,Nell'Abitato,Strada Urbana,Incrocio,Incidente tra veicoli,1,0
2020,Bari,Bari,Nell'Abitato,Strada Urbana,Incrocio,Incidente tra veicoli,3,0
2020,Bari,Bari,Nell'Abitato,Strada Urbana,Incrocio,Incidente tra veicoli,1,0
2020,Bari,Bari,Nell'Abitato,Strada Urbana,Incrocio,Incidente tra veicoli,2,0
2020,Bari,Bari,Nell'Abitato,Strada Urbana,Incrocio,Incidente tra veicoli,5,0
2020,Bari,Bari,Nell'Abitato,Strada Urbana,Incrocio,Incidente tra veicoli,1,0
2020,Bari,Bari,Nell'Abitato,Strada Urbana,Incrocio,Incidente tra veicoli,1,0
2020,Bari,Bari,Nell'Abitato,Strada Urbana,Rettilineo,Incidente a veicolo isolato,1,0
2020,Bari,Bari,Nell'Abitato,Strada Urbana,Rettilineo,Incidente tra veicoli,1,0
2020,Bari,Bari,Nell'Abitato,Strada Urbana,Incrocio,Incidente tra veicoli,2,0
2020,Bari,Bari,Fuori Abitato,Strada comunale extraurbana,Rettilineo,Incidente tra veicoli,1,0
2020,Bari,Bari,Nell'Abitato,Strada Urbana,Rettilineo,Incidente tra veicoli,3,0
2020,Bari,Bari,Nell'Abitato,Strada Urbana,Incrocio,Incidente tra veicoli,1,0
2020,Bari,Bari,Nell'Abitato,Strada Urbana,Rettilineo,Incidente tra veicoli,2,0
2020,Bari,Bari,Nell'Abitato,Strada Urbana,Rettilineo,Incidente tra veicoli,1,0
2020,Bari,Bari,Nell'Abitato,Strada Urbana,Rettilineo,Incidente tra veicoli,1,0
2020,Bari,Bari,Nell'Abitato,Strada Urbana,Rettilineo,Incidente tra veicoli,3,0
2020,Bari,Bari,Nell'Abitato,Strada Urbana,Curva,Incidente tra veicoli,1,0
2020,Bari,Bari,Nell'Abitato,Strada Urbana,Rettilineo,Incidente tra veicoli,4,0
2020,Bari,Bari,Nell'Abitato,Strada Urbana,Incrocio,Incidente tra veicoli,6,0
2020,Bari,Bari,Nell'Abitato,Strada Urbana,Incrocio,Incidente tra veicoli,1,0
2020,Bari,Bari,Nell'Abitato,Strada Urbana,Incrocio,Incidente tra veicoli,2,0
2020,Bari,Bari,Nell'Abitato,Strada Urbana,Incrocio,Incidente tra veicoli,6,0
2020,Bari,Bari,Nell'Abitato,Strada Urbana,Incrocio,Incidente tra veicoli,2,0
2020,Bari,Bari,Nell'Abitato,Strada Urbana,Rettilineo,Incidente tra veicoli,2,0
2020,Bari,Noci,Fuori Abitato,Strada Provinciale,Incrocio,Incidente tra veicoli,1,0
2020,Bari,Molfetta,Nell'Abitato,Strada Urbana,Incrocio,Incidente tra veicoli,1,0
2020,Bari,Noci,Nell'Abitato,Strada Urbana,Incrocio,Incidente tra veicoli,2,0
2020,Bari,Valenzano,Fuori Abitato,Strada Provinciale,Rotatoria,Incidente tra veicoli,1,0
2020,Bari,Corato,Fuori Abitato,Strada Provinciale,Incrocio,Incidente tra veicoli,2,0
2020,Bari,Giovinazzo,Nell'Abitato,Strada Urbana,Incrocio,Incidente tra veicoli,2,0
2020,Bari,Capurso,Nell'Abitato,Strada Urbana,Incrocio,Incidente tra veicoli,1,0
2020,Bari,Cassano delle Murge,Nell'Abitato,Strada Urbana,Incrocio,Incidente tra veicoli,2,0
2020,Bari,Altamura,Fuori Abitato,Strada Provinciale,Incrocio,Incidente tra veicoli,1,0
2020,Bari,Corato,Fuori Abitato,Strada comunale extraurbana,Rettilineo,Incidente tra veicoli,2,0
2020,Bari,Mola di Bari,Nell'Abitato,Strada Urbana,Incrocio,Incidente tra veicoli,2,0
2020,Bari,Giovinazzo,Fuori Abitato,Strada Provinciale,Incrocio,Incidente tra veicoli,2,0
2020,Bari,Corato,Nell'Abitato,Strada Urbana,Incrocio,Incidente tra veicoli,3,0
2020,Bari,Modugno,Nell'Abitato,Strada Urbana,Incrocio,Incidente tra veicoli,1,0
2020,Bari,Modugno,Nell'Abitato,Strada Urbana,Incrocio,Incidente tra veicoli,1,0
2020,Bari,Molfetta,Nell'Abitato,Strada Urbana,Incrocio,Incidente tra veicoli,2,0
2020,Bari,Noicattaro,Nell'Abitato,Strada Urbana,Incrocio,Incidente tra veicoli,2,0
2020,Bari,Molfetta,Fuori Abitato,Strada comunale extraurbana,Incrocio,Incidente tra veicoli,1,0
2020,Bari,Molfetta,Nell'Abitato,Strada Urbana,Rettilineo,Incidente tra veicoli,1,0
2020,Bari,Noicattaro,Nell'Abitato,Strada Urbana,Incrocio,Incidente tra veicoli,1,0
2020,Bari,Giovinazzo,Nell'Abitato,Strada Urbana,Incrocio,Incidente tra veicoli,2,0
2020,Bari,Mola di Bari,Nell'Abitato,Strada Urbana,Incrocio,Incidente tra veicoli,1,0
2020,Bari,Molfetta,Nell'Abitato,Strada Urbana,Rettilineo,Incidente tra veicoli,1,0
2020,Bari,Altamura,Nell'Abitato,Strada Urbana,Curva,Incidente tra veicoli,3,0
2020,Bari,Altamura,Fuori Abitato,Strada Provinciale,Incrocio,Incidente tra veicoli,2,0
2020,Bari,Noicattaro,Fuori Abitato,Strada Provinciale,Incrocio,Incidente tra veicoli,2,0
2020,Bari,Modugno,Nell'Abitato,Strada Urbana,Incrocio,Incidente tra veicoli,1,0
2020,Bari,Molfetta,Nell'Abitato,Strada Urbana,Rettilineo,Incidente tra veicoli,1,0
2020,Bari,Molfetta,Nell'Abitato,Strada Urbana,Incrocio,Incidente tra veicoli,2,0
2020,Bari,Giovinazzo,Nell'Abitato,Strada Urbana,Rettilineo,Incidente tra veicoli,1,0
2020,Bari,Altamura,Nell'Abitato,Strada Urbana,Rettilineo,Incidente tra veicoli,2,0
2020,Bari,Molfetta,Nell'Abitato,Strada Urbana,Curva,Incidente tra veicoli,1,0
2020,Bari,Molfetta,Fuori Abitato,Strada Provinciale,Rettilineo,Incidente tra veicoli,2,0
2020,Bari,Bari,Nell'Abitato,Strada Urbana,Incrocio,Incidente tra veicoli,2,0
2020,Bari,Bari,Nell'Abitato,Strada Urbana,Rettilineo,Incidente tra veicoli,2,0
2020,Bari,Bari,Nell'Abitato,Strada Urbana,Rettilineo,Incidente tra veicoli,1,1
2020,Bari,Bari,Nell'Abitato,Strada Urbana,Incrocio,Incidente tra veicoli,1,0
2020,Bari,Bari,Nell'Abitato,Strada Urbana,Rettilineo,Incidente tra veicoli,1,0
2020,Bari,Bari,Nell'Abitato,Strada Urbana,Incrocio,Incidente tra veicoli,3,0
2020,Bari,Bari,Nell'Abitato,Strada Urbana,Incrocio,Incidente tra veicoli,2,0
2020,Bari,Bari,Nell'Abitato,Strada Urbana,Rettilineo,Incidente tra veicoli,3,0
2020,Bari,Bari,Nell'Abitato,Strada Urbana,Rettilineo,Incidente tra veicoli,2,0
2020,Bari,Bari,Nell'Abitato,Strada Urbana,Rettilineo,Incidente tra veicoli,4,0
2020,Bari,Bari,Nell'Abitato,Strada Urbana,Rettilineo,Incidente tra veicoli,1,0
2020,Bari,Bari,Nell'Abitato,Strada Urbana,Rettilineo,Incidente tra veicoli,2,1
2020,Bari,Bari,Nell'Abitato,Strada Urbana,Rettilineo,Incidente tra veicoli,1,0
2020,Bari,Bari,Nell'Abitato,Strada Urbana,Incrocio,Incidente tra veicoli,2,0
2020,Bari,Modugno,Nell'Abitato,Strada Urbana,Rettilineo,Incidente tra veicoli,1,0
2020,Bari,Noicattaro,Nell'Abitato,Strada Urbana,Rettilineo,Incidente tra veicoli,2,0
2020,Bari,Corato,Fuori Abitato,Strada Provinciale,Rettilineo,Incidente tra veicoli,6,0
2020,Bari,Cassano delle Murge,Fuori Abitato,Strada Provinciale,Rettilineo,Incidente tra veicoli,2,0
2020,Bari,Molfetta,Fuori Abitato,Strada Statale,Rettilineo,Incidente tra veicoli,2,0
2020,Bari,Bitonto,Fuori Abitato,Strada Provinciale,Curva,Incidente a veicolo isolato,0,1
2020,Bari,Bari,Fuori Abitato,Strada Statale,Curva,Incidente a veicolo isolato,2,0
2020,Bari,Capurso,Fuori Abitato,Strada Statale,Rettilineo,Incidente tra veicoli,1,0
2020,Bari,Bari,Fuori Abitato,Strada Statale,Rettilineo,Incidente tra veicoli,1,1
2020,Bari,Bari,Fuori Abitato,Strada Statale,Curva,Incidente a veicolo isolato,1,0
2020,Bari,Bari,Fuori Abitato,Strada Statale,Rettilineo,Incidente tra veicoli,1,0
2020,Bari,Bari,Fuori Abitato,Strada Statale,Rettilineo,Incidente tra veicoli,1,1
2020,Bari,Bari,Fuori Abitato,Strada Statale,Rettilineo,Incidente tra veicoli,1,0
2020,Bari,Bari,Fuori Abitato,Strada Statale,Rettilineo,Incidente tra veicoli,0,1
2020,Bari,Monopoli,Fuori Abitato,Strada Statale,Rettilineo,Incidente tra veicoli,1,0
2020,Bari,Monopoli,Fuori Abitato,Strada Statale,Curva,Incidente tra veicoli,1,0
2020,Bari,Monopoli,Fuori Abitato,Strada Statale,Rettilineo,Incidente tra veicoli,2,0
2020,Bari,Capurso,Fuori Abitato,Strada Statale,Rettilineo,Incidente tra veicoli,2,0
2020,Bari,Conversano,Nell'Abitato,Strada Urbana,Curva,Incidente tra veicoli,1,0
2020,Bari,Putignano,Nell'Abitato,Strada Urbana,Incrocio,Incidente tra veicoli,1,0
2020,Bari,Turi,Fuori Abitato,Strada Provinciale,Curva,Incidente tra veicoli,1,1
2020,Bari,Monopoli,Fuori Abitato,Altra strada,Curva,Incidente a veicolo isolato,1,0
2020,Bari,Conversano,Nell'Abitato,Strada Urbana,Rettilineo,Incidente a veicolo isolato,1,0
2020,Bari,Molfetta,Nell'Abitato,Strada Urbana,Rettilineo,Incidente a veicolo isolato,1,0
2020,Bari,Altamura,Fuori Abitato,Strada Statale,Curva,Incidente a veicolo isolato,1,0
2020,Bari,Altamura,Fuori Abitato,Strada Statale,Curva,Incidente a veicolo isolato,1,0
2020,Bari,Bari,Fuori Abitato,Strada Statale,Rettilineo,Incidente a veicolo isolato,1,0
2020,Bari,Gravina in Puglia,Fuori Abitato,Strada Provinciale,Rettilineo,Incidente a veicolo isolato,0,1
2020,Bari,Casamassima,Nell'Abitato,Strada Urbana,Rettilineo,Investimento di pedone,1,0
2020,Bari,Alberobello,Fuori Abitato,Strada comunale extraurbana,Rettilineo,Incidente tra veicoli,1,0
2020,Bari,Acquaviva delle Fonti,Nell'Abitato,Strada Urbana,Rettilineo,Incidente a veicolo isolato,1,0
2020,Bari,Casamassima,Nell'Abitato,Strada Urbana,Incrocio,Incidente tra veicoli,2,0
2020,Bari,Sannicandro di Bari,Nell'Abitato,Strada Urbana,Incrocio,Incidente tra veicoli,2,0
2020,Bari,Acquaviva delle Fonti,Fuori Abitato,Strada Provinciale,Incrocio,Incidente tra veicoli,2,0
2020,Bari,Gioia del Colle,Fuori Abitato,Strada Provinciale,Rettilineo,Incidente tra veicoli,1,0
2020,Bari,Modugno,Fuori Abitato,Strada Statale,Rettilineo,Incidente tra veicoli,1,0
2020,Bari,Casamassima,Nell'Abitato,Strada Urbana,Incrocio,Incidente tra veicoli,1,0
2020,Bari,Modugno,Fuori Abitato,Strada Statale,Rettilineo,Incidente tra veicoli,3,0
2020,Bari,Gioia del Colle,Fuori Abitato,Strada Provinciale,Rettilineo,Incidente tra veicoli,1,0
2020,Bari,Palo del Colle,Nell'Abitato,Strada Urbana,Incrocio,Incidente tra veicoli,2,0
2020,Bari,Polignano a Mare,Fuori Abitato,Strada Statale,Rettilineo,Incidente tra veicoli,1,0
2020,Bari,Palo del Colle,Nell'Abitato,Strada Urbana,Incrocio,Incidente tra veicoli,1,0
2020,Bari,Polignano a Mare,Nell'Abitato,Strada Urbana,Rettilineo,Incidente a veicolo isolato,1,0
2020,Bari,Bitonto,Nell'Abitato,Strada Urbana,Incrocio,Incidente tra veicoli,3,0
2020,Bari,Altamura,Nell'Abitato,Strada Urbana,Rettilineo,Investimento di pedone,1,0
2020,Bari,Conversano,Nell'Abitato,Strada Urbana,Incrocio,Incidente tra veicoli,2,0
2020,Bari,Bitonto,Nell'Abitato,Strada Urbana,Incrocio,Incidente tra veicoli,3,0
2020,Bari,Gioia del Colle,Nell'Abitato,Strada Urbana,Incrocio,Incidente tra veicoli,1,0
2020,Bari,Monopoli,Nell'Abitato,Strada Urbana,Incrocio,Incidente tra veicoli,1,0
2020,Bari,Rutigliano,Nell'Abitato,Strada Urbana,Incrocio,Incidente tra veicoli,4,0
2020,Bari,Rutigliano,Nell'Abitato,Strada Urbana,Incrocio,Incidente tra veicoli,1,0
2020,Bari,Casamassima,Nell'Abitato,Strada Urbana,Incrocio,Incidente tra veicoli,1,0
2020,Bari,Putignano,Nell'Abitato,Strada Urbana,Incrocio,Incidente tra veicoli,2,0
2020,Bari,Bitonto,Fuori Abitato,Strada comunale extraurbana,Rettilineo,Incidente tra veicoli,3,0
2020,Bari,Casamassima,Fuori Abitato,Strada Statale,Incrocio,Incidente tra veicoli,4,0
2020,Bari,Locorotondo,Nell'Abitato,Strada Urbana,Incrocio,Investimento di pedone,1,0
2020,Bari,Bitonto,Fuori Abitato,Strada Provinciale,Curva,Incidente a veicolo isolato,1,0
2020,Bari,Noci,Nell'Abitato,Strada Urbana,Rettilineo,Investimento di pedone,1,0
2020,Bari,Bari,Nell'Abitato,Strada Urbana,Rettilineo,Investimento di pedone,1,0
2020,Bari,Bari,Nell'Abitato,Strada Urbana,Incrocio,Incidente tra veicoli,1,0
2020,Bari,Bari,Nell'Abitato,Strada Urbana,Curva,Incidente tra veicoli,1,0
2020,Bari,Bari,Nell'Abitato,Strada Urbana,Incrocio,Incidente tra veicoli,2,0
2020,Bari,Bari,Nell'Abitato,Strada Urbana,Rettilineo,Incidente tra veicoli,1,0
2020,Bari,Bari,Nell'Abitato,Strada Urbana,Incrocio,Incidente tra veicoli,1,0
2020,Bari,Bari,Nell'Abitato,Strada Urbana,Curva,Incidente a veicolo isolato,1,0
2020,Bari,Gioia del Colle,Fuori Abitato,Strada Provinciale,Curva,Incidente a veicolo isolato,1,0
2020,Bari,Castellana Grotte,Fuori Abitato,Strada Provinciale,Curva,Incidente tra veicoli,2,0
2020,Bari,Altamura,Fuori Abitato,Strada Statale,Rettilineo,Incidente tra veicoli,5,0
2020,Bari,Bari,Nell'Abitato,Strada Provinciale,Rettilineo,Incidente tra veicoli,1,0
2020,Bari,Bari,Nell'Abitato,Strada Urbana,Rettilineo,Incidente a veicolo isolato,1,0
2020,Bari,Bari,Nell'Abitato,Strada Urbana,Incrocio,Investimento di pedone,1,0
2020,Bari,Bari,Nell'Abitato,Strada Urbana,Rettilineo,Investimento di pedone,1,0
2020,Bari,Bari,Nell'Abitato,Strada Urbana,Rettilineo,Incidente tra veicoli,1,0
2020,Bari,Bari,Nell'Abitato,Strada Urbana,Rettilineo,Incidente tra veicoli,1,0
2020,Bari,Bari,Nell'Abitato,Strada Urbana,Rettilineo,Incidente tra veicoli,1,0
2020,Bari,Bari,Nell'Abitato,Strada Urbana,Rettilineo,Incidente tra veicoli,1,0
2020,Bari,Bari,Nell'Abitato,Strada Urbana,Incrocio,Incidente tra veicoli,1,0
2020,Bari,Bari,Nell'Abitato,Strada Urbana,Rettilineo,Incidente tra veicoli,1,0
2020,Bari,Bari,Fuori Abitato,Strada comunale extraurbana,Incrocio,Incidente tra veicoli,1,0
2020,Bari,Bari,Nell'Abitato,Strada Urbana,Rettilineo,Incidente tra veicoli,1,0
2020,Bari,Bari,Nell'Abitato,Strada Urbana,Incrocio,Incidente tra veicoli,1,0
2020,Bari,Bari,Nell'Abitato,Strada Urbana,Incrocio,Incidente tra veicoli,1,0
2020,Bari,Bari,Nell'Abitato,Strada Urbana,Rettilineo,Incidente tra veicoli,1,0
2020,Bari,Bari,Nell'Abitato,Strada Urbana,Incrocio,Incidente tra veicoli,1,0
2020,Bari,Bari,Nell'Abitato,Strada Urbana,Rettilineo,Investimento di pedone,1,0
2020,Bari,Modugno,Nell'Abitato,Strada Urbana,Incrocio,Investimento di pedone,1,0
2020,Bari,Binetto,Fuori Abitato,Strada Provinciale,Curva,Incidente a veicolo isolato,1,0
2020,Bari,Conversano,Nell'Abitato,Strada Urbana,Rettilineo,Investimento di pedone,1,0
2020,Bari,Molfetta,Fuori Abitato,Strada Provinciale,Rettilineo,Incidente a veicolo isolato,1,0
2020,Bari,Giovinazzo,Nell'Abitato,Strada Urbana,Curva,Investimento di pedone,1,0
2020,Bari,Conversano,Nell'Abitato,Strada Urbana,Rettilineo,Investimento di pedone,1,0
2020,Bari,Bari,Nell'Abitato,Strada Urbana,Incrocio,Incidente tra veicoli,1,0
2020,Bari,Bari,Nell'Abitato,Strada Urbana,Rettilineo,Incidente tra veicoli,1,0
2020,Bari,Bari,Nell'Abitato,Strada Urbana,Incrocio,Incidente tra veicoli,1,0
2020,Bari,Bari,Nell'Abitato,Strada Urbana,Incrocio,Incidente tra veicoli,1,0
2020,Bari,Bari,Nell'Abitato,Strada Urbana,Rettilineo,Incidente tra veicoli,1,0
2020,Bari,Bari,Nell'Abitato,Strada Urbana,Incrocio,Incidente tra veicoli,1,0
2020,Bari,Bari,Nell'Abitato,Strada Urbana,Incrocio,Incidente tra veicoli,1,0
2020,Bari,Bari,Nell'Abitato,Strada Urbana,Incrocio,Incidente tra veicoli,3,0
2020,Bari,Bari,Nell'Abitato,Strada Urbana,Incrocio,Incidente tra veicoli,1,0
2020,Bari,Bari,Nell'Abitato,Strada Urbana,Rettilineo,Incidente tra veicoli,0,1
2020,Bari,Bari,Nell'Abitato,Strada Urbana,Rettilineo,Incidente tra veicoli,3,0
2020,Bari,Bari,Nell'Abitato,Strada Urbana,Rettilineo,Incidente tra veicoli,1,0
2020,Bari,Bari,Nell'Abitato,Strada Urbana,Incrocio,Incidente tra veicoli,2,0
2020,Bari,Bari,Nell'Abitato,Strada Urbana,Incrocio,Incidente tra veicoli,1,0
2020,Bari,Bari,Nell'Abitato,Strada Urbana,Rettilineo,Incidente tra veicoli,1,0
2020,Bari,Bari,Nell'Abitato,Strada Urbana,Rettilineo,Incidente tra veicoli,1,0
2020,Bari,Bari,Nell'Abitato,Strada Urbana,Rettilineo,Incidente tra veicoli,1,0
2020,Bari,Bari,Nell'Abitato,Strada Urbana,Incrocio,Incidente tra veicoli,1,0
2020,Bari,Bari,Nell'Abitato,Strada Urbana,Incrocio,Incidente tra veicoli,1,0
2020,Bari,Bari,Nell'Abitato,Strada Urbana,Incrocio,Incidente tra veicoli,1,0
2020,Bari,Bari,Nell'Abitato,Strada Urbana,Rettilineo,Incidente tra veicoli,1,0
2020,Bari,Bari,Nell'Abitato,Strada Urbana,Incrocio,Incidente tra veicoli,1,0
2020,Bari,Bari,Nell'Abitato,Strada Urbana,Incrocio,Incidente tra veicoli,1,0
2020,Bari,Bari,Nell'Abitato,Strada Urbana,Incrocio,Incidente tra veicoli,4,0
2020,Bari,Bari,Nell'Abitato,Strada Urbana,Rettilineo,Incidente tra veicoli,2,0
2020,Bari,Bari,Nell'Abitato,Strada Urbana,Incrocio,Incidente tra veicoli,4,0
2020,Bari,Bari,Nell'Abitato,Strada Urbana,Incrocio,Incidente tra veicoli,1,0
2020,Bari,Bari,Nell'Abitato,Strada Urbana,Rettilineo,Incidente tra veicoli,1,0
2020,Bari,Bari,Fuori Abitato,Strada Statale,Curva,Incidente tra veicoli,1,0
2020,Bari,Bari,Nell'Abitato,Strada Urbana,Incrocio,Incidente tra veicoli,1,0
2020,Bari,Bari,Nell'Abitato,Strada Urbana,Incrocio,Incidente tra veicoli,1,0
2020,Bari,Bari,Nell'Abitato,Strada Urbana,Rettilineo,Incidente tra veicoli,1,0
2020,Bari,Noci,Nell'Abitato,Strada Urbana,Incrocio,Incidente tra veicoli,1,0
2020,Bari,Adelfia,Nell'Abitato,Strada Urbana,Incrocio,Incidente tra veicoli,1,0
2020,Bari,Modugno,Nell'Abitato,Strada Urbana,Incrocio,Incidente tra veicoli,1,0
2020,Bari,Noci,Fuori Abitato,Strada Provinciale,Incrocio,Incidente tra veicoli,1,0
2020,Bari,Conversano,Nell'Abitato,Strada Urbana,Incrocio,Incidente tra veicoli,1,0
2020,Bari,Palo del Colle,Nell'Abitato,Strada Provinciale,Curva,Incidente tra veicoli,2,0
2020,Bari,Giovinazzo,Fuori Abitato,Strada Statale,Rettilineo,Incidente tra veicoli,2,0
2020,Bari,Bitetto,Nell'Abitato,Strada Urbana,Incrocio,Incidente tra veicoli,1,0
2020,Bari,Altamura,Nell'Abitato,Strada Urbana,Incrocio,Incidente tra veicoli,2,0
2020,Bari,Molfetta,Nell'Abitato,Strada Urbana,Rettilineo,Incidente tra veicoli,1,0
2020,Bari,Corato,Fuori Abitato,Strada Provinciale,Incrocio,Incidente tra veicoli,4,0
2020,Bari,Adelfia,Fuori Abitato,Strada comunale extraurbana,Incrocio,Incidente tra veicoli,1,0
2020,Bari,Bari,Nell'Abitato,Strada Urbana,Incrocio,Incidente tra veicoli,1,0
2020,Bari,Bari,Nell'Abitato,Strada Urbana,Incrocio,Incidente tra veicoli,1,0
2020,Bari,Bari,Nell'Abitato,Strada Urbana,Incrocio,Incidente tra veicoli,1,0
2020,Bari,Bari,Nell'Abitato,Strada Urbana,Rettilineo,Incidente tra veicoli,1,0
2020,Bari,Noicattaro,Nell'Abitato,Strada Urbana,Rettilineo,Incidente tra veicoli,1,0
2020,Bari,Molfetta,Nell'Abitato,Strada Urbana,Rettilineo,Incidente tra veicoli,1,0
2020,Bari,Capurso,Fuori Abitato,Strada Statale,Rettilineo,Incidente tra veicoli,2,0
2020,Bari,Bitonto,Fuori Abitato,Autostrada,Rettilineo,Incidente tra veicoli,1,0
2020,Bari,Bari,Fuori Abitato,Autostrada,Rettilineo,Incidente tra veicoli,7,0
2020,Bari,Bari,Fuori Abitato,Strada Statale,Curva,Incidente a veicolo isolato,1,0
2020,Bari,Bari,Fuori Abitato,Strada Statale,Rettilineo,Incidente tra veicoli,2,0
2020,Bari,Bari,Fuori Abitato,Strada Statale,Rettilineo,Incidente tra veicoli,1,0
2020,Bari,Bari,Fuori Abitato,Strada Statale,Curva,Incidente a veicolo isolato,2,0
2020,Bari,Bari,Fuori Abitato,Strada Statale,Curva,Incidente a veicolo isolato,3,0
2020,Bari,Bari,Fuori Abitato,Strada Statale,Curva,Incidente tra veicoli,2,0
2020,Bari,Polignano a Mare,Fuori Abitato,Strada Statale,Rettilineo,Incidente tra veicoli,1,0
2020,Bari,Polignano a Mare,Fuori Abitato,Strada Statale,Rettilineo,Incidente a veicolo isolato,1,0
2020,Bari,Bari,Fuori Abitato,Strada Statale,Curva,Incidente tra veicoli,4,0
2020,Bari,Bari,Fuori Abitato,Strada Statale,Rettilineo,Incidente tra veicoli,1,0
2020,Bari,Bari,Fuori Abitato,Strada Statale,Rettilineo,Incidente tra veicoli,1,0
2020,Bari,Acquaviva delle Fonti,Nell'Abitato,Strada Urbana,Incrocio,Incidente tra veicoli,2,0
2020,Bari,Santeramo in Colle,Nell'Abitato,Strada Urbana,Incrocio,Incidente tra veicoli,2,0
2020,Bari,Acquaviva delle Fonti,Fuori Abitato,Strada Provinciale,Rettilineo,Incidente tra veicoli,4,0
2020,Bari,Bitonto,Fuori Abitato,Strada Provinciale,Curva,Incidente a veicolo isolato,1,0
2020,Bari,Cassano delle Murge,Fuori Abitato,Strada Provinciale,Rettilineo,Incidente tra veicoli,2,0
2020,Bari,Conversano,Fuori Abitato,Strada Provinciale,Curva,Incidente a veicolo isolato,1,0
2020,Bari,Modugno,Fuori Abitato,Strada comunale extraurbana,Curva,Incidente tra veicoli,2,0
2020,Bari,Molfetta,Fuori Abitato,Strada Provinciale,Rettilineo,Incidente a veicolo isolato,1,0
2020,Bari,Monopoli,Fuori Abitato,Strada Statale,Rettilineo,Incidente a veicolo isolato,1,0
2020,Bari,Modugno,Nell'Abitato,Strada Urbana,Incrocio,Investimento di pedone,1,0
2020,Bari,Molfetta,Fuori Abitato,Strada Statale,Rettilineo,Incidente tra veicoli,2,0
2020,Bari,Modugno,Nell'Abitato,Strada Urbana,Incrocio,Incidente tra veicoli,2,0
2020,Bari,Turi,Fuori Abitato,Strada Provinciale,Curva,Incidente a veicolo isolato,2,0
2020,Bari,Altamura,Fuori Abitato,Strada Provinciale,Curva,Incidente a veicolo isolato,1,0
2020,Bari,Bari,Nell'Abitato,Strada Urbana,Rettilineo,Incidente tra veicoli,1,0
2020,Bari,Mola di Bari,Nell'Abitato,Strada Urbana,Incrocio,Incidente tra veicoli,2,0
2020,Bari,Ruvo di Puglia,Fuori Abitato,Strada Provinciale,Rettilineo,Incidente tra veicoli,1,0
2020,Bari,Molfetta,Nell'Abitato,Strada Urbana,Incrocio,Incidente tra veicoli,2,0
2020,Bari,Conversano,Fuori Abitato,Strada Provinciale,Curva,Incidente tra veicoli,1,0
2020,Bari,Alberobello,Nell'Abitato,Strada Urbana,Incrocio,Incidente tra veicoli,2,0
2020,Bari,Modugno,Fuori Abitato,Strada Statale,Rettilineo,Incidente tra veicoli,1,0
2020,Bari,Molfetta,Nell'Abitato,Strada Urbana,Rettilineo,Incidente tra veicoli,1,0
2020,Bari,Altamura,Nell'Abitato,Strada Urbana,Rettilineo,Incidente a veicolo isolato,1,0
2020,Bari,Altamura,Nell'Abitato,Strada Urbana,Incrocio,Investimento di pedone,1,0
2020,Bari,Santeramo in Colle,Nell'Abitato,Strada Urbana,Incrocio,Incidente tra veicoli,1,0
2020,Bari,Santeramo in Colle,Nell'Abitato,Strada Urbana,Incrocio,Investimento di pedone,1,0
2020,Bari,Bitonto,Fuori Abitato,Strada Provinciale,Incrocio,Incidente tra veicoli,1,0
2020,Bari,Putignano,Nell'Abitato,Strada Urbana,Rettilineo,Investimento di pedone,1,0
2020,Bari,Ruvo di Puglia,Nell'Abitato,Strada Urbana,Rettilineo,Investimento di pedone,1,0
2020,Bari,Altamura,Nell'Abitato,Strada Urbana,Rettilineo,Investimento di pedone,1,0
2020,Bari,Bitonto,Fuori Abitato,Strada Provinciale,Incrocio,Incidente tra veicoli,2,0
2020,Bari,Bitonto,Nell'Abitato,Strada Urbana,Rettilineo,Incidente tra veicoli,1,0
2020,Bari,Corato,Nell'Abitato,Strada Urbana,Incrocio,Incidente a veicolo isolato,0,1
2020,Bari,Corato,Fuori Abitato,Strada comunale extraurbana,Rettilineo,Incidente tra veicoli,1,0
2020,Bari,Bitonto,Nell'Abitato,Strada Urbana,Rettilineo,Incidente tra veicoli,3,0
2020,Bari,Altamura,Nell'Abitato,Strada Urbana,Incrocio,Incidente tra veicoli,1,0
2020,Bari,Toritto,Nell'Abitato,Strada Urbana,Incrocio,Investimento di pedone,1,0
2020,Bari,Monopoli,Fuori Abitato,Strada Provinciale,Incrocio,Incidente tra veicoli,2,0
2020,Bari,Acquaviva delle Fonti,Nell'Abitato,Strada Urbana,Incrocio,Incidente tra veicoli,1,0
2020,Bari,Bitonto,Nell'Abitato,Strada Urbana,Incrocio,Incidente tra veicoli,1,0
2020,Bari,Terlizzi,Nell'Abitato,Strada Urbana,Incrocio,Investimento di pedone,1,0
2020,Bari,Bitritto,Nell'Abitato,Strada Urbana,Incrocio,Incidente tra veicoli,1,0
2020,Bari,Gioia del Colle,Nell'Abitato,Strada Urbana,Incrocio,Incidente tra veicoli,1,0
2020,Bari,Putignano,Nell'Abitato,Strada Urbana,Incrocio,Incidente tra veicoli,1,0
2020,Bari,Bari,Nell'Abitato,Strada Urbana,Rettilineo,Incidente a veicolo isolato,1,0
2020,Bari,Bari,Nell'Abitato,Strada Urbana,Incrocio,Incidente tra veicoli,1,0
2020,Bari,Bari,Nell'Abitato,Strada Urbana,Rettilineo,Investimento di pedone,1,0
2020,Bari,Bari,Nell'Abitato,Strada Urbana,Incrocio,Incidente tra veicoli,3,0
2020,Bari,Bari,Nell'Abitato,Strada Urbana,Incrocio,Incidente tra veicoli,1,1
2020,Bari,Bari,Nell'Abitato,Strada Urbana,Rettilineo,Incidente a veicolo isolato,1,0
2020,Bari,Bari,Nell'Abitato,Strada Urbana,Curva,Incidente tra veicoli,1,0
2020,Bari,Bitonto,Fuori Abitato,Strada Provinciale,Rettilineo,Incidente tra veicoli,1,0
2020,Bari,Corato,Fuori Abitato,Strada Provinciale,Curva,Incidente a veicolo isolato,1,0
2020,Bari,Bitonto,Fuori Abitato,Strada Provinciale,Rettilineo,Incidente tra veicoli,1,0
2020,Bari,Santeramo in Colle,Fuori Abitato,Strada Provinciale,Curva,Incidente a veicolo isolato,2,0
2020,Bari,Bitonto,Fuori Abitato,Strada Provinciale,Curva,Incidente a veicolo isolato,2,0
2020,Bari,Altamura,Fuori Abitato,Strada Provinciale,Curva,Incidente a veicolo isolato,2,0
2020,Bari,Putignano,Fuori Abitato,Strada Provinciale,Rettilineo,Incidente tra veicoli,2,0
2020,Bari,Altamura,Fuori Abitato,Strada Statale,Rettilineo,Incidente tra veicoli,2,0
2020,Bari,Bari,Nell'Abitato,Strada Urbana,Rettilineo,Investimento di pedone,1,0
2020,Bari,Bari,Nell'Abitato,Strada Urbana,Incrocio,Incidente a veicolo isolato,1,0
2020,Bari,Bari,Nell'Abitato,Strada Urbana,Rettilineo,Incidente a veicolo isolato,1,0
2020,Bari,Bari,Nell'Abitato,Strada Urbana,Curva,Incidente a veicolo isolato,1,0
2020,Bari,Bari,Nell'Abitato,Strada Urbana,Rettilineo,Incidente tra veicoli,3,0
2020,Bari,Bari,Nell'Abitato,Strada Urbana,Incrocio,Incidente tra veicoli,1,0
2020,Bari,Bari,Nell'Abitato,Strada Urbana,Incrocio,Investimento di pedone,1,0
2020,Bari,Bari,Nell'Abitato,Strada Urbana,Rettilineo,Investimento di pedone,1,0
2020,Bari,Bari,Nell'Abitato,Strada Urbana,Incrocio,Incidente tra veicoli,1,0
2020,Bari,Bari,Nell'Abitato,Strada Urbana,Incrocio,Investimento di pedone,1,0
2020,Bari,Bari,Nell'Abitato,Strada Statale,Rettilineo,Incidente a veicolo isolato,1,0
2020,Bari,Bari,Nell'Abitato,Strada Urbana,Incrocio,Incidente tra veicoli,1,0
2020,Bari,Bari,Nell'Abitato,Strada Urbana,Rettilineo,Investimento di pedone,1,0
2020,Bari,Bari,Nell'Abitato,Strada Urbana,Incrocio,Investimento di pedone,1,0
2020,Bari,Bari,Nell'Abitato,Strada Urbana,Rettilineo,Investimento di pedone,1,0
2020,Bari,Bari,Nell'Abitato,Strada Urbana,Rettilineo,Investimento di pedone,1,0
2020,Bari,Corato,Fuori Abitato,Strada Provinciale,Rotatoria,Incidente a veicolo isolato,1,0
2020,Bari,Valenzano,Nell'Abitato,Strada Urbana,Rettilineo,Investimento di pedone,1,0
2020,Bari,Modugno,Fuori Abitato,Strada comunale extraurbana,Rotatoria,Incidente tra veicoli,1,0
2020,Bari,Molfetta,Nell'Abitato,Strada Urbana,Rettilineo,Investimento di pedone,1,0
2020,Bari,Noicattaro,Nell'Abitato,Strada Urbana,Rettilineo,Incidente a veicolo isolato,2,0
2020,Bari,Molfetta,Fuori Abitato,Strada Provinciale,Rettilineo,Incidente a veicolo isolato,1,0
2020,Bari,Valenzano,Nell'Abitato,Strada Urbana,Rotatoria,Incidente a veicolo isolato,0,1
2020,Bari,Noicattaro,Fuori Abitato,Strada Provinciale,Curva,Incidente a veicolo isolato,1,0
2020,Bari,Noci,Nell'Abitato,Strada Urbana,Rettilineo,Investimento di pedone,1,0
2020,Bari,Bari,Nell'Abitato,Strada Urbana,Incrocio,Incidente tra veicoli,1,0
2020,Bari,Bari,Nell'Abitato,Strada Urbana,Incrocio,Incidente tra veicoli,2,0
2020,Bari,Bari,Nell'Abitato,Strada Urbana,Incrocio,Incidente tra veicoli,1,0
2020,Bari,Bari,Nell'Abitato,Strada Urbana,Incrocio,Incidente tra veicoli,2,0
2020,Bari,Bari,Nell'Abitato,Strada Urbana,Incrocio,Incidente tra veicoli,1,0
2020,Bari,Bari,Nell'Abitato,Strada Urbana,Rettilineo,Incidente tra veicoli,1,0
2020,Bari,Bari,Nell'Abitato,Strada Urbana,Incrocio,Incidente tra veicoli,2,0
2020,Bari,Bari,Nell'Abitato,Strada Urbana,Incrocio,Incidente tra veicoli,1,0
2020,Bari,Bari,Nell'Abitato,Strada Urbana,Rettilineo,Incidente tra veicoli,1,0
2020,Bari,Bari,Nell'Abitato,Strada Urbana,Incrocio,Incidente tra veicoli,1,0
2020,Bari,Bari,Nell'Abitato,Strada Urbana,Rettilineo,Incidente a veicolo isolato,1,0
2020,Bari,Bari,Nell'Abitato,Strada Urbana,Incrocio,Incidente tra veicoli,1,0
2020,Bari,Bari,Nell'Abitato,Strada Urbana,Rettilineo,Incidente tra veicoli,1,0
2020,Bari,Bari,Nell'Abitato,Strada Urbana,Incrocio,Incidente tra veicoli,1,0
2020,Bari,Bari,Fuori Abitato,Strada comunale extraurbana,Incrocio,Incidente tra veicoli,1,0
2020,Bari,Bari,Nell'Abitato,Strada Urbana,Incrocio,Incidente tra veicoli,1,0
2020,Bari,Bari,Nell'Abitato,Strada Urbana,Rettilineo,Incidente tra veicoli,5,0
2020,Bari,Bari,Nell'Abitato,Strada Urbana,Rettilineo,Incidente tra veicoli,1,0
2020,Bari,Bari,Nell'Abitato,Strada Urbana,Incrocio,Incidente tra veicoli,1,0
2020,Bari,Bari,Nell'Abitato,Strada Urbana,Rettilineo,Incidente tra veicoli,1,0
2020,Bari,Bari,Nell'Abitato,Strada Urbana,Incrocio,Incidente tra veicoli,1,0
2020,Bari,Bari,Nell'Abitato,Strada Urbana,Incrocio,Incidente tra veicoli,3,0
2020,Bari,Bari,Nell'Abitato,Strada Urbana,Incrocio,Incidente tra veicoli,1,0
2020,Bari,Bari,Nell'Abitato,Strada Urbana,Rettilineo,Incidente tra veicoli,1,0
2020,Bari,Triggiano,Nell'Abitato,Strada Urbana,Incrocio,Incidente tra veicoli,1,0
2020,Bari,Triggiano,Nell'Abitato,Strada Urbana,Incrocio,Incidente tra veicoli,2,0
2020,Bari,Corato,Nell'Abitato,Strada Urbana,Incrocio,Incidente tra veicoli,1,0
2020,Bari,Noicattaro,Nell'Abitato,Strada Urbana,Incrocio,Incidente tra veicoli,1,0
2020,Bari,Molfetta,Nell'Abitato,Strada Urbana,Incrocio,Incidente tra veicoli,1,0
2020,Bari,Corato,Fuori Abitato,Strada Provinciale,Incrocio,Incidente tra veicoli,2,0
2020,Bari,Giovinazzo,Fuori Abitato,Strada Statale,Rettilineo,Incidente tra veicoli,1,0
2020,Bari,Bitetto,Nell'Abitato,Strada Urbana,Incrocio,Incidente tra veicoli,3,0
2020,Bari,Molfetta,Fuori Abitato,Strada comunale extraurbana,Incrocio,Incidente tra veicoli,1,0
2020,Bari,Noicattaro,Nell'Abitato,Strada Urbana,Incrocio,Incidente tra veicoli,1,0
2020,Bari,Mola di Bari,Nell'Abitato,Strada Urbana,Incrocio,Incidente tra veicoli,1,0
2020,Bari,Mola di Bari,Nell'Abitato,Strada Urbana,Incrocio,Incidente tra veicoli,2,0
2020,Bari,Conversano,Nell'Abitato,Strada Urbana,Rettilineo,Incidente tra veicoli,1,0
2020,Bari,Molfetta,Fuori Abitato,Strada Statale,Rettilineo,Incidente tra veicoli,1,0
2020,Bari,Noicattaro,Nell'Abitato,Strada Urbana,Rettilineo,Incidente tra veicoli,4,0
2020,Bari,Molfetta,Fuori Abitato,Strada Statale,Rettilineo,Incidente tra veicoli,2,0
2020,Bari,Giovinazzo,Nell'Abitato,Strada Urbana,Incrocio,Incidente tra veicoli,1,0
2020,Bari,Valenzano,Fuori Abitato,Strada Provinciale,Incrocio,Incidente tra veicoli,1,0
2020,Bari,Noicattaro,Nell'Abitato,Strada Urbana,Rettilineo,Incidente tra veicoli,1,0
2020,Bari,Giovinazzo,Nell'Abitato,Strada Urbana,Incrocio,Incidente tra veicoli,1,0
2020,Bari,Cassano delle Murge,Fuori Abitato,Strada Provinciale,Rettilineo,Incidente tra veicoli,1,0
2020,Bari,Noicattaro,Fuori Abitato,Strada Provinciale,Incrocio,Incidente tra veicoli,1,0
2020,Bari,Bari,Nell'Abitato,Strada Urbana,Incrocio,Incidente tra veicoli,2,0
2020,Bari,Bari,Nell'Abitato,Strada Urbana,Rettilineo,Incidente tra veicoli,1,0
2020,Bari,Bari,Nell'Abitato,Strada Urbana,Rettilineo,Incidente tra veicoli,1,0
2020,Bari,Bari,Nell'Abitato,Strada Urbana,Incrocio,Incidente tra veicoli,2,0
2020,Bari,Molfetta,Nell'Abitato,Strada Urbana,Incrocio,Incidente tra veicoli,1,0
2020,Bari,Capurso,Nell'Abitato,Strada Urbana,Incrocio,Incidente tra veicoli,2,0
2020,Bari,Capurso,Nell'Abitato,Strada Urbana,Incrocio,Incidente tra veicoli,1,0
2020,Bari,Molfetta,Nell'Abitato,Strada Urbana,Rettilineo,Incidente tra veicoli,1,0
2020,Bari,Capurso,Nell'Abitato,Strada Urbana,Rettilineo,Incidente tra veicoli,1,0
2020,Bari,Noicattaro,Nell'Abitato,Strada Urbana,Rettilineo,Incidente tra veicoli,1,0
2020,Bari,Cassano delle Murge,Nell'Abitato,Strada Urbana,Rettilineo,Incidente tra veicoli,1,0
2020,Bari,Capurso,Nell'Abitato,Strada Provinciale,Incrocio,Incidente tra veicoli,1,0
2020,Taranto,Taranto,Nell'Abitato,Strada Urbana,Incrocio,Incidente tra veicoli,1,0
2020,Taranto,Manduria,Fuori Abitato,Strada Provinciale,Rettilineo,Incidente tra veicoli,1,0
2020,Taranto,Taranto,Fuori Abitato,Strada Provinciale,Incrocio,Incidente tra veicoli,2,0
2020,Taranto,Taranto,Nell'Abitato,Strada Urbana,Incrocio,Incidente tra veicoli,2,0
2020,Taranto,Statte,Fuori Abitato,Strada Statale,Rettilineo,Incidente a veicolo isolato,1,0
2020,Taranto,Taranto,Fuori Abitato,Strada Statale,Curva,Incidente a veicolo isolato,1,0
2020,Taranto,Taranto,Fuori Abitato,Strada Statale,Incrocio,Incidente tra veicoli,1,0
2020,Taranto,Monteparano,Nell'Abitato,Strada Urbana,Rettilineo,Investimento di pedone,1,0
2020,Taranto,San Giorgio Ionico,Fuori Abitato,Strada Statale,Rettilineo,Incidente a veicolo isolato,1,0
2020,Taranto,Sava,Nell'Abitato,Strada Urbana,Incrocio,Incidente tra veicoli,1,0
2020,Taranto,Taranto,Fuori Abitato,Strada Statale,Rettilineo,Incidente tra veicoli,1,0
2020,Taranto,Ginosa,Nell'Abitato,Strada Urbana,Rettilineo,Investimento di pedone,1,0
2020,Taranto,Avetrana,Fuori Abitato,Strada Provinciale,Rettilineo,Incidente a veicolo isolato,1,0
2020,Taranto,Avetrana,Fuori Abitato,Strada Provinciale,Rettilineo,Incidente a veicolo isolato,5,0
2020,Taranto,Ginosa,Fuori Abitato,Strada Provinciale,Rettilineo,Incidente a veicolo isolato,2,0
2020,Taranto,San Giorgio Ionico,Fuori Abitato,Strada Statale,Curva,Incidente a veicolo isolato,1,0
2020,Taranto,Maruggio,Nell'Abitato,Strada Urbana,Curva,Incidente a veicolo isolato,2,0
2020,Taranto,Fragagnano,Fuori Abitato,Strada Statale,Rettilineo,Incidente a veicolo isolato,1,0
2020,Taranto,Monteparano,Nell'Abitato,Strada Urbana,Rettilineo,Incidente tra veicoli,1,0
2020,Taranto,Crispiano,Fuori Abitato,Strada Provinciale,Rettilineo,Incidente tra veicoli,2,0
2020,Taranto,Martina Franca,Nell'Abitato,Strada Urbana,Incrocio,Incidente tra veicoli,2,0
2020,Taranto,San Giorgio Ionico,Nell'Abitato,Strada Urbana,Incrocio,Incidente tra veicoli,1,0
2020,Taranto,Laterza,Nell'Abitato,Strada Urbana,Incrocio,Incidente tra veicoli,2,0
2020,Taranto,Grottaglie,Nell'Abitato,Strada Urbana,Incrocio,Investimento di pedone,1,0
2020,Taranto,Grottaglie,Nell'Abitato,Strada Urbana,Rettilineo,Incidente tra veicoli,1,0
2020,Taranto,Statte,Nell'Abitato,Strada Urbana,Incrocio,Incidente tra veicoli,1,0
2020,Taranto,Laterza,Fuori Abitato,Strada comunale extraurbana,Incrocio,Incidente tra veicoli,3,0
2020,Taranto,Laterza,Nell'Abitato,Strada Urbana,Incrocio,Incidente tra veicoli,2,0
2020,Taranto,Grottaglie,Fuori Abitato,Strada Provinciale,Rettilineo,Incidente tra veicoli,3,0
2020,Taranto,Laterza,Nell'Abitato,Strada Urbana,Rettilineo,Investimento di pedone,1,0
2020,Taranto,Grottaglie,Nell'Abitato,Strada Urbana,Rettilineo,Incidente tra veicoli,2,0
2020,Taranto,Martina Franca,Nell'Abitato,Strada Urbana,Rettilineo,Investimento di pedone,1,0
2020,Taranto,Manduria,Nell'Abitato,Strada Urbana,Rettilineo,Incidente tra veicoli,3,0
2020,Taranto,Manduria,Nell'Abitato,Strada Urbana,Rotatoria,Incidente tra veicoli,1,0
2020,Taranto,Manduria,Nell'Abitato,Strada Urbana,Rettilineo,Incidente tra veicoli,2,0
2020,Taranto,Manduria,Nell'Abitato,Strada Urbana,Incrocio,Incidente tra veicoli,1,0
2020,Taranto,Taranto,Nell'Abitato,Strada Urbana,Rettilineo,Incidente tra veicoli,1,0
2020,Taranto,Taranto,Nell'Abitato,Strada Urbana,Incrocio,Incidente tra veicoli,1,0
2020,Taranto,Taranto,Nell'Abitato,Strada Urbana,Incrocio,Investimento di pedone,1,0
2020,Taranto,Taranto,Fuori Abitato,Strada comunale extraurbana,Rettilineo,Incidente tra veicoli,4,0
2020,Taranto,Taranto,Nell'Abitato,Strada Urbana,Rettilineo,Incidente a veicolo isolato,2,0
2020,Taranto,Taranto,Nell'Abitato,Strada Urbana,Rettilineo,Incidente a veicolo isolato,1,0
2020,Taranto,Taranto,Nell'Abitato,Strada Urbana,Incrocio,Investimento di pedone,1,0
2020,Taranto,Taranto,Nell'Abitato,Strada Urbana,Incrocio,Incidente tra veicoli,2,0
2020,Taranto,Taranto,Nell'Abitato,Strada Urbana,Incrocio,Investimento di pedone,1,0
2020,Taranto,Taranto,Nell'Abitato,Strada Urbana,Incrocio,Investimento di pedone,1,0
2020,Taranto,Taranto,Nell'Abitato,Strada Urbana,Rettilineo,Incidente a veicolo isolato,1,0
2020,Taranto,Taranto,Nell'Abitato,Strada Urbana,Rettilineo,Incidente tra veicoli,2,0
2020,Taranto,Taranto,Nell'Abitato,Strada Urbana,Curva,Incidente a veicolo isolato,2,0
2020,Taranto,Taranto,Nell'Abitato,Strada Urbana,Rettilineo,Incidente tra veicoli,1,0
2020,Taranto,Taranto,Nell'Abitato,Strada Urbana,Rotatoria,Investimento di pedone,1,0
2020,Taranto,Laterza,Fuori Abitato,Strada Statale,Rettilineo,Incidente a veicolo isolato,1,0
2020,Taranto,Taranto,Nell'Abitato,Strada Urbana,Incrocio,Investimento di pedone,1,0
2020,Taranto,Taranto,Nell'Abitato,Strada Urbana,Rettilineo,Incidente tra veicoli,1,0
2020,Taranto,Taranto,Nell'Abitato,Strada Urbana,Rettilineo,Incidente a veicolo isolato,1,0
2020,Taranto,Taranto,Nell'Abitato,Strada Urbana,Rettilineo,Incidente tra veicoli,1,0
2020,Taranto,Taranto,Nell'Abitato,Strada Urbana,Incrocio,Incidente tra veicoli,1,0
2020,Taranto,Taranto,Nell'Abitato,Strada Urbana,Incrocio,Incidente tra veicoli,1,0
2020,Taranto,Taranto,Nell'Abitato,Strada Urbana,Incrocio,Incidente tra veicoli,1,0
2020,Taranto,Taranto,Fuori Abitato,Strada Provinciale,Rettilineo,Incidente tra veicoli,1,0
2020,Taranto,Taranto,Nell'Abitato,Strada Urbana,Incrocio,Incidente tra veicoli,1,0
2020,Taranto,Taranto,Nell'Abitato,Strada Urbana,Rettilineo,Incidente tra veicoli,1,0
2020,Taranto,Taranto,Nell'Abitato,Strada Urbana,Incrocio,Incidente tra veicoli,2,0
2020,Taranto,Taranto,Nell'Abitato,Strada Urbana,Incrocio,Incidente tra veicoli,1,0
2020,Taranto,Taranto,Nell'Abitato,Strada Urbana,Incrocio,Incidente tra veicoli,3,0
2020,Taranto,Taranto,Nell'Abitato,Strada Urbana,Curva,Incidente tra veicoli,1,0
2020,Taranto,Taranto,Nell'Abitato,Strada Urbana,Rettilineo,Incidente a veicolo isolato,2,0
2020,Taranto,Taranto,Nell'Abitato,Strada Urbana,Incrocio,Incidente tra veicoli,3,0
2020,Taranto,Palagiano,Nell'Abitato,Strada Urbana,Incrocio,Incidente tra veicoli,2,0
2020,Taranto,Lizzano,Nell'Abitato,Strada Urbana,Incrocio,Incidente tra veicoli,1,0
2020,Taranto,Massafra,Nell'Abitato,Strada Urbana,Incrocio,Incidente tra veicoli,2,0
2020,Taranto,San Marzano di San Giuseppe,Fuori Abitato,Strada Provinciale,Incrocio,Incidente tra veicoli,1,0
2020,Taranto,Sava,Nell'Abitato,Strada Urbana,Incrocio,Incidente tra veicoli,5,0
2020,Taranto,Leporano,Nell'Abitato,Strada Urbana,Incrocio,Incidente tra veicoli,1,0
2020,Taranto,San Marzano di San Giuseppe,Nell'Abitato,Strada Urbana,Incrocio,Incidente tra veicoli,2,0
2020,Taranto,Sava,Fuori Abitato,Strada Provinciale,Incrocio,Incidente tra veicoli,2,0
2020,Taranto,Taranto,Nell'Abitato,Strada Urbana,Incrocio,Incidente tra veicoli,1,0
2020,Taranto,Taranto,Nell'Abitato,Strada Urbana,Incrocio,Incidente tra veicoli,1,0
2020,Taranto,Taranto,Nell'Abitato,Strada Urbana,Incrocio,Incidente tra veicoli,1,0
2020,Taranto,Carosino,Nell'Abitato,Strada Urbana,Incrocio,Incidente tra veicoli,3,0
2020,Taranto,Taranto,Nell'Abitato,Strada Urbana,Incrocio,Incidente tra veicoli,1,0
2020,Taranto,Taranto,Fuori Abitato,Strada Statale,Rettilineo,Incidente a veicolo isolato,1,0
2020,Taranto,Taranto,Fuori Abitato,Strada Statale,Curva,Incidente a veicolo isolato,5,0
2020,Taranto,Taranto,Nell'Abitato,Strada Statale,Curva,Incidente a veicolo isolato,0,1
2020,Taranto,Taranto,Fuori Abitato,Strada Statale,Rettilineo,Incidente tra veicoli,6,0
2020,Taranto,Taranto,Fuori Abitato,Strada Statale,Rettilineo,Incidente tra veicoli,1,0
2020,Taranto,Massafra,Nell'Abitato,Strada Urbana,Incrocio,Incidente tra veicoli,3,0
2020,Taranto,Massafra,Fuori Abitato,Strada Statale,Rettilineo,Incidente a veicolo isolato,2,0
2020,Taranto,Martina Franca,Nell'Abitato,Strada Provinciale,Rettilineo,Incidente a veicolo isolato,1,0
2020,Taranto,Castellaneta,Nell'Abitato,Strada Urbana,Rettilineo,Investimento di pedone,1,0
2020,Taranto,Sava,Nell'Abitato,Strada Provinciale,Rettilineo,Investimento di pedone,1,0
2020,Taranto,Massafra,Fuori Abitato,Strada Provinciale,Incrocio,Incidente a veicolo isolato,1,0
2020,Taranto,Faggiano,Nell'Abitato,Strada Urbana,Incrocio,Incidente a veicolo isolato,5,0
2020,Taranto,Sava,Fuori Abitato,Strada Provinciale,Rettilineo,Incidente a veicolo isolato,3,0
2020,Taranto,Laterza,Nell'Abitato,Strada Urbana,Rettilineo,Incidente tra veicoli,1,0
2020,Taranto,Sava,Fuori Abitato,Strada Provinciale,Rettilineo,Incidente a veicolo isolato,1,0
2020,Taranto,Massafra,Fuori Abitato,Strada Provinciale,Curva,Incidente tra veicoli,2,0
2020,Taranto,Manduria,Nell'Abitato,Strada Statale,Rettilineo,Incidente tra veicoli,2,0
2020,Taranto,Lizzano,Nell'Abitato,Strada Provinciale,Incrocio,Incidente tra veicoli,5,0
2020,Taranto,Crispiano,Fuori Abitato,Strada Provinciale,Incrocio,Incidente tra veicoli,1,0
2020,Taranto,Massafra,Nell'Abitato,Strada Urbana,Incrocio,Incidente tra veicoli,1,0
2020,Taranto,Manduria,Nell'Abitato,Strada Urbana,Incrocio,Incidente tra veicoli,1,0
2020,Taranto,San Giorgio Ionico,Fuori Abitato,Strada comunale extraurbana,Incrocio,Incidente tra veicoli,2,0
2020,Taranto,Lizzano,Nell'Abitato,Strada Urbana,Incrocio,Incidente tra veicoli,2,0
2020,Taranto,Laterza,Fuori Abitato,Strada Provinciale,Incrocio,Incidente tra veicoli,3,0
2020,Taranto,Mottola,Fuori Abitato,Strada Statale,Rettilineo,Incidente tra veicoli,4,3
2020,Taranto,Martina Franca,Fuori Abitato,Strada Statale,Rettilineo,Incidente tra veicoli,2,0
2020,Taranto,Mottola,Nell'Abitato,Strada Urbana,Rettilineo,Incidente tra veicoli,3,0
2020,Taranto,Massafra,Fuori Abitato,Strada Statale,Rettilineo,Incidente tra veicoli,1,0
2020,Taranto,Laterza,Fuori Abitato,Strada Statale,Rettilineo,Incidente tra veicoli,4,0
2020,Taranto,Grottaglie,Nell'Abitato,Strada Urbana,Incrocio,Incidente tra veicoli,2,0
2020,Taranto,Grottaglie,Nell'Abitato,Strada Urbana,Rettilineo,Incidente a veicolo isolato,1,0
2020,Taranto,Pulsano,Nell'Abitato,Strada Urbana,Incrocio,Incidente tra veicoli,1,0
2020,Taranto,Grottaglie,Fuori Abitato,Strada Statale,Curva,Incidente a veicolo isolato,1,0
2020,Taranto,Grottaglie,Fuori Abitato,Strada Provinciale,Curva,Incidente tra veicoli,2,0
2020,Taranto,Grottaglie,Nell'Abitato,Strada Urbana,Incrocio,Incidente tra veicoli,1,0
2020,Taranto,Martina Franca,Nell'Abitato,Strada Urbana,Rettilineo,Incidente tra veicoli,1,0
2020,Taranto,Martina Franca,Nell'Abitato,Strada Urbana,Incrocio,Incidente tra veicoli,1,0
2020,Taranto,Martina Franca,Nell'Abitato,Strada Urbana,Incrocio,Incidente tra veicoli,1,0
2020,Taranto,Martina Franca,Nell'Abitato,Strada Statale,Incrocio,Incidente tra veicoli,2,0
2020,Taranto,Ginosa,Nell'Abitato,Strada Urbana,Rettilineo,Investimento di pedone,1,0
2020,Taranto,Grottaglie,Fuori Abitato,Strada Statale,Curva,Incidente tra veicoli,1,0
2020,Taranto,Grottaglie,Fuori Abitato,Strada comunale extraurbana,Incrocio,Incidente tra veicoli,1,0
2020,Taranto,Grottaglie,Fuori Abitato,Strada comunale extraurbana,Curva,Incidente a veicolo isolato,1,0
2020,Taranto,Manduria,Nell'Abitato,Strada Urbana,Incrocio,Incidente tra veicoli,4,0
2020,Taranto,Manduria,Nell'Abitato,Strada Urbana,Rettilineo,Incidente tra veicoli,2,0
2020,Taranto,Manduria,Fuori Abitato,Strada Statale,Rettilineo,Incidente tra veicoli,3,0
2020,Taranto,Manduria,Nell'Abitato,Strada Urbana,Incrocio,Incidente tra veicoli,2,0
2020,Taranto,Manduria,Nell'Abitato,Strada Urbana,Incrocio,Incidente tra veicoli,3,0
2020,Taranto,Manduria,Nell'Abitato,Strada Urbana,Incrocio,Investimento di pedone,1,0
2020,Taranto,Taranto,Nell'Abitato,Strada Urbana,Rettilineo,Incidente tra veicoli,1,0
2020,Taranto,Taranto,Nell'Abitato,Strada Urbana,Incrocio,Incidente tra veicoli,1,0
2020,Taranto,Taranto,Nell'Abitato,Strada Urbana,Incrocio,Incidente tra veicoli,1,0
2020,Taranto,Taranto,Nell'Abitato,Strada Urbana,Rettilineo,Incidente tra veicoli,2,0
2020,Taranto,Taranto,Nell'Abitato,Strada Urbana,Incrocio,Incidente tra veicoli,1,0
2020,Taranto,Taranto,Nell'Abitato,Strada Urbana,Incrocio,Incidente tra veicoli,1,0
2020,Taranto,Taranto,Nell'Abitato,Strada Urbana,Incrocio,Investimento di pedone,1,0
2020,Taranto,Taranto,Nell'Abitato,Strada Urbana,Incrocio,Incidente tra veicoli,2,0
2020,Taranto,Taranto,Nell'Abitato,Strada Provinciale,Incrocio,Incidente tra veicoli,1,0
2020,Taranto,Martina Franca,Fuori Abitato,Strada Statale,Rettilineo,Incidente a veicolo isolato,1,0
2020,Taranto,Taranto,Nell'Abitato,Strada Urbana,Incrocio,Incidente tra veicoli,1,0
2020,Taranto,Taranto,Nell'Abitato,Strada Urbana,Incrocio,Investimento di pedone,1,0
2020,Taranto,Taranto,Nell'Abitato,Strada Urbana,Rettilineo,Investimento di pedone,1,0
2020,Taranto,Taranto,Nell'Abitato,Strada Urbana,Incrocio,Investimento di pedone,2,0
2020,Taranto,Taranto,Nell'Abitato,Strada Urbana,Incrocio,Incidente tra veicoli,1,0
2020,Taranto,Taranto,Nell'Abitato,Strada Urbana,Rettilineo,Incidente tra veicoli,1,0
2020,Taranto,Taranto,Nell'Abitato,Strada Urbana,Incrocio,Incidente tra veicoli,1,0
2020,Taranto,Taranto,Nell'Abitato,Strada Urbana,Incrocio,Incidente tra veicoli,1,0
2020,Taranto,Taranto,Nell'Abitato,Strada Urbana,Rettilineo,Incidente tra veicoli,1,0
2020,Taranto,Taranto,Nell'Abitato,Strada Urbana,Rettilineo,Investimento di pedone,1,0
2020,Taranto,Taranto,Nell'Abitato,Strada Urbana,Rotatoria,Incidente tra veicoli,1,0
2020,Taranto,Leporano,Nell'Abitato,Strada Urbana,Rettilineo,Incidente a veicolo isolato,1,0
2020,Taranto,Taranto,Nell'Abitato,Strada Urbana,Incrocio,Incidente tra veicoli,1,0
2020,Taranto,Taranto,Nell'Abitato,Strada Urbana,Rettilineo,Incidente tra veicoli,1,0
2020,Taranto,Taranto,Nell'Abitato,Strada Urbana,Rettilineo,Incidente tra veicoli,1,0
2020,Taranto,Taranto,Nell'Abitato,Strada Urbana,Incrocio,Incidente tra veicoli,2,0
2020,Taranto,Taranto,Nell'Abitato,Strada Urbana,Rettilineo,Incidente tra veicoli,1,0
2020,Taranto,Taranto,Nell'Abitato,Strada Urbana,Incrocio,Incidente tra veicoli,1,0
2020,Taranto,Taranto,Nell'Abitato,Strada Urbana,Rettilineo,Incidente tra veicoli,2,0
2020,Taranto,Taranto,Nell'Abitato,Strada Urbana,Incrocio,Incidente tra veicoli,2,0
2020,Taranto,Taranto,Nell'Abitato,Strada Urbana,Incrocio,Incidente tra veicoli,1,0
2020,Taranto,Taranto,Nell'Abitato,Strada Urbana,Incrocio,Incidente tra veicoli,3,0
2020,Taranto,Taranto,Nell'Abitato,Strada Urbana,Incrocio,Incidente tra veicoli,1,0
2020,Taranto,Taranto,Nell'Abitato,Strada Provinciale,Rettilineo,Incidente tra veicoli,1,0
2020,Taranto,Taranto,Nell'Abitato,Strada Urbana,Incrocio,Incidente tra veicoli,1,0
2020,Taranto,Taranto,Nell'Abitato,Strada Urbana,Incrocio,Incidente tra veicoli,1,0
2020,Taranto,Castellaneta,Nell'Abitato,Strada Urbana,Incrocio,Incidente tra veicoli,1,0
2020,Taranto,Sava,Fuori Abitato,Strada Provinciale,Incrocio,Incidente tra veicoli,1,0
2020,Taranto,Sava,Fuori Abitato,Strada Provinciale,Incrocio,Incidente tra veicoli,1,0
2020,Taranto,Sava,Nell'Abitato,Strada Urbana,Incrocio,Incidente tra veicoli,1,0
2020,Taranto,Massafra,Nell'Abitato,Strada Urbana,Rotatoria,Incidente tra veicoli,3,0
2020,Taranto,Sava,Fuori Abitato,Strada Provinciale,Incrocio,Incidente tra veicoli,1,0
2020,Taranto,Taranto,Nell'Abitato,Strada Urbana,Incrocio,Incidente tra veicoli,2,0
2020,Taranto,Taranto,Nell'Abitato,Strada Urbana,Incrocio,Incidente tra veicoli,2,0
2020,Taranto,Taranto,Nell'Abitato,Strada Urbana,Rettilineo,Incidente tra veicoli,2,0
2020,Taranto,Taranto,Nell'Abitato,Strada Urbana,Incrocio,Incidente tra veicoli,2,0
2020,Taranto,Taranto,Fuori Abitato,Strada Statale,Rettilineo,Incidente tra veicoli,1,0
2020,Taranto,Taranto,Fuori Abitato,Strada Statale,Rettilineo,Incidente a veicolo isolato,1,0
2020,Taranto,Taranto,Fuori Abitato,Strada Statale,Rettilineo,Incidente a veicolo isolato,1,0
2020,Taranto,Palagianello,Fuori Abitato,Autostrada,Rettilineo,Incidente a veicolo isolato,1,0
2020,Taranto,Taranto,Fuori Abitato,Strada Statale,Rotatoria,Incidente a veicolo isolato,1,0
2020,Taranto,Taranto,Fuori Abitato,Strada Statale,Rettilineo,Incidente tra veicoli,1,0
2020,Taranto,Manduria,Nell'Abitato,Strada Urbana,Curva,Incidente a veicolo isolato,1,0
2020,Taranto,Massafra,Fuori Abitato,Strada Statale,Curva,Incidente a veicolo isolato,1,0
2020,Taranto,Sava,Fuori Abitato,Strada Provinciale,Incrocio,Incidente tra veicoli,1,0
2020,Taranto,Fragagnano,Nell'Abitato,Strada Urbana,Incrocio,Incidente tra veicoli,3,0
2020,Taranto,Sava,Nell'Abitato,Strada Urbana,Incrocio,Incidente tra veicoli,2,0
2020,Taranto,Grottaglie,Nell'Abitato,Strada Urbana,Incrocio,Incidente tra veicoli,4,0
2020,Taranto,Statte,Nell'Abitato,Strada Urbana,Incrocio,Incidente tra veicoli,1,0
2020,Taranto,Crispiano,Nell'Abitato,Strada Urbana,Incrocio,Incidente tra veicoli,1,0
2020,Taranto,Laterza,Fuori Abitato,Strada Provinciale,Incrocio,Incidente tra veicoli,2,0
2020,Taranto,Martina Franca,Nell'Abitato,Strada Urbana,Incrocio,Incidente tra veicoli,1,0
2020,Taranto,Grottaglie,Nell'Abitato,Strada Urbana,Rettilineo,Incidente tra veicoli,1,0
2020,Taranto,Grottaglie,Nell'Abitato,Strada Statale,Incrocio,Incidente a veicolo isolato,1,0
2020,Taranto,Castellaneta,Fuori Abitato,Strada Provinciale,Rettilineo,Incidente tra veicoli,1,0
2020,Taranto,Manduria,Nell'Abitato,Strada Urbana,Rettilineo,Incidente tra veicoli,1,0
2020,Taranto,Taranto,Nell'Abitato,Strada Urbana,Rettilineo,Incidente tra veicoli,1,0
2020,Taranto,Martina Franca,Fuori Abitato,Strada Provinciale,Curva,Incidente a veicolo isolato,1,0
2020,Taranto,Taranto,Nell'Abitato,Strada Urbana,Incrocio,Incidente tra veicoli,3,0
2020,Taranto,Taranto,Nell'Abitato,Strada Urbana,Incrocio,Incidente tra veicoli,1,0
2020,Taranto,Taranto,Nell'Abitato,Strada Urbana,Incrocio,Incidente tra veicoli,2,0
2020,Taranto,Taranto,Nell'Abitato,Strada Urbana,Incrocio,Incidente tra veicoli,3,0
2020,Taranto,Taranto,Nell'Abitato,Strada Urbana,Curva,Incidente a veicolo isolato,2,0
2020,Taranto,Taranto,Nell'Abitato,Strada Urbana,Incrocio,Incidente tra veicoli,1,0
2020,Taranto,Taranto,Nell'Abitato,Strada Urbana,Incrocio,Incidente tra veicoli,1,0
2020,Taranto,Taranto,Nell'Abitato,Strada Provinciale,Incrocio,Incidente tra veicoli,1,0
2020,Taranto,Taranto,Nell'Abitato,Strada Urbana,Incrocio,Incidente tra veicoli,2,0
2020,Taranto,Taranto,Nell'Abitato,Strada Urbana,Incrocio,Incidente tra veicoli,2,0
2020,Taranto,Taranto,Nell'Abitato,Strada Urbana,Incrocio,Incidente tra veicoli,2,0
2020,Taranto,Taranto,Nell'Abitato,Strada Urbana,Incrocio,Incidente tra veicoli,1,0
2020,Taranto,Taranto,Nell'Abitato,Strada Urbana,Incrocio,Incidente tra veicoli,2,0
2020,Taranto,Taranto,Nell'Abitato,Strada Urbana,Incrocio,Incidente tra veicoli,1,0
2020,Taranto,Massafra,Fuori Abitato,Strada Statale,Rettilineo,Incidente tra veicoli,2,0
2020,Taranto,Palagiano,Nell'Abitato,Strada Urbana,Incrocio,Incidente tra veicoli,1,0
2020,Taranto,Castellaneta,Nell'Abitato,Strada Urbana,Incrocio,Incidente tra veicoli,2,0
2020,Taranto,Taranto,Nell'Abitato,Strada Urbana,Incrocio,Incidente tra veicoli,1,0
2020,Taranto,Taranto,Nell'Abitato,Strada Provinciale,Rettilineo,Incidente tra veicoli,1,0
2020,Taranto,Faggiano,Fuori Abitato,Strada Provinciale,Rettilineo,Incidente a veicolo isolato,1,0
2020,Taranto,Massafra,Nell'Abitato,Strada Urbana,Rotatoria,Incidente tra veicoli,1,0
2020,Taranto,Ginosa,Fuori Abitato,Strada Provinciale,Curva,Incidente tra veicoli,1,0
2020,Taranto,Roccaforzata,Nell'Abitato,Strada Urbana,Incrocio,Incidente tra veicoli,2,0
2020,Taranto,Grottaglie,Nell'Abitato,Strada Urbana,Rettilineo,Incidente tra veicoli,1,0
2020,Taranto,Pulsano,Nell'Abitato,Strada Urbana,Incrocio,Incidente tra veicoli,2,0
2020,Taranto,Martina Franca,Fuori Abitato,Strada comunale extraurbana,Curva,Incidente a veicolo isolato,1,0
2020,Taranto,Laterza,Nell'Abitato,Strada Urbana,Rettilineo,Investimento di pedone,1,0
2020,Taranto,Manduria,Nell'Abitato,Strada Urbana,Incrocio,Incidente tra veicoli,2,0
2020,Taranto,Manduria,Nell'Abitato,Strada Urbana,Incrocio,Incidente tra veicoli,1,0
2020,Taranto,Taranto,Nell'Abitato,Strada Urbana,Incrocio,Incidente tra veicoli,1,0
2020,Taranto,Taranto,Nell'Abitato,Strada Urbana,Incrocio,Incidente tra veicoli,1,0
2020,Taranto,Taranto,Nell'Abitato,Strada Urbana,Incrocio,Investimento di pedone,1,0
2020,Taranto,Taranto,Nell'Abitato,Strada Urbana,Incrocio,Incidente tra veicoli,2,0
2020,Taranto,Taranto,Nell'Abitato,Strada Urbana,Rettilineo,Incidente tra veicoli,1,0
2020,Taranto,Taranto,Nell'Abitato,Strada Urbana,Rettilineo,Incidente tra veicoli,1,0
2020,Taranto,Taranto,Nell'Abitato,Strada Urbana,Incrocio,Incidente tra veicoli,1,0
2020,Taranto,Taranto,Nell'Abitato,Strada Urbana,Incrocio,Incidente tra veicoli,1,0
2020,Taranto,Taranto,Nell'Abitato,Strada Urbana,Incrocio,Investimento di pedone,1,0
2020,Taranto,Palagiano,Nell'Abitato,Strada Urbana,Rettilineo,Investimento di pedone,1,0
2020,Taranto,Taranto,Nell'Abitato,Strada Urbana,Incrocio,Incidente tra veicoli,2,0
2020,Taranto,Taranto,Nell'Abitato,Strada Urbana,Rettilineo,Incidente tra veicoli,1,0
2020,Taranto,Taranto,Nell'Abitato,Strada Urbana,Incrocio,Incidente tra veicoli,1,0
2020,Taranto,Taranto,Nell'Abitato,Strada Urbana,Rettilineo,Incidente tra veicoli,1,0
2020,Taranto,Taranto,Nell'Abitato,Strada Urbana,Incrocio,Incidente tra veicoli,1,0
2020,Taranto,Castellaneta,Nell'Abitato,Strada Urbana,Rettilineo,Incidente tra veicoli,1,0
2020,Taranto,Taranto,Nell'Abitato,Strada Urbana,Incrocio,Incidente tra veicoli,2,0
2020,Taranto,Taranto,Nell'Abitato,Strada Urbana,Incrocio,Incidente tra veicoli,3,0
2020,Taranto,Taranto,Fuori Abitato,Strada Statale,Rettilineo,Incidente tra veicoli,2,0
2020,Taranto,Taranto,Fuori Abitato,Strada Provinciale,Curva,Incidente a veicolo isolato,1,0
2020,Taranto,Massafra,Nell'Abitato,Strada Urbana,Rettilineo,Incidente tra veicoli,2,0
2020,Taranto,Lizzano,Fuori Abitato,Strada Provinciale,Rettilineo,Incidente a veicolo isolato,1,1
2020,Taranto,Ginosa,Nell'Abitato,Strada Urbana,Rettilineo,Incidente a veicolo isolato,1,0
2020,Taranto,Palagiano,Fuori Abitato,Strada Statale,Curva,Incidente a veicolo isolato,1,0
2020,Taranto,Sava,Nell'Abitato,Strada Urbana,Incrocio,Incidente tra veicoli,3,0
2020,Taranto,Manduria,Fuori Abitato,Strada Provinciale,Rettilineo,Incidente a veicolo isolato,1,0
2020,Taranto,Lizzano,Nell'Abitato,Strada Urbana,Incrocio,Incidente tra veicoli,2,0
2020,Taranto,Martina Franca,Fuori Abitato,Strada comunale extraurbana,Rettilineo,Incidente tra veicoli,1,0
2020,Taranto,Massafra,Nell'Abitato,Strada Urbana,Rettilineo,Incidente tra veicoli,2,0
2020,Taranto,Ginosa,Nell'Abitato,Strada Urbana,Rettilineo,Incidente tra veicoli,1,0
2020,Taranto,Mottola,Fuori Abitato,Strada Provinciale,Incrocio,Incidente tra veicoli,2,0
2020,Taranto,Martina Franca,Fuori Abitato,Strada Provinciale,Incrocio,Incidente a veicolo isolato,2,0
2020,Taranto,Martina Franca,Fuori Abitato,Strada comunale extraurbana,Rettilineo,Incidente tra veicoli,3,0
2020,Taranto,Martina Franca,Nell'Abitato,Strada Urbana,Incrocio,Incidente tra veicoli,1,0
2020,Taranto,Grottaglie,Nell'Abitato,Strada Urbana,Incrocio,Incidente tra veicoli,1,0
2020,Taranto,Grottaglie,Nell'Abitato,Strada Urbana,Incrocio,Incidente tra veicoli,1,0
2020,Taranto,Martina Franca,Nell'Abitato,Strada Provinciale,Rettilineo,Incidente a veicolo isolato,1,0
2020,Taranto,Ginosa,Fuori Abitato,Strada Provinciale,Incrocio,Incidente tra veicoli,4,0
2020,Taranto,Grottaglie,Nell'Abitato,Strada Urbana,Incrocio,Incidente tra veicoli,1,0
2020,Taranto,Martina Franca,Fuori Abitato,Strada Provinciale,Rettilineo,Incidente tra veicoli,1,0
2020,Taranto,Martina Franca,Nell'Abitato,Strada Urbana,Rettilineo,Investimento di pedone,1,0
2020,Taranto,Grottaglie,Nell'Abitato,Strada Urbana,Incrocio,Incidente tra veicoli,1,0
2020,Taranto,Grottaglie,Nell'Abitato,Strada Urbana,Incrocio,Investimento di pedone,1,0
2020,Taranto,Martina Franca,Fuori Abitato,Strada Provinciale,Incrocio,Incidente tra veicoli,2,0
2020,Taranto,Grottaglie,Nell'Abitato,Strada Urbana,Rettilineo,Incidente tra veicoli,2,0
2020,Taranto,Martina Franca,Nell'Abitato,Strada Urbana,Incrocio,Incidente tra veicoli,1,0
2020,Taranto,Manduria,Nell'Abitato,Strada Urbana,Incrocio,Incidente tra veicoli,3,0
2020,Taranto,Taranto,Nell'Abitato,Strada Urbana,Incrocio,Incidente tra veicoli,1,0
2020,Taranto,Taranto,Nell'Abitato,Strada Urbana,Rettilineo,Incidente tra veicoli,1,0
2020,Taranto,Taranto,Nell'Abitato,Strada Urbana,Incrocio,Incidente tra veicoli,3,0
2020,Taranto,Taranto,Nell'Abitato,Strada Urbana,Rettilineo,Incidente tra veicoli,1,0
2020,Taranto,Taranto,Nell'Abitato,Strada Urbana,Rettilineo,Investimento di pedone,1,0
2020,Taranto,Taranto,Nell'Abitato,Strada Urbana,Incrocio,Incidente tra veicoli,1,0
2020,Taranto,Taranto,Nell'Abitato,Strada Urbana,Incrocio,Incidente tra veicoli,2,0
2020,Taranto,Taranto,Nell'Abitato,Strada Urbana,Rettilineo,Investimento di pedone,1,0
2020,Taranto,Taranto,Fuori Abitato,Strada Statale,Curva,Incidente a veicolo isolato,1,0
2020,Taranto,Taranto,Nell'Abitato,Strada Urbana,Incrocio,Incidente a veicolo isolato,1,0
2020,Taranto,Taranto,Fuori Abitato,Strada Provinciale,Rettilineo,Incidente a veicolo isolato,1,0
2020,Taranto,Taranto,Nell'Abitato,Strada Urbana,Rettilineo,Investimento di pedone,1,0
2020,Taranto,Taranto,Nell'Abitato,Strada Urbana,Incrocio,Incidente tra veicoli,2,0
2020,Taranto,Taranto,Nell'Abitato,Strada Urbana,Incrocio,Investimento di pedone,1,0
2020,Taranto,Palagiano,Nell'Abitato,Strada Urbana,Rettilineo,Investimento di pedone,1,0
2020,Taranto,Taranto,Nell'Abitato,Strada Urbana,Incrocio,Incidente tra veicoli,1,0
2020,Taranto,Taranto,Nell'Abitato,Strada Urbana,Incrocio,Incidente tra veicoli,1,0
2020,Taranto,Taranto,Nell'Abitato,Strada Urbana,Rettilineo,Incidente tra veicoli,2,0
2020,Taranto,Taranto,Nell'Abitato,Strada Urbana,Rettilineo,Incidente tra veicoli,1,0
2020,Taranto,Taranto,Nell'Abitato,Strada Urbana,Rotatoria,Incidente tra veicoli,2,0
2020,Taranto,Taranto,Fuori Abitato,Strada Provinciale,Rettilineo,Incidente tra veicoli,2,0
2020,Taranto,Taranto,Nell'Abitato,Strada Urbana,Incrocio,Incidente tra veicoli,1,0
2020,Taranto,Taranto,Nell'Abitato,Strada Urbana,Incrocio,Incidente tra veicoli,1,0
2020,Taranto,Taranto,Nell'Abitato,Strada Urbana,Incrocio,Incidente tra veicoli,1,0
2020,Taranto,Taranto,Nell'Abitato,Strada Urbana,Incrocio,Incidente tra veicoli,2,0
2020,Taranto,Taranto,Nell'Abitato,Strada Urbana,Incrocio,Incidente tra veicoli,1,0
2020,Taranto,Taranto,Nell'Abitato,Strada Urbana,Incrocio,Incidente tra veicoli,1,0
2020,Taranto,Palagiano,Fuori Abitato,Strada Statale,Incrocio,Incidente tra veicoli,1,0
2020,Taranto,Torricella,Nell'Abitato,Strada Urbana,Incrocio,Incidente tra veicoli,1,0
2020,Taranto,Sava,Nell'Abitato,Strada Urbana,Incrocio,Incidente tra veicoli,1,0
2020,Taranto,Taranto,Nell'Abitato,Strada Urbana,Incrocio,Incidente tra veicoli,1,0
2020,Taranto,Taranto,Nell'Abitato,Strada Urbana,Incrocio,Incidente tra veicoli,1,0
2020,Taranto,Taranto,Nell'Abitato,Strada Urbana,Incrocio,Incidente tra veicoli,3,0
2020,Taranto,Taranto,Nell'Abitato,Strada Urbana,Incrocio,Incidente tra veicoli,3,0
2020,Taranto,Taranto,Nell'Abitato,Strada Urbana,Incrocio,Investimento di pedone,1,0
2020,Taranto,Mottola,Fuori Abitato,Strada Statale,Rettilineo,Incidente tra veicoli,1,0
2020,Taranto,Massafra,Fuori Abitato,Strada Statale,Rettilineo,Incidente tra veicoli,1,0
2020,Taranto,Taranto,Fuori Abitato,Strada Statale,Curva,Incidente a veicolo isolato,1,0
2020,Taranto,Palagianello,Fuori Abitato,Autostrada,Rettilineo,Incidente tra veicoli,3,0
2020,Taranto,Taranto,Fuori Abitato,Strada Statale,Rettilineo,Incidente tra veicoli,1,0
2020,Taranto,Taranto,Fuori Abitato,Strada Statale,Rettilineo,Incidente tra veicoli,1,0
2020,Taranto,Statte,Fuori Abitato,Strada Statale,Curva,Incidente a veicolo isolato,1,0
2020,Taranto,Massafra,Nell'Abitato,Strada Urbana,Curva,Incidente a veicolo isolato,1,0
2020,Taranto,Ginosa,Nell'Abitato,Strada Urbana,Curva,Incidente a veicolo isolato,1,1
2020,Taranto,Martina Franca,Fuori Abitato,Strada comunale extraurbana,Rettilineo,Incidente a veicolo isolato,1,0
2020,Taranto,Massafra,Fuori Abitato,Strada Statale,Curva,Incidente a veicolo isolato,1,0
2020,Taranto,Manduria,Nell'Abitato,Strada Urbana,Incrocio,Incidente a veicolo isolato,1,0
2020,Taranto,Sava,Nell'Abitato,Strada Urbana,Rettilineo,Incidente tra veicoli,1,0
2020,Taranto,Mottola,Nell'Abitato,Strada Urbana,Rotatoria,Incidente tra veicoli,2,0
2020,Taranto,Mottola,Nell'Abitato,Strada Urbana,Rettilineo,Investimento di pedone,1,0
2020,Taranto,Statte,Nell'Abitato,Strada Urbana,Rettilineo,Incidente a veicolo isolato,1,0
2020,Taranto,Manduria,Nell'Abitato,Strada Urbana,Incrocio,Incidente tra veicoli,1,0
2020,Taranto,Castellaneta,Nell'Abitato,Strada Urbana,Incrocio,Incidente tra veicoli,3,0
2020,Taranto,Laterza,Nell'Abitato,Strada Urbana,Incrocio,Incidente tra veicoli,2,0
2020,Taranto,San Marzano di San Giuseppe,Fuori Abitato,Strada comunale extraurbana,Incrocio,Incidente tra veicoli,1,0
2020,Taranto,Castellaneta,Nell'Abitato,Strada Urbana,Rettilineo,Incidente tra veicoli,1,0
2020,Taranto,Fragagnano,Fuori Abitato,Strada Provinciale,Rettilineo,Incidente tra veicoli,1,0
2020,Taranto,Sava,Nell'Abitato,Strada Urbana,Incrocio,Incidente tra veicoli,2,0
2020,Taranto,Lizzano,Nell'Abitato,Strada Urbana,Incrocio,Incidente tra veicoli,2,0
2020,Taranto,Maruggio,Nell'Abitato,Strada Urbana,Incrocio,Incidente tra veicoli,3,0
2020,Taranto,Castellaneta,Nell'Abitato,Strada Urbana,Rettilineo,Incidente tra veicoli,1,0
2020,Taranto,Ginosa,Fuori Abitato,Strada Provinciale,Rettilineo,Incidente tra veicoli,2,0
2020,Taranto,Martina Franca,Fuori Abitato,Strada Provinciale,Curva,Incidente tra veicoli,2,0
2020,Taranto,Maruggio,Fuori Abitato,Strada Provinciale,Rettilineo,Incidente tra veicoli,1,0
2020,Taranto,Ginosa,Fuori Abitato,Strada Provinciale,Rettilineo,Incidente tra veicoli,4,0
2020,Taranto,Grottaglie,Nell'Abitato,Strada Urbana,Rettilineo,Investimento di pedone,1,0
2020,Taranto,Martina Franca,Fuori Abitato,Strada Provinciale,Incrocio,Incidente tra veicoli,1,0
2020,Taranto,Martina Franca,Fuori Abitato,Strada Provinciale,Rettilineo,Incidente a veicolo isolato,1,0
2020,Taranto,Martina Franca,Fuori Abitato,Strada Provinciale,Rettilineo,Incidente a veicolo isolato,1,0
2020,Taranto,Martina Franca,Nell'Abitato,Strada Provinciale,Rettilineo,Incidente a veicolo isolato,1,0
2020,Taranto,Martina Franca,Fuori Abitato,Strada comunale extraurbana,Rettilineo,Incidente a veicolo isolato,1,0
2020,Taranto,Martina Franca,Fuori Abitato,Strada comunale extraurbana,Rettilineo,Incidente a veicolo isolato,1,0
2020,Taranto,Grottaglie,Nell'Abitato,Strada Urbana,Rettilineo,Incidente tra veicoli,1,0
2020,Taranto,Martina Franca,Fuori Abitato,Strada Statale,Rettilineo,Incidente tra veicoli,1,0
2020,Taranto,Grottaglie,Fuori Abitato,Strada Provinciale,Rettilineo,Incidente tra veicoli,3,0
2020,Taranto,Grottaglie,Nell'Abitato,Strada Urbana,Incrocio,Incidente tra veicoli,3,0
2020,Taranto,Laterza,Nell'Abitato,Strada Urbana,Incrocio,Incidente tra veicoli,2,0
2020,Taranto,Grottaglie,Nell'Abitato,Strada Urbana,Rettilineo,Incidente tra veicoli,1,0
2020,Taranto,Grottaglie,Nell'Abitato,Strada Urbana,Incrocio,Incidente tra veicoli,3,0
2020,Taranto,Statte,Nell'Abitato,Strada Urbana,Incrocio,Incidente tra veicoli,1,0
2020,Taranto,Grottaglie,Nell'Abitato,Strada Urbana,Incrocio,Incidente tra veicoli,1,0
2020,Taranto,Martina Franca,Fuori Abitato,Strada comunale extraurbana,Rettilineo,Incidente a veicolo isolato,1,0
2020,Taranto,Manduria,Nell'Abitato,Strada Urbana,Rettilineo,Incidente a veicolo isolato,1,0
2020,Taranto,Manduria,Nell'Abitato,Strada Urbana,Incrocio,Incidente tra veicoli,1,0
2020,Taranto,Manduria,Nell'Abitato,Strada Urbana,Incrocio,Incidente tra veicoli,4,0
2020,Taranto,Manduria,Fuori Abitato,Strada Provinciale,Rettilineo,Incidente a veicolo isolato,1,0
2020,Taranto,Manduria,Fuori Abitato,Strada Provinciale,Rotatoria,Incidente a veicolo isolato,1,0
2020,Taranto,Taranto,Nell'Abitato,Strada Urbana,Rettilineo,Investimento di pedone,1,0
2020,Taranto,Taranto,Nell'Abitato,Strada Urbana,Rettilineo,Incidente a veicolo isolato,1,0
2020,Taranto,Taranto,Nell'Abitato,Strada Urbana,Rettilineo,Incidente tra veicoli,1,0
2020,Taranto,Taranto,Nell'Abitato,Strada Urbana,Rettilineo,Investimento di pedone,1,0
2020,Taranto,Taranto,Nell'Abitato,Strada Urbana,Rettilineo,Incidente tra veicoli,2,0
2020,Taranto,Taranto,Nell'Abitato,Strada Urbana,Rettilineo,Incidente tra veicoli,1,0
2020,Taranto,Taranto,Nell'Abitato,Strada Urbana,Incrocio,Incidente tra veicoli,2,0
2020,Taranto,Taranto,Nell'Abitato,Strada Urbana,Rettilineo,Incidente tra veicoli,1,0
2020,Taranto,Taranto,Nell'Abitato,Strada Urbana,Incrocio,Investimento di pedone,1,0
2020,Taranto,Taranto,Nell'Abitato,Strada Urbana,Rettilineo,Incidente tra veicoli,2,0
2020,Taranto,Taranto,Nell'Abitato,Strada Urbana,Incrocio,Incidente tra veicoli,2,0
2020,Taranto,Taranto,Nell'Abitato,Strada Urbana,Rettilineo,Incidente tra veicoli,1,0
2020,Taranto,Taranto,Nell'Abitato,Strada Urbana,Rettilineo,Incidente tra veicoli,1,0
2020,Taranto,Taranto,Nell'Abitato,Strada Urbana,Rettilineo,Investimento di pedone,1,0
2020,Taranto,Taranto,Nell'Abitato,Strada Urbana,Rettilineo,Incidente tra veicoli,2,0
2020,Taranto,Palagiano,Fuori Abitato,Strada Statale,Rettilineo,Incidente tra veicoli,3,0
2020,Taranto,Taranto,Nell'Abitato,Strada Urbana,Rettilineo,Investimento di pedone,2,0
2020,Taranto,Taranto,Nell'Abitato,Strada Urbana,Incrocio,Investimento di pedone,1,0
2020,Taranto,Taranto,Nell'Abitato,Strada Urbana,Rettilineo,Incidente a veicolo isolato,1,0
2020,Taranto,Taranto,Nell'Abitato,Strada Urbana,Incrocio,Incidente tra veicoli,1,0
2020,Taranto,Taranto,Nell'Abitato,Strada Urbana,Incrocio,Incidente tra veicoli,2,0
2020,Taranto,Taranto,Nell'Abitato,Strada Urbana,Incrocio,Incidente tra veicoli,2,0
2020,Taranto,Massafra,Fuori Abitato,Strada Provinciale,Incrocio,Incidente a veicolo isolato,1,0
2020,Taranto,Castellaneta,Fuori Abitato,Strada Statale,Rettilineo,Incidente tra veicoli,3,0
2020,Taranto,Taranto,Nell'Abitato,Strada Urbana,Incrocio,Incidente tra veicoli,1,0
2020,Taranto,Taranto,Nell'Abitato,Strada Urbana,Incrocio,Incidente tra veicoli,3,0
2020,Taranto,Taranto,Nell'Abitato,Strada Urbana,Incrocio,Incidente tra veicoli,1,0
2020,Taranto,Taranto,Nell'Abitato,Strada Urbana,Rettilineo,Incidente tra veicoli,1,0
2020,Taranto,Taranto,Nell'Abitato,Strada Urbana,Incrocio,Incidente tra veicoli,1,0
2020,Taranto,Taranto,Nell'Abitato,Strada Urbana,Incrocio,Incidente tra veicoli,2,0
2020,Taranto,Taranto,Nell'Abitato,Strada Urbana,Incrocio,Incidente tra veicoli,1,0
2020,Taranto,Taranto,Nell'Abitato,Strada Urbana,Incrocio,Incidente tra veicoli,1,0
2020,Taranto,Taranto,Nell'Abitato,Strada Urbana,Incrocio,Incidente tra veicoli,5,0
2020,Taranto,Taranto,Nell'Abitato,Strada Urbana,Rettilineo,Incidente tra veicoli,1,0
2020,Taranto,Taranto,Nell'Abitato,Strada Urbana,Incrocio,Incidente tra veicoli,2,0
2020,Taranto,Taranto,Nell'Abitato,Strada Urbana,Incrocio,Incidente tra veicoli,1,0
2020,Taranto,Taranto,Nell'Abitato,Strada Urbana,Incrocio,Incidente tra veicoli,1,0
2020,Taranto,Taranto,Nell'Abitato,Strada Urbana,Incrocio,Incidente tra veicoli,2,0
2020,Taranto,Taranto,Nell'Abitato,Strada Urbana,Rettilineo,Incidente tra veicoli,1,0
2020,Taranto,Taranto,Nell'Abitato,Strada Urbana,Incrocio,Incidente tra veicoli,3,0
2020,Taranto,Taranto,Nell'Abitato,Strada Urbana,Incrocio,Incidente tra veicoli,1,0
2020,Taranto,Massafra,Nell'Abitato,Strada Urbana,Incrocio,Incidente tra veicoli,1,0
2020,Taranto,Palagiano,Nell'Abitato,Strada Urbana,Incrocio,Incidente tra veicoli,1,0
2020,Taranto,Massafra,Fuori Abitato,Strada Statale,Rettilineo,Incidente tra veicoli,1,0
2020,Taranto,Sava,Nell'Abitato,Strada Urbana,Incrocio,Incidente tra veicoli,1,0
2020,Taranto,Palagiano,Fuori Abitato,Strada Statale,Rettilineo,Incidente tra veicoli,2,0
2020,Taranto,Palagiano,Fuori Abitato,Altra strada,Rettilineo,Incidente tra veicoli,2,0
2020,Taranto,Leporano,Nell'Abitato,Strada Urbana,Incrocio,Incidente tra veicoli,1,0
2020,Taranto,Taranto,Nell'Abitato,Strada Urbana,Incrocio,Incidente tra veicoli,3,0
2020,Taranto,Massafra,Nell'Abitato,Strada Urbana,Incrocio,Incidente tra veicoli,1,0
2020,Taranto,Taranto,Nell'Abitato,Strada Urbana,Rettilineo,Incidente tra veicoli,1,0
2020,Taranto,Taranto,Nell'Abitato,Strada Urbana,Rettilineo,Incidente a veicolo isolato,1,0
2020,Taranto,Maruggio,Fuori Abitato,Strada Provinciale,Incrocio,Incidente tra veicoli,2,0
2020,Taranto,Taranto,Fuori Abitato,Strada Statale,Curva,Incidente tra veicoli,1,0
2020,Taranto,Palagiano,Fuori Abitato,Strada Statale,Curva,Incidente tra veicoli,1,0
2020,Taranto,Taranto,Fuori Abitato,Strada Statale,Rettilineo,Incidente tra veicoli,3,0
2020,Taranto,Taranto,Nell'Abitato,Strada Urbana,Curva,Incidente a veicolo isolato,1,0
2020,Taranto,Palagiano,Fuori Abitato,Strada Statale,Rettilineo,Incidente tra veicoli,3,0
2020,Taranto,Laterza,Fuori Abitato,Strada Provinciale,Incrocio,Incidente tra veicoli,1,0
2020,Taranto,Palagianello,Fuori Abitato,Strada Provinciale,Rettilineo,Incidente tra veicoli,5,0
2020,Taranto,Pulsano,Fuori Abitato,Strada Provinciale,Rettilineo,Incidente a veicolo isolato,4,0
2020,Taranto,Massafra,Nell'Abitato,Strada Urbana,Incrocio,Incidente tra veicoli,1,0
2020,Taranto,Ginosa,Fuori Abitato,Strada comunale extraurbana,Rettilineo,Incidente tra veicoli,1,0
2020,Taranto,Massafra,Fuori Abitato,Strada Statale,Rettilineo,Incidente a veicolo isolato,1,0
2020,Taranto,Lizzano,Fuori Abitato,Strada Provinciale,Rettilineo,Incidente tra veicoli,1,0
2020,Taranto,Faggiano,Fuori Abitato,Strada Provinciale,Curva,Incidente a veicolo isolato,1,0
2020,Taranto,Fragagnano,Fuori Abitato,Strada Provinciale,Incrocio,Incidente tra veicoli,2,0
2020,Taranto,Castellaneta,Fuori Abitato,Altra strada,Curva,Incidente a veicolo isolato,5,0
2020,Taranto,Mottola,Fuori Abitato,Strada Provinciale,Curva,Incidente a veicolo isolato,1,0
2020,Taranto,Avetrana,Fuori Abitato,Strada Provinciale,Rettilineo,Incidente tra veicoli,1,0
2020,Taranto,Castellaneta,Fuori Abitato,Strada Provinciale,Rettilineo,Incidente tra veicoli,2,0
2020,Taranto,Avetrana,Nell'Abitato,Strada Urbana,Incrocio,Incidente tra veicoli,1,0
2020,Taranto,Pulsano,Nell'Abitato,Strada Urbana,Incrocio,Incidente tra veicoli,1,0
2020,Taranto,Castellaneta,Nell'Abitato,Strada Urbana,Incrocio,Incidente tra veicoli,4,0
2020,Taranto,Massafra,Nell'Abitato,Strada Urbana,Rettilineo,Incidente tra veicoli,1,0
2020,Taranto,Montemesola,Fuori Abitato,Strada Provinciale,Curva,Incidente tra veicoli,3,0
2020,Taranto,Massafra,Nell'Abitato,Strada Urbana,Curva,Incidente tra veicoli,1,0
2020,Taranto,Lizzano,Nell'Abitato,Strada Urbana,Incrocio,Incidente tra veicoli,1,0
2020,Taranto,Laterza,Nell'Abitato,Strada Statale,Rettilineo,Incidente tra veicoli,5,0
2020,Taranto,Avetrana,Nell'Abitato,Strada Urbana,Incrocio,Incidente tra veicoli,1,0
2020,Taranto,Castellaneta,Fuori Abitato,Strada Provinciale,Incrocio,Incidente tra veicoli,3,0
2020,Taranto,Manduria,Nell'Abitato,Strada Provinciale,Rettilineo,Incidente tra veicoli,1,0
2020,Taranto,Manduria,Fuori Abitato,Strada Statale,Rettilineo,Incidente tra veicoli,4,0
2020,Taranto,Mottola,Fuori Abitato,Strada Statale,Incrocio,Incidente tra veicoli,7,0
2020,Taranto,Pulsano,Nell'Abitato,Strada Urbana,Incrocio,Incidente tra veicoli,1,0
2020,Taranto,Grottaglie,Nell'Abitato,Strada Urbana,Incrocio,Incidente tra veicoli,2,0
2020,Taranto,Grottaglie,Nell'Abitato,Strada Urbana,Rettilineo,Incidente tra veicoli,1,0
2020,Taranto,Grottaglie,Nell'Abitato,Strada Urbana,Incrocio,Incidente tra veicoli,1,0
2020,Taranto,Ginosa,Nell'Abitato,Strada Urbana,Incrocio,Incidente tra veicoli,1,0
2020,Taranto,Martina Franca,Fuori Abitato,Strada Statale,Rettilineo,Incidente tra veicoli,2,0
2020,Taranto,Grottaglie,Nell'Abitato,Strada Urbana,Incrocio,Incidente tra veicoli,2,0
2020,Taranto,Martina Franca,Nell'Abitato,Strada Urbana,Incrocio,Incidente tra veicoli,2,0
2020,Taranto,Martina Franca,Nell'Abitato,Strada Urbana,Incrocio,Incidente tra veicoli,1,0
2020,Taranto,Martina Franca,Nell'Abitato,Strada Urbana,Rettilineo,Investimento di pedone,1,0
2020,Taranto,Pulsano,Nell'Abitato,Strada Urbana,Incrocio,Incidente tra veicoli,2,0
2020,Taranto,Martina Franca,Fuori Abitato,Strada Statale,Incrocio,Incidente tra veicoli,3,0
2020,Taranto,Martina Franca,Fuori Abitato,Strada Provinciale,Curva,Incidente a veicolo isolato,2,0
2020,Taranto,Grottaglie,Nell'Abitato,Strada Urbana,Incrocio,Incidente tra veicoli,2,0
2020,Taranto,Martina Franca,Fuori Abitato,Strada Provinciale,Rettilineo,Incidente a veicolo isolato,0,1
2020,Taranto,Laterza,Nell'Abitato,Strada Urbana,Incrocio,Incidente tra veicoli,1,0
2020,Taranto,Grottaglie,Nell'Abitato,Strada Urbana,Rettilineo,Incidente tra veicoli,1,0
2020,Taranto,Grottaglie,Nell'Abitato,Strada Urbana,Rettilineo,Incidente tra veicoli,4,0
2020,Taranto,Martina Franca,Nell'Abitato,Strada Urbana,Rettilineo,Incidente tra veicoli,1,0
2020,Taranto,Statte,Nell'Abitato,Strada Urbana,Incrocio,Incidente tra veicoli,1,0
2020,Taranto,Martina Franca,Nell'Abitato,Strada Urbana,Incrocio,Incidente tra veicoli,1,0
2020,Taranto,Martina Franca,Fuori Abitato,Strada comunale extraurbana,Rettilineo,Incidente a veicolo isolato,1,0
2020,Taranto,Grottaglie,Nell'Abitato,Strada Urbana,Incrocio,Investimento di pedone,1,0
2020,Taranto,Pulsano,Nell'Abitato,Strada Provinciale,Rettilineo,Incidente tra veicoli,1,0
2020,Taranto,Grottaglie,Nell'Abitato,Strada Urbana,Incrocio,Incidente tra veicoli,1,0
2020,Taranto,Laterza,Nell'Abitato,Strada Urbana,Incrocio,Incidente tra veicoli,1,0
2020,Taranto,Martina Franca,Fuori Abitato,Strada Provinciale,Rettilineo,Incidente tra veicoli,2,0
2020,Taranto,Grottaglie,Nell'Abitato,Strada Urbana,Incrocio,Incidente tra veicoli,3,0
2020,Taranto,Manduria,Nell'Abitato,Strada Urbana,Rettilineo,Incidente tra veicoli,1,0
2020,Taranto,Manduria,Fuori Abitato,Strada Provinciale,Curva,Incidente a veicolo isolato,2,0
2020,Taranto,Manduria,Fuori Abitato,Strada Provinciale,Incrocio,Incidente tra veicoli,1,0
2020,Taranto,Manduria,Nell'Abitato,Strada Urbana,Incrocio,Incidente tra veicoli,2,0
2020,Taranto,Taranto,Nell'Abitato,Strada Urbana,Incrocio,Incidente tra veicoli,3,0
2020,Taranto,Taranto,Nell'Abitato,Strada Urbana,Rettilineo,Incidente tra veicoli,2,0
2020,Taranto,Taranto,Nell'Abitato,Strada Urbana,Incrocio,Investimento di pedone,1,0
2020,Taranto,Taranto,Nell'Abitato,Strada Urbana,Incrocio,Incidente tra veicoli,1,0
2020,Taranto,Taranto,Nell'Abitato,Strada Urbana,Incrocio,Incidente tra veicoli,4,0
2020,Taranto,Taranto,Nell'Abitato,Strada Urbana,Rettilineo,Investimento di pedone,2,0
2020,Taranto,Taranto,Fuori Abitato,Strada Provinciale,Incrocio,Incidente tra veicoli,1,0
2020,Taranto,Taranto,Nell'Abitato,Strada Urbana,Incrocio,Incidente tra veicoli,2,0
2020,Taranto,Taranto,Nell'Abitato,Strada Urbana,Incrocio,Incidente tra veicoli,2,0
2020,Taranto,Taranto,Nell'Abitato,Strada Urbana,Rettilineo,Incidente a veicolo isolato,1,0
2020,Taranto,Taranto,Nell'Abitato,Strada Urbana,Rettilineo,Investimento di pedone,2,0
2020,Taranto,Taranto,Nell'Abitato,Strada Urbana,Incrocio,Investimento di pedone,1,0
2020,Taranto,Taranto,Nell'Abitato,Strada Urbana,Incrocio,Incidente tra veicoli,1,0
2020,Taranto,Taranto,Nell'Abitato,Strada Urbana,Incrocio,Incidente a veicolo isolato,1,0
2020,Taranto,Taranto,Nell'Abitato,Strada Urbana,Incrocio,Incidente tra veicoli,1,0
2020,Taranto,Ginosa,Fuori Abitato,Strada Provinciale,Curva,Incidente tra veicoli,1,0
2020,Taranto,Ginosa,Fuori Abitato,Strada Provinciale,Rettilineo,Incidente tra veicoli,4,0
2020,Taranto,Taranto,Nell'Abitato,Strada Urbana,Rettilineo,Incidente a veicolo isolato,1,0
2020,Taranto,Taranto,Nell'Abitato,Strada Urbana,Rettilineo,Incidente tra veicoli,2,0
2020,Taranto,Taranto,Nell'Abitato,Strada Urbana,Rettilineo,Incidente tra veicoli,1,0
2020,Taranto,Taranto,Nell'Abitato,Strada Urbana,Rettilineo,Incidente tra veicoli,1,0
2020,Taranto,Taranto,Nell'Abitato,Strada Urbana,Incrocio,Incidente tra veicoli,3,0
2020,Taranto,Taranto,Nell'Abitato,Strada Urbana,Incrocio,Investimento di pedone,2,0
2020,Taranto,Taranto,Nell'Abitato,Strada Urbana,Incrocio,Incidente tra veicoli,2,0
2020,Taranto,Taranto,Nell'Abitato,Strada Urbana,Incrocio,Incidente tra veicoli,1,0
2020,Taranto,Taranto,Nell'Abitato,Strada Urbana,Incrocio,Investimento di pedone,1,0
2020,Taranto,Taranto,Nell'Abitato,Strada Urbana,Incrocio,Incidente tra veicoli,2,0
2020,Taranto,Massafra,Fuori Abitato,Strada Provinciale,Curva,Incidente a veicolo isolato,1,0
2020,Taranto,Massafra,Nell'Abitato,Strada Urbana,Rettilineo,Investimento di pedone,1,0
2020,Taranto,Castellaneta,Nell'Abitato,Strada Urbana,Rettilineo,Incidente a veicolo isolato,1,0
2020,Taranto,Palagiano,Fuori Abitato,Strada Statale,Rettilineo,Incidente a veicolo isolato,1,0
2020,Taranto,Castellaneta,Nell'Abitato,Strada Urbana,Rettilineo,Incidente a veicolo isolato,1,0
2020,Taranto,Taranto,Nell'Abitato,Strada Urbana,Rettilineo,Incidente tra veicoli,1,0
2020,Taranto,Taranto,Nell'Abitato,Strada Urbana,Incrocio,Incidente tra veicoli,2,0
2020,Taranto,Taranto,Nell'Abitato,Strada Urbana,Incrocio,Incidente tra veicoli,3,0
2020,Taranto,Taranto,Nell'Abitato,Strada Urbana,Rettilineo,Incidente tra veicoli,1,0
2020,Taranto,Taranto,Nell'Abitato,Strada Urbana,Incrocio,Incidente tra veicoli,1,0
2020,Taranto,Taranto,Nell'Abitato,Strada Urbana,Rettilineo,Incidente tra veicoli,1,0
2020,Taranto,Taranto,Nell'Abitato,Strada Urbana,Incrocio,Incidente tra veicoli,1,0
2020,Taranto,Taranto,Nell'Abitato,Strada Urbana,Incrocio,Incidente tra veicoli,2,0
2020,Taranto,Taranto,Nell'Abitato,Strada Urbana,Rotatoria,Incidente tra veicoli,2,0
2020,Taranto,Taranto,Nell'Abitato,Strada Urbana,Rettilineo,Incidente tra veicoli,1,0
2020,Taranto,Taranto,Nell'Abitato,Strada Urbana,Incrocio,Incidente tra veicoli,3,0
2020,Taranto,Taranto,Nell'Abitato,Strada Urbana,Rettilineo,Incidente tra veicoli,2,0
2020,Taranto,Taranto,Nell'Abitato,Strada Urbana,Incrocio,Incidente tra veicoli,1,0
2020,Taranto,Taranto,Nell'Abitato,Strada Urbana,Incrocio,Incidente tra veicoli,1,0
2020,Taranto,Taranto,Nell'Abitato,Strada Urbana,Incrocio,Incidente tra veicoli,2,0
2020,Taranto,Taranto,Nell'Abitato,Strada Urbana,Incrocio,Incidente tra veicoli,1,0
2020,Taranto,Taranto,Nell'Abitato,Strada Urbana,Curva,Incidente tra veicoli,1,0
2020,Taranto,Taranto,Nell'Abitato,Strada Urbana,Incrocio,Incidente tra veicoli,1,0
2020,Taranto,Taranto,Nell'Abitato,Strada Urbana,Incrocio,Incidente tra veicoli,1,0
2020,Taranto,Taranto,Nell'Abitato,Strada Urbana,Incrocio,Incidente tra veicoli,2,0
2020,Taranto,Taranto,Nell'Abitato,Strada Urbana,Incrocio,Incidente tra veicoli,1,0
2020,Taranto,Castellaneta,Nell'Abitato,Strada Urbana,Incrocio,Incidente tra veicoli,1,0
2020,Taranto,Lizzano,Nell'Abitato,Strada Urbana,Incrocio,Incidente tra veicoli,2,0
2020,Taranto,Lizzano,Nell'Abitato,Strada Urbana,Incrocio,Incidente tra veicoli,1,0
2020,Taranto,Massafra,Nell'Abitato,Strada Urbana,Rettilineo,Incidente tra veicoli,3,0
2020,Taranto,San Marzano di San Giuseppe,Nell'Abitato,Strada Urbana,Rettilineo,Incidente tra veicoli,1,0
2020,Taranto,Sava,Fuori Abitato,Strada Provinciale,Incrocio,Incidente tra veicoli,3,0
2020,Taranto,Taranto,Nell'Abitato,Strada Urbana,Incrocio,Incidente tra veicoli,2,0
2020,Taranto,Taranto,Nell'Abitato,Strada Urbana,Incrocio,Incidente tra veicoli,1,0
2020,Taranto,Taranto,Nell'Abitato,Strada Urbana,Incrocio,Incidente tra veicoli,2,0
2020,Taranto,Taranto,Nell'Abitato,Strada Urbana,Incrocio,Incidente tra veicoli,1,0
2020,Taranto,Taranto,Nell'Abitato,Strada Urbana,Rettilineo,Incidente a veicolo isolato,3,0
2020,Taranto,Taranto,Fuori Abitato,Strada Statale,Rettilineo,Incidente a veicolo isolato,1,0
2020,Taranto,Taranto,Fuori Abitato,Strada Statale,Rettilineo,Incidente a veicolo isolato,1,0
2020,Taranto,Mottola,Fuori Abitato,Strada Statale,Rettilineo,Incidente a veicolo isolato,1,0
2020,Taranto,Ginosa,Fuori Abitato,Strada Statale,Rettilineo,Incidente a veicolo isolato,1,0
2020,Taranto,Taranto,Fuori Abitato,Strada Statale,Rettilineo,Incidente tra veicoli,3,0
2020,Taranto,Taranto,Fuori Abitato,Strada Statale,Rettilineo,Incidente tra veicoli,3,0
2020,Taranto,Mottola,Fuori Abitato,Autostrada,Rettilineo,Incidente tra veicoli,5,0
2020,Taranto,Massafra,Fuori Abitato,Strada Statale,Rettilineo,Incidente tra veicoli,1,0
2020,Taranto,Taranto,Nell'Abitato,Strada Urbana,Incrocio,Incidente tra veicoli,2,0
2020,Taranto,Taranto,Fuori Abitato,Strada Statale,Rettilineo,Incidente tra veicoli,1,0
2020,Taranto,Taranto,Fuori Abitato,Strada Statale,Rettilineo,Incidente tra veicoli,2,0
2020,Taranto,Sava,Fuori Abitato,Strada Provinciale,Incrocio,Incidente tra veicoli,6,0
2020,Taranto,Ginosa,Fuori Abitato,Strada Statale,Curva,Incidente a veicolo isolato,1,0
2020,Taranto,Lizzano,Nell'Abitato,Strada Provinciale,Rettilineo,Investimento di pedone,1,0
2020,Taranto,Massafra,Fuori Abitato,Strada Provinciale,Curva,Incidente a veicolo isolato,1,0
2020,Taranto,Massafra,Nell'Abitato,Strada Urbana,Incrocio,Incidente tra veicoli,3,0
2020,Taranto,Manduria,Fuori Abitato,Strada comunale extraurbana,Rettilineo,Incidente a veicolo isolato,1,0
2020,Taranto,Castellaneta,Fuori Abitato,Strada Provinciale,Rettilineo,Incidente a veicolo isolato,3,0
2020,Taranto,Fragagnano,Fuori Abitato,Strada Provinciale,Rettilineo,Incidente a veicolo isolato,2,0
2020,Taranto,Palagiano,Fuori Abitato,Strada Statale,Rettilineo,Investimento di pedone,3,0
2020,Taranto,Crispiano,Fuori Abitato,Strada Statale,Rettilineo,Incidente tra veicoli,3,0
2020,Taranto,Massafra,Fuori Abitato,Strada Statale,Rettilineo,Incidente a veicolo isolato,4,0
2020,Taranto,Torricella,Nell'Abitato,Strada Provinciale,Rettilineo,Incidente a veicolo isolato,1,0
2020,Taranto,Palagiano,Fuori Abitato,Strada Statale,Rettilineo,Incidente tra veicoli,3,0
2020,Taranto,Grottaglie,Fuori Abitato,Strada Provinciale,Curva,Incidente tra veicoli,2,0
2020,Taranto,Martina Franca,Nell'Abitato,Strada Urbana,Incrocio,Incidente tra veicoli,1,0
2020,Taranto,Palagianello,Fuori Abitato,Strada Statale,Rettilineo,Incidente tra veicoli,1,0
2020,Taranto,Ginosa,Nell'Abitato,Strada Urbana,Rettilineo,Incidente tra veicoli,1,1
2020,Taranto,Sava,Nell'Abitato,Strada Urbana,Incrocio,Incidente tra veicoli,2,0
2020,Taranto,Castellaneta,Fuori Abitato,Strada Provinciale,Rettilineo,Incidente tra veicoli,5,0
2020,Taranto,Massafra,Fuori Abitato,Strada Statale,Rettilineo,Incidente tra veicoli,1,0
2020,Taranto,Leporano,Fuori Abitato,Strada Provinciale,Rettilineo,Incidente tra veicoli,4,0
2020,Taranto,Manduria,Nell'Abitato,Strada Urbana,Incrocio,Incidente tra veicoli,1,0
2020,Taranto,Palagiano,Fuori Abitato,Strada Statale,Rettilineo,Incidente tra veicoli,1,0
2020,Taranto,Avetrana,Fuori Abitato,Strada Provinciale,Curva,Incidente tra veicoli,6,0
2020,Taranto,Avetrana,Fuori Abitato,Strada Provinciale,Incrocio,Incidente tra veicoli,3,0
2020,Taranto,Fragagnano,Fuori Abitato,Strada Provinciale,Rettilineo,Incidente tra veicoli,1,0
2020,Taranto,Massafra,Fuori Abitato,Strada Statale,Rettilineo,Incidente tra veicoli,4,1
2020,Taranto,Martina Franca,Fuori Abitato,Strada Statale,Passaggio a livello,Incidente a veicolo isolato,1,0
2020,Taranto,Laterza,Nell'Abitato,Strada Urbana,Incrocio,Incidente tra veicoli,1,0
2020,Taranto,Grottaglie,Fuori Abitato,Strada Provinciale,Rotatoria,Incidente a veicolo isolato,2,0
2020,Taranto,Martina Franca,Nell'Abitato,Strada Statale,Rettilineo,Incidente tra veicoli,1,0
2020,Taranto,Grottaglie,Nell'Abitato,Strada Urbana,Incrocio,Incidente tra veicoli,2,0
2020,Taranto,Grottaglie,Nell'Abitato,Strada Urbana,Incrocio,Incidente tra veicoli,2,0
2020,Taranto,Ginosa,Nell'Abitato,Strada Urbana,Incrocio,Incidente tra veicoli,1,0
2020,Taranto,Martina Franca,Nell'Abitato,Strada Urbana,Incrocio,Investimento di pedone,1,0
2020,Taranto,Martina Franca,Fuori Abitato,Strada Statale,Rettilineo,Incidente tra veicoli,1,2
2020,Taranto,Martina Franca,Fuori Abitato,Strada comunale extraurbana,Curva,Incidente a veicolo isolato,1,0
2020,Taranto,Grottaglie,Nell'Abitato,Strada Urbana,Incrocio,Incidente tra veicoli,1,0
2020,Taranto,Laterza,Nell'Abitato,Strada Urbana,Incrocio,Incidente tra veicoli,3,0
2020,Taranto,Martina Franca,Fuori Abitato,Strada comunale extraurbana,Curva,Incidente tra veicoli,1,0
2020,Taranto,Statte,Nell'Abitato,Strada Urbana,Incrocio,Incidente tra veicoli,1,0
2020,Taranto,Leporano,Nell'Abitato,Strada Urbana,Incrocio,Incidente tra veicoli,2,0
2020,Taranto,Grottaglie,Nell'Abitato,Strada Urbana,Incrocio,Incidente tra veicoli,1,0
2020,Taranto,Ginosa,Fuori Abitato,Strada comunale extraurbana,Incrocio,Incidente tra veicoli,2,0
2020,Taranto,Pulsano,Nell'Abitato,Strada Urbana,Incrocio,Incidente tra veicoli,2,0
2020,Taranto,Castellaneta,Nell'Abitato,Strada Urbana,Incrocio,Incidente tra veicoli,1,0
2020,Taranto,Manduria,Nell'Abitato,Strada Urbana,Rettilineo,Investimento di pedone,1,0
2020,Taranto,Manduria,Nell'Abitato,Strada Urbana,Incrocio,Incidente tra veicoli,2,0
2020,Taranto,Manduria,Nell'Abitato,Strada Urbana,Incrocio,Incidente tra veicoli,5,0
2020,Taranto,Manduria,Fuori Abitato,Strada Provinciale,Rettilineo,Incidente a veicolo isolato,1,0
2020,Taranto,Manduria,Nell'Abitato,Strada Urbana,Incrocio,Incidente tra veicoli,3,0
2020,Taranto,Manduria,Nell'Abitato,Strada Urbana,Rettilineo,Incidente tra veicoli,1,0
2020,Taranto,Manduria,Nell'Abitato,Strada Urbana,Incrocio,Incidente tra veicoli,2,0
2020,Taranto,Manduria,Nell'Abitato,Strada Urbana,Rettilineo,Investimento di pedone,1,0
2020,Taranto,Taranto,Nell'Abitato,Strada Urbana,Rotatoria,Incidente tra veicoli,1,0
2020,Taranto,Taranto,Nell'Abitato,Strada Urbana,Incrocio,Incidente tra veicoli,1,0
2020,Taranto,Taranto,Nell'Abitato,Strada Urbana,Rettilineo,Incidente a veicolo isolato,1,0
2020,Taranto,Taranto,Nell'Abitato,Strada Urbana,Incrocio,Incidente tra veicoli,1,0
2020,Taranto,Taranto,Nell'Abitato,Strada Urbana,Incrocio,Incidente tra veicoli,1,0
2020,Taranto,Taranto,Nell'Abitato,Strada Urbana,Incrocio,Investimento di pedone,1,0
2020,Taranto,Taranto,Nell'Abitato,Strada Urbana,Rettilineo,Incidente tra veicoli,1,0
2020,Taranto,Taranto,Nell'Abitato,Strada Urbana,Rettilineo,Investimento di pedone,1,0
2020,Taranto,Taranto,Nell'Abitato,Strada Urbana,Incrocio,Investimento di pedone,2,0
2020,Taranto,Taranto,Nell'Abitato,Strada Urbana,Incrocio,Incidente tra veicoli,1,0
2020,Taranto,Taranto,Nell'Abitato,Strada Urbana,Rotatoria,Incidente tra veicoli,2,0
2020,Taranto,Taranto,Nell'Abitato,Strada Urbana,Incrocio,Investimento di pedone,1,0
2020,Taranto,Taranto,Nell'Abitato,Strada Urbana,Incrocio,Investimento di pedone,1,0
2020,Taranto,Taranto,Nell'Abitato,Strada Urbana,Rettilineo,Incidente tra veicoli,2,0
2020,Taranto,Taranto,Nell'Abitato,Strada Urbana,Rettilineo,Incidente tra veicoli,1,0
2020,Taranto,Lizzano,Fuori Abitato,Strada Provinciale,Rettilineo,Incidente a veicolo isolato,3,0
2020,Taranto,Sava,Fuori Abitato,Strada Provinciale,Rettilineo,Incidente tra veicoli,1,0
2020,Taranto,Massafra,Nell'Abitato,Strada Urbana,Rotatoria,Investimento di pedone,1,0
2020,Taranto,San Marzano di San Giuseppe,Nell'Abitato,Strada Urbana,Rettilineo,Incidente tra veicoli,1,0
2020,Taranto,Lizzano,Nell'Abitato,Strada Urbana,Incrocio,Incidente tra veicoli,1,0
2020,Taranto,Taranto,Nell'Abitato,Strada Urbana,Rettilineo,Incidente tra veicoli,1,0
2020,Taranto,Taranto,Nell'Abitato,Strada Urbana,Incrocio,Incidente tra veicoli,1,0
2020,Taranto,Taranto,Nell'Abitato,Strada Urbana,Incrocio,Incidente tra veicoli,4,0
2020,Taranto,Taranto,Nell'Abitato,Strada Urbana,Incrocio,Incidente tra veicoli,1,0
2020,Taranto,Taranto,Nell'Abitato,Strada Urbana,Curva,Incidente tra veicoli,2,0
2020,Taranto,Taranto,Nell'Abitato,Strada Urbana,Rettilineo,Incidente tra veicoli,1,0
2020,Taranto,Taranto,Nell'Abitato,Strada Urbana,Incrocio,Incidente tra veicoli,1,0
2020,Taranto,Taranto,Nell'Abitato,Strada Urbana,Rettilineo,Incidente tra veicoli,4,0
2020,Taranto,Taranto,Nell'Abitato,Strada Urbana,Incrocio,Incidente tra veicoli,1,0
2020,Taranto,Taranto,Nell'Abitato,Strada Urbana,Incrocio,Incidente tra veicoli,2,0
2020,Taranto,Taranto,Nell'Abitato,Strada Urbana,Incrocio,Incidente tra veicoli,2,0
2020,Taranto,Taranto,Nell'Abitato,Strada Urbana,Incrocio,Incidente tra veicoli,1,0
2020,Taranto,Taranto,Nell'Abitato,Strada Urbana,Incrocio,Incidente tra veicoli,1,0
2020,Taranto,Taranto,Nell'Abitato,Strada Urbana,Incrocio,Incidente tra veicoli,1,0
2020,Taranto,Taranto,Nell'Abitato,Strada Urbana,Incrocio,Incidente tra veicoli,4,0
2020,Taranto,Taranto,Nell'Abitato,Strada Provinciale,Incrocio,Incidente tra veicoli,2,0
2020,Taranto,Taranto,Nell'Abitato,Strada Urbana,Rettilineo,Incidente tra veicoli,1,0
2020,Taranto,Taranto,Nell'Abitato,Strada Urbana,Incrocio,Incidente tra veicoli,3,0
2020,Taranto,Taranto,Fuori Abitato,Strada Statale,Rettilineo,Incidente tra veicoli,2,0
2020,Taranto,Taranto,Nell'Abitato,Strada Urbana,Rettilineo,Incidente a veicolo isolato,1,0
2020,Taranto,Massafra,Nell'Abitato,Strada Urbana,Incrocio,Incidente tra veicoli,1,0
2020,Taranto,Castellaneta,Nell'Abitato,Strada Urbana,Incrocio,Incidente tra veicoli,3,0
2020,Taranto,San Marzano di San Giuseppe,Nell'Abitato,Strada Urbana,Incrocio,Incidente tra veicoli,1,0
2020,Taranto,San Marzano di San Giuseppe,Nell'Abitato,Strada Urbana,Incrocio,Incidente tra veicoli,1,0
2020,Taranto,Lizzano,Nell'Abitato,Strada Provinciale,Incrocio,Incidente tra veicoli,4,0
2020,Taranto,Lizzano,Fuori Abitato,Strada Provinciale,Incrocio,Incidente tra veicoli,1,0
2020,Taranto,Massafra,Fuori Abitato,Strada Provinciale,Rettilineo,Incidente tra veicoli,2,0
2020,Taranto,Taranto,Nell'Abitato,Strada Urbana,Incrocio,Incidente tra veicoli,2,0
2020,Taranto,Taranto,Nell'Abitato,Strada Urbana,Rettilineo,Incidente tra veicoli,2,0
2020,Taranto,Taranto,Nell'Abitato,Strada Urbana,Incrocio,Incidente tra veicoli,1,0
2020,Taranto,Taranto,Nell'Abitato,Strada Urbana,Incrocio,Incidente tra veicoli,3,0
2020,Taranto,Taranto,Nell'Abitato,Strada Urbana,Incrocio,Incidente tra veicoli,2,0
2020,Taranto,Taranto,Nell'Abitato,Strada Urbana,Rettilineo,Incidente tra veicoli,2,0
2020,Taranto,San Giorgio Ionico,Fuori Abitato,Strada comunale extraurbana,Rettilineo,Incidente tra veicoli,1,0
2020,Taranto,Mottola,Fuori Abitato,Strada Statale,Curva,Incidente tra veicoli,1,0
2020,Taranto,Taranto,Fuori Abitato,Strada Statale,Curva,Incidente a veicolo isolato,3,0
2020,Taranto,Statte,Fuori Abitato,Strada Statale,Rotatoria,Incidente a veicolo isolato,6,0
2020,Taranto,Taranto,Fuori Abitato,Strada Statale,Rettilineo,Incidente tra veicoli,1,0
2020,Taranto,Taranto,Fuori Abitato,Strada Provinciale,Rettilineo,Incidente tra veicoli,1,0
2020,Taranto,San Marzano di San Giuseppe,Fuori Abitato,Strada Provinciale,Rettilineo,Incidente tra veicoli,2,0
2020,Taranto,Statte,Fuori Abitato,Strada Provinciale,Rettilineo,Incidente tra veicoli,1,0
2020,Taranto,Palagiano,Fuori Abitato,Strada Statale,Rettilineo,Incidente a veicolo isolato,1,0
2020,Taranto,Palagiano,Fuori Abitato,Strada comunale extraurbana,Rettilineo,Incidente a veicolo isolato,1,0
2020,Taranto,Taranto,Nell'Abitato,Strada Urbana,Rettilineo,Incidente a veicolo isolato,2,0
2020,Taranto,Ginosa,Nell'Abitato,Strada Urbana,Rettilineo,Incidente tra veicoli,1,0
2020,Taranto,Manduria,Nell'Abitato,Strada Urbana,Rettilineo,Investimento di pedone,1,0
2020,Taranto,Maruggio,Nell'Abitato,Strada Urbana,Incrocio,Incidente a veicolo isolato,1,0
2020,Taranto,Palagiano,Fuori Abitato,Strada Statale,Rettilineo,Incidente tra veicoli,2,0
2020,Taranto,Castellaneta,Fuori Abitato,Strada Provinciale,Rettilineo,Incidente a veicolo isolato,3,0
2020,Taranto,Mottola,Fuori Abitato,Strada Provinciale,Rettilineo,Incidente a veicolo isolato,2,0
2020,Taranto,Sava,Nell'Abitato,Strada Urbana,Incrocio,Incidente tra veicoli,2,0
2020,Taranto,Carosino,Nell'Abitato,Strada Urbana,Incrocio,Incidente tra veicoli,2,0
2020,Taranto,Crispiano,Fuori Abitato,Strada Provinciale,Rettilineo,Incidente tra veicoli,3,0
2020,Taranto,Martina Franca,Nell'Abitato,Strada Urbana,Incrocio,Incidente tra veicoli,1,0
2020,Taranto,Ginosa,Fuori Abitato,Strada Statale,Rettilineo,Incidente tra veicoli,2,0
2020,Taranto,Ginosa,Fuori Abitato,Strada Statale,Rettilineo,Incidente tra veicoli,3,0
2020,Taranto,Lizzano,Nell'Abitato,Strada Provinciale,Incrocio,Incidente tra veicoli,1,0
2020,Taranto,Statte,Fuori Abitato,Strada Provinciale,Curva,Incidente tra veicoli,2,0
2020,Taranto,Palagiano,Fuori Abitato,Strada Provinciale,Curva,Incidente tra veicoli,3,0
2020,Taranto,Lizzano,Fuori Abitato,Strada Provinciale,Rettilineo,Incidente tra veicoli,4,0
2020,Taranto,Manduria,Nell'Abitato,Strada Urbana,Incrocio,Incidente tra veicoli,2,0
2020,Taranto,Ginosa,Nell'Abitato,Strada Urbana,Incrocio,Incidente tra veicoli,2,0
2020,Taranto,Castellaneta,Nell'Abitato,Strada Urbana,Incrocio,Incidente tra veicoli,2,0
2020,Taranto,Martina Franca,Fuori Abitato,Strada Provinciale,Curva,Incidente a veicolo isolato,1,0
2020,Taranto,Martina Franca,Fuori Abitato,Strada Statale,Rettilineo,Incidente tra veicoli,3,0
2020,Taranto,Martina Franca,Nell'Abitato,Strada Urbana,Incrocio,Incidente tra veicoli,1,0
2020,Taranto,Grottaglie,Nell'Abitato,Strada Urbana,Incrocio,Incidente tra veicoli,1,0
2020,Taranto,Ginosa,Nell'Abitato,Strada Urbana,Rettilineo,Incidente tra veicoli,2,0
2020,Taranto,Leporano,Nell'Abitato,Strada Urbana,Incrocio,Incidente tra veicoli,1,0
2020,Taranto,Palagiano,Nell'Abitato,Strada Urbana,Rettilineo,Investimento di pedone,1,0
2020,Taranto,Manduria,Nell'Abitato,Strada Urbana,Incrocio,Incidente tra veicoli,1,0
2020,Taranto,Manduria,Nell'Abitato,Strada Urbana,Incrocio,Incidente tra veicoli,3,0
2020,Taranto,Manduria,Fuori Abitato,Strada Provinciale,Incrocio,Incidente tra veicoli,1,0
2020,Taranto,Manduria,Nell'Abitato,Strada Urbana,Rettilineo,Incidente tra veicoli,3,0
2020,Taranto,Manduria,Nell'Abitato,Strada Urbana,Incrocio,Incidente tra veicoli,1,0
2020,Taranto,Manduria,Fuori Abitato,Strada Statale,Rettilineo,Incidente tra veicoli,1,0
2020,Taranto,Taranto,Nell'Abitato,Strada Urbana,Incrocio,Incidente tra veicoli,1,0
2020,Taranto,Taranto,Nell'Abitato,Strada Urbana,Rettilineo,Incidente tra veicoli,1,0
2020,Taranto,Taranto,Nell'Abitato,Strada Urbana,Rettilineo,Investimento di pedone,2,0
2020,Taranto,Taranto,Nell'Abitato,Strada Urbana,Rettilineo,Incidente tra veicoli,1,0
2020,Taranto,Taranto,Nell'Abitato,Strada Urbana,Rettilineo,Investimento di pedone,1,0
2020,Taranto,Taranto,Nell'Abitato,Strada Urbana,Rettilineo,Investimento di pedone,2,0
2020,Taranto,Taranto,Nell'Abitato,Strada Urbana,Rettilineo,Incidente tra veicoli,3,0
2020,Taranto,Taranto,Nell'Abitato,Strada Urbana,Rettilineo,Incidente a veicolo isolato,1,0
2020,Taranto,Taranto,Fuori Abitato,Strada comunale extraurbana,Rettilineo,Incidente tra veicoli,1,0
2020,Taranto,Taranto,Nell'Abitato,Strada Urbana,Incrocio,Incidente tra veicoli,2,0
2020,Taranto,Taranto,Nell'Abitato,Strada Urbana,Rotatoria,Incidente tra veicoli,2,0
2020,Taranto,Taranto,Nell'Abitato,Strada Urbana,Rettilineo,Incidente tra veicoli,1,0
2020,Taranto,Ginosa,Fuori Abitato,Strada Provinciale,Curva,Incidente a veicolo isolato,2,0
2020,Taranto,Martina Franca,Fuori Abitato,Strada Statale,Rettilineo,Incidente tra veicoli,2,0
2020,Taranto,Taranto,Nell'Abitato,Strada Urbana,Incrocio,Incidente tra veicoli,1,0
2020,Taranto,Taranto,Nell'Abitato,Strada Urbana,Incrocio,Incidente tra veicoli,1,0
2020,Taranto,Taranto,Nell'Abitato,Strada Urbana,Rettilineo,Incidente tra veicoli,1,0
2020,Taranto,Taranto,Nell'Abitato,Strada Urbana,Incrocio,Incidente tra veicoli,1,0
2020,Taranto,Taranto,Nell'Abitato,Strada Urbana,Incrocio,Investimento di pedone,1,0
2020,Taranto,Taranto,Nell'Abitato,Strada Urbana,Incrocio,Incidente tra veicoli,3,0
2020,Taranto,Taranto,Nell'Abitato,Strada Urbana,Incrocio,Incidente tra veicoli,5,0
2020,Taranto,Taranto,Nell'Abitato,Strada Urbana,Incrocio,Incidente tra veicoli,1,0
2020,Taranto,Palagiano,Nell'Abitato,Strada Urbana,Rettilineo,Incidente tra veicoli,1,0
2020,Taranto,Taranto,Nell'Abitato,Strada Urbana,Incrocio,Incidente tra veicoli,1,0
2020,Taranto,Taranto,Nell'Abitato,Strada Provinciale,Rettilineo,Incidente tra veicoli,1,0
2020,Taranto,Taranto,Nell'Abitato,Strada Urbana,Rettilineo,Incidente tra veicoli,1,0
2020,Taranto,Taranto,Nell'Abitato,Strada Urbana,Rettilineo,Incidente tra veicoli,2,0
2020,Taranto,Taranto,Nell'Abitato,Strada Urbana,Rettilineo,Incidente tra veicoli,2,0
2020,Taranto,Taranto,Nell'Abitato,Strada Urbana,Incrocio,Incidente tra veicoli,2,0
2020,Taranto,Taranto,Nell'Abitato,Strada Urbana,Rettilineo,Incidente tra veicoli,1,0
2020,Taranto,Taranto,Nell'Abitato,Strada Urbana,Incrocio,Incidente tra veicoli,3,0
2020,Taranto,Taranto,Nell'Abitato,Strada Urbana,Incrocio,Incidente tra veicoli,1,0
2020,Taranto,Taranto,Nell'Abitato,Strada Urbana,Incrocio,Incidente tra veicoli,2,0
2020,Taranto,Taranto,Nell'Abitato,Strada Urbana,Incrocio,Incidente tra veicoli,3,0
2020,Taranto,Taranto,Nell'Abitato,Strada Urbana,Incrocio,Incidente tra veicoli,2,0
2020,Taranto,Taranto,Nell'Abitato,Strada Urbana,Incrocio,Incidente tra veicoli,1,0
2020,Taranto,Taranto,Nell'Abitato,Strada Urbana,Incrocio,Incidente tra veicoli,2,0
2020,Taranto,Taranto,Nell'Abitato,Strada Urbana,Incrocio,Incidente tra veicoli,1,0
2020,Taranto,Taranto,Nell'Abitato,Strada Urbana,Rettilineo,Incidente tra veicoli,1,0
2020,Taranto,Taranto,Nell'Abitato,Strada Urbana,Rettilineo,Incidente tra veicoli,2,0
2020,Taranto,Taranto,Nell'Abitato,Strada Urbana,Incrocio,Incidente tra veicoli,1,0
2020,Taranto,Taranto,Nell'Abitato,Strada Urbana,Incrocio,Incidente tra veicoli,3,0
2020,Taranto,Taranto,Nell'Abitato,Strada Urbana,Incrocio,Incidente tra veicoli,3,0
2020,Taranto,Lizzano,Nell'Abitato,Strada Urbana,Incrocio,Incidente tra veicoli,1,0
2020,Taranto,Palagiano,Nell'Abitato,Strada Urbana,Incrocio,Incidente tra veicoli,1,0
2020,Taranto,Carosino,Nell'Abitato,Strada Urbana,Incrocio,Incidente tra veicoli,1,0
2020,Taranto,Carosino,Nell'Abitato,Strada Urbana,Incrocio,Incidente tra veicoli,3,0
2020,Taranto,Castellaneta,Fuori Abitato,Strada Statale,Rettilineo,Incidente tra veicoli,3,0
2020,Taranto,Sava,Nell'Abitato,Strada Urbana,Incrocio,Incidente tra veicoli,4,0
2020,Taranto,Massafra,Nell'Abitato,Strada Urbana,Rotatoria,Incidente tra veicoli,2,0
2020,Taranto,Palagiano,Nell'Abitato,Strada Urbana,Incrocio,Incidente tra veicoli,1,0
2020,Taranto,Taranto,Nell'Abitato,Strada Urbana,Incrocio,Incidente tra veicoli,2,0
2020,Taranto,Taranto,Nell'Abitato,Strada Urbana,Incrocio,Incidente tra veicoli,2,0
2020,Taranto,Taranto,Nell'Abitato,Strada Urbana,Rettilineo,Incidente tra veicoli,2,0
2020,Taranto,Taranto,Nell'Abitato,Strada Urbana,Incrocio,Incidente tra veicoli,1,0
2020,Taranto,Taranto,Nell'Abitato,Strada Urbana,Rettilineo,Incidente a veicolo isolato,1,0
2020,Taranto,Taranto,Fuori Abitato,Strada comunale extraurbana,Curva,Incidente tra veicoli,2,0
2020,Taranto,Taranto,Fuori Abitato,Strada Statale,Rettilineo,Incidente tra veicoli,2,0
2020,Taranto,Taranto,Fuori Abitato,Strada Statale,Rettilineo,Incidente tra veicoli,2,0
2020,Taranto,Massafra,Fuori Abitato,Strada Statale,Rotatoria,Incidente a veicolo isolato,2,0
2020,Taranto,San Giorgio Ionico,Fuori Abitato,Strada Provinciale,Incrocio,Incidente tra veicoli,2,0
2020,Taranto,Mottola,Nell'Abitato,Strada Provinciale,Incrocio,Incidente tra veicoli,2,0
2020,Taranto,Manduria,Fuori Abitato,Strada Provinciale,Rettilineo,Incidente a veicolo isolato,1,0
2020,Taranto,Castellaneta,Nell'Abitato,Strada Urbana,Rettilineo,Investimento di pedone,1,0
2020,Taranto,Maruggio,Nell'Abitato,Strada Urbana,Incrocio,Incidente tra veicoli,1,0
2020,Taranto,Avetrana,Fuori Abitato,Strada Provinciale,Rettilineo,Incidente a veicolo isolato,2,0
2020,Taranto,Mottola,Nell'Abitato,Strada Urbana,Rettilineo,Incidente tra veicoli,2,0
2020,Taranto,Taranto,Nell'Abitato,Strada Urbana,Rettilineo,Incidente tra veicoli,1,0
2020,Taranto,Carosino,Fuori Abitato,Strada Provinciale,Curva,Incidente tra veicoli,1,0
2020,Taranto,Mottola,Fuori Abitato,Strada Provinciale,Rettilineo,Incidente tra veicoli,2,0
2020,Taranto,Manduria,Nell'Abitato,Strada Urbana,Incrocio,Incidente tra veicoli,3,0
2020,Taranto,Avetrana,Nell'Abitato,Strada Provinciale,Incrocio,Incidente tra veicoli,5,0
2020,Taranto,Taranto,Nell'Abitato,Strada Provinciale,Incrocio,Incidente tra veicoli,1,0
2020,Taranto,Palagiano,Fuori Abitato,Strada Statale,Curva,Incidente tra veicoli,2,0
2020,Taranto,Taranto,Nell'Abitato,Strada Urbana,Incrocio,Incidente tra veicoli,2,0
2020,Taranto,Sava,Nell'Abitato,Strada Urbana,Incrocio,Incidente tra veicoli,4,0
2020,Taranto,Martina Franca,Nell'Abitato,Strada Urbana,Incrocio,Incidente tra veicoli,1,0
2020,Taranto,Pulsano,Fuori Abitato,Strada Provinciale,Rettilineo,Incidente tra veicoli,1,0
2020,Taranto,Palagiano,Fuori Abitato,Strada comunale extraurbana,Incrocio,Incidente tra veicoli,2,0
2020,Taranto,Ginosa,Fuori Abitato,Strada Statale,Rettilineo,Incidente tra veicoli,2,0
2020,Taranto,Grottaglie,Nell'Abitato,Strada Urbana,Rettilineo,Incidente tra veicoli,2,0
2020,Taranto,Grottaglie,Nell'Abitato,Strada Urbana,Incrocio,Incidente tra veicoli,2,0
2020,Taranto,Grottaglie,Nell'Abitato,Strada Urbana,Rettilineo,Incidente a veicolo isolato,1,0
2020,Taranto,Laterza,Fuori Abitato,Strada comunale extraurbana,Incrocio,Incidente tra veicoli,1,0
2020,Taranto,Grottaglie,Nell'Abitato,Strada Urbana,Rettilineo,Incidente tra veicoli,2,0
2020,Taranto,Martina Franca,Fuori Abitato,Strada comunale extraurbana,Incrocio,Incidente tra veicoli,2,0
2020,Taranto,Martina Franca,Nell'Abitato,Strada Urbana,Incrocio,Incidente tra veicoli,3,0
2020,Taranto,Martina Franca,Nell'Abitato,Strada Urbana,Rettilineo,Incidente tra veicoli,1,0
2020,Taranto,Martina Franca,Fuori Abitato,Strada comunale extraurbana,Curva,Incidente tra veicoli,2,0
2020,Taranto,Grottaglie,Nell'Abitato,Strada Urbana,Incrocio,Investimento di pedone,1,0
2020,Taranto,Grottaglie,Nell'Abitato,Strada Urbana,Incrocio,Incidente tra veicoli,1,0
2020,Taranto,Ginosa,Fuori Abitato,Strada Provinciale,Incrocio,Incidente tra veicoli,2,0
2020,Taranto,Grottaglie,Nell'Abitato,Strada Urbana,Incrocio,Investimento di pedone,1,0
2020,Taranto,Manduria,Nell'Abitato,Strada Urbana,Rettilineo,Incidente tra veicoli,1,0
2020,Taranto,Manduria,Nell'Abitato,Strada Urbana,Rettilineo,Incidente tra veicoli,6,0
2020,Taranto,Taranto,Nell'Abitato,Strada Provinciale,Rettilineo,Incidente a veicolo isolato,1,0
2020,Taranto,Taranto,Nell'Abitato,Strada Urbana,Incrocio,Incidente tra veicoli,1,0
2020,Taranto,Taranto,Nell'Abitato,Strada Urbana,Rettilineo,Incidente tra veicoli,2,0
2020,Taranto,Taranto,Nell'Abitato,Strada Urbana,Rettilineo,Investimento di pedone,1,0
2020,Taranto,Taranto,Nell'Abitato,Strada Urbana,Rettilineo,Incidente tra veicoli,1,0
2020,Taranto,Taranto,Nell'Abitato,Strada Urbana,Rettilineo,Incidente tra veicoli,2,0
2020,Taranto,Taranto,Nell'Abitato,Strada Urbana,Rettilineo,Incidente tra veicoli,1,0
2020,Taranto,Taranto,Nell'Abitato,Strada Urbana,Rotatoria,Investimento di pedone,1,0
2020,Taranto,Taranto,Nell'Abitato,Strada Urbana,Rettilineo,Incidente tra veicoli,1,0
2020,Taranto,Taranto,Nell'Abitato,Strada Urbana,Rettilineo,Incidente a veicolo isolato,1,0
2020,Taranto,Taranto,Nell'Abitato,Strada Urbana,Incrocio,Investimento di pedone,1,0
2020,Taranto,Taranto,Fuori Abitato,Strada Provinciale,Rettilineo,Incidente tra veicoli,2,0
2020,Taranto,Taranto,Nell'Abitato,Strada Urbana,Rettilineo,Investimento di pedone,1,0
2020,Taranto,Taranto,Nell'Abitato,Strada Urbana,Incrocio,Investimento di pedone,1,0
2020,Taranto,Taranto,Nell'Abitato,Strada Urbana,Incrocio,Incidente tra veicoli,2,0
2020,Taranto,Taranto,Nell'Abitato,Strada Provinciale,Incrocio,Incidente tra veicoli,2,0
2020,Taranto,Taranto,Nell'Abitato,Strada Urbana,Rotatoria,Investimento di pedone,1,0
2020,Taranto,Taranto,Nell'Abitato,Strada Urbana,Incrocio,Incidente tra veicoli,2,0
2020,Taranto,Taranto,Nell'Abitato,Strada Urbana,Incrocio,Incidente a veicolo isolato,1,0
2020,Taranto,Taranto,Nell'Abitato,Strada Urbana,Rettilineo,Investimento di pedone,1,0
2020,Taranto,Taranto,Nell'Abitato,Strada Urbana,Rettilineo,Investimento di pedone,1,0
2020,Taranto,Taranto,Nell'Abitato,Strada Urbana,Incrocio,Incidente tra veicoli,4,0
2020,Taranto,Taranto,Nell'Abitato,Strada Urbana,Incrocio,Incidente tra veicoli,1,0
2020,Taranto,Taranto,Nell'Abitato,Strada Urbana,Curva,Incidente tra veicoli,1,0
2020,Taranto,Taranto,Nell'Abitato,Strada Urbana,Incrocio,Incidente tra veicoli,1,0
2020,Taranto,Taranto,Nell'Abitato,Strada Urbana,Incrocio,Investimento di pedone,1,0
2020,Taranto,Taranto,Nell'Abitato,Strada Urbana,Rettilineo,Incidente tra veicoli,1,0
2020,Taranto,Massafra,Nell'Abitato,Strada Urbana,Rettilineo,Investimento di pedone,1,0
2020,Taranto,Massafra,Nell'Abitato,Strada Urbana,Rettilineo,Investimento di pedone,1,0
2020,Taranto,Taranto,Nell'Abitato,Strada Urbana,Incrocio,Incidente tra veicoli,1,0
2020,Taranto,Taranto,Nell'Abitato,Strada Urbana,Rettilineo,Incidente tra veicoli,2,0
2020,Taranto,Taranto,Nell'Abitato,Strada Urbana,Rettilineo,Incidente tra veicoli,2,0
2020,Taranto,Taranto,Nell'Abitato,Strada Urbana,Rettilineo,Incidente tra veicoli,2,0
2020,Taranto,Taranto,Nell'Abitato,Strada Urbana,Incrocio,Incidente tra veicoli,1,0
2020,Taranto,Taranto,Nell'Abitato,Strada Urbana,Incrocio,Incidente tra veicoli,1,0
2020,Taranto,Taranto,Nell'Abitato,Strada Urbana,Incrocio,Incidente tra veicoli,1,0
2020,Taranto,Taranto,Nell'Abitato,Strada Urbana,Incrocio,Incidente tra veicoli,2,0
2020,Taranto,Taranto,Nell'Abitato,Strada Urbana,Rettilineo,Incidente tra veicoli,2,0
2020,Taranto,Taranto,Nell'Abitato,Strada Urbana,Rettilineo,Incidente tra veicoli,1,0
2020,Taranto,Taranto,Nell'Abitato,Strada Urbana,Rettilineo,Incidente tra veicoli,2,0
2020,Taranto,Taranto,Nell'Abitato,Strada Urbana,Incrocio,Incidente tra veicoli,1,0
2020,Taranto,Taranto,Nell'Abitato,Strada Urbana,Incrocio,Incidente tra veicoli,1,0
2020,Taranto,Taranto,Nell'Abitato,Strada Urbana,Incrocio,Incidente tra veicoli,3,0
2020,Taranto,Taranto,Nell'Abitato,Strada Urbana,Rotatoria,Incidente tra veicoli,4,0
2020,Taranto,Taranto,Nell'Abitato,Strada Urbana,Incrocio,Incidente tra veicoli,1,0
2020,Taranto,Taranto,Nell'Abitato,Strada Urbana,Incrocio,Incidente tra veicoli,3,0
2020,Taranto,Taranto,Nell'Abitato,Strada Urbana,Curva,Incidente tra veicoli,2,0
2020,Taranto,Palagiano,Nell'Abitato,Strada Urbana,Incrocio,Incidente tra veicoli,1,0
2020,Taranto,Palagiano,Fuori Abitato,Strada Statale,Rettilineo,Incidente tra veicoli,3,0
2020,Taranto,Massafra,Nell'Abitato,Strada Urbana,Incrocio,Incidente tra veicoli,2,0
2020,Taranto,Massafra,Nell'Abitato,Strada Urbana,Incrocio,Incidente tra veicoli,1,0
2020,Taranto,Taranto,Nell'Abitato,Strada Urbana,Incrocio,Incidente tra veicoli,1,0
2020,Taranto,Taranto,Nell'Abitato,Strada Urbana,Incrocio,Incidente tra veicoli,2,0
2020,Taranto,Taranto,Nell'Abitato,Strada Urbana,Incrocio,Incidente tra veicoli,2,0
2020,Taranto,Sava,Nell'Abitato,Strada Urbana,Incrocio,Incidente tra veicoli,3,0
2020,Taranto,Taranto,Nell'Abitato,Strada Urbana,Incrocio,Incidente tra veicoli,1,0
2020,Taranto,Taranto,Nell'Abitato,Strada Urbana,Incrocio,Investimento di pedone,1,0
2020,Taranto,Taranto,Fuori Abitato,Strada Statale,Rettilineo,Incidente tra veicoli,1,0
2020,Taranto,Taranto,Fuori Abitato,Strada Provinciale,Curva,Incidente a veicolo isolato,1,0
2020,Taranto,Taranto,Fuori Abitato,Strada Statale,Rettilineo,Incidente a veicolo isolato,1,0
2020,Taranto,Taranto,Fuori Abitato,Strada Statale,Curva,Incidente tra veicoli,2,0
2020,Taranto,Taranto,Fuori Abitato,Strada Statale,Rettilineo,Incidente tra veicoli,2,0
2020,Taranto,Taranto,Fuori Abitato,Strada Statale,Rettilineo,Incidente a veicolo isolato,1,0
2020,Taranto,Sava,Nell'Abitato,Strada Urbana,Incrocio,Incidente tra veicoli,1,0
2020,Taranto,Avetrana,Nell'Abitato,Strada Urbana,Incrocio,Incidente tra veicoli,5,0
2020,Taranto,Martina Franca,Fuori Abitato,Strada comunale extraurbana,Curva,Incidente a veicolo isolato,2,0
2020,Taranto,Massafra,Nell'Abitato,Strada Urbana,Rettilineo,Incidente tra veicoli,1,0
2020,Taranto,Torricella,Fuori Abitato,Strada Provinciale,Rettilineo,Incidente a veicolo isolato,3,0
2020,Taranto,Mottola,Fuori Abitato,Strada Statale,Rettilineo,Incidente tra veicoli,0,2
2020,Taranto,Martina Franca,Fuori Abitato,Strada comunale extraurbana,Rettilineo,Incidente a veicolo isolato,1,0
2020,Taranto,Massafra,Fuori Abitato,Strada Statale,Rettilineo,Incidente tra veicoli,1,0
2020,Taranto,Manduria,Fuori Abitato,Strada Provinciale,Curva,Incidente tra veicoli,2,0
2020,Taranto,Massafra,Fuori Abitato,Strada Statale,Curva,Incidente tra veicoli,1,0
2020,Taranto,Palagianello,Fuori Abitato,Strada Provinciale,Curva,Incidente tra veicoli,1,1
2020,Taranto,Massafra,Fuori Abitato,Strada Statale,Rettilineo,Incidente tra veicoli,4,1
2020,Taranto,Castellaneta,Fuori Abitato,Strada Statale,Rettilineo,Incidente tra veicoli,3,0
2020,Taranto,Grottaglie,Nell'Abitato,Strada Urbana,Incrocio,Incidente tra veicoli,2,0
2020,Taranto,Grottaglie,Nell'Abitato,Strada Urbana,Incrocio,Incidente tra veicoli,3,0
2020,Taranto,Martina Franca,Nell'Abitato,Strada Urbana,Incrocio,Investimento di pedone,1,0
2020,Taranto,Grottaglie,Nell'Abitato,Strada Urbana,Rettilineo,Investimento di pedone,1,0
2020,Taranto,Grottaglie,Nell'Abitato,Strada Urbana,Rettilineo,Incidente a veicolo isolato,1,0
2020,Taranto,Grottaglie,Nell'Abitato,Strada Urbana,Incrocio,Incidente tra veicoli,2,0
2020,Taranto,Crispiano,Nell'Abitato,Strada Urbana,Incrocio,Incidente tra veicoli,2,0
2020,Taranto,Laterza,Nell'Abitato,Strada Urbana,Incrocio,Incidente tra veicoli,2,0
2020,Taranto,Manduria,Fuori Abitato,Strada Provinciale,Incrocio,Incidente tra veicoli,2,0
2020,Taranto,Manduria,Nell'Abitato,Strada Urbana,Incrocio,Incidente tra veicoli,2,0
2020,Taranto,Manduria,Fuori Abitato,Strada Provinciale,Rettilineo,Incidente a veicolo isolato,1,0
2020,Taranto,Taranto,Nell'Abitato,Strada Urbana,Incrocio,Incidente tra veicoli,2,0
2020,Taranto,Taranto,Nell'Abitato,Strada Urbana,Rettilineo,Incidente a veicolo isolato,1,0
2020,Taranto,Taranto,Nell'Abitato,Strada Urbana,Incrocio,Incidente a veicolo isolato,0,1
2020,Taranto,Taranto,Nell'Abitato,Strada Urbana,Rettilineo,Incidente tra veicoli,1,0
2020,Taranto,Taranto,Nell'Abitato,Strada Urbana,Incrocio,Incidente tra veicoli,1,0
2020,Taranto,Taranto,Nell'Abitato,Strada Urbana,Incrocio,Incidente tra veicoli,1,0
2020,Taranto,Taranto,Nell'Abitato,Strada Urbana,Curva,Incidente tra veicoli,2,0
2020,Taranto,Taranto,Nell'Abitato,Strada Urbana,Incrocio,Investimento di pedone,1,0
2020,Taranto,Taranto,Nell'Abitato,Strada Urbana,Rettilineo,Incidente tra veicoli,2,0
2020,Taranto,Martina Franca,Fuori Abitato,Strada Statale,Curva,Incidente a veicolo isolato,1,0
2020,Taranto,Taranto,Nell'Abitato,Strada Urbana,Rettilineo,Incidente a veicolo isolato,1,0
2020,Taranto,Taranto,Nell'Abitato,Strada Urbana,Rettilineo,Incidente tra veicoli,1,0
2020,Taranto,Taranto,Nell'Abitato,Strada Urbana,Rettilineo,Incidente tra veicoli,1,0
2020,Taranto,Taranto,Nell'Abitato,Strada Urbana,Incrocio,Investimento di pedone,1,0
2020,Taranto,Taranto,Nell'Abitato,Strada Urbana,Incrocio,Investimento di pedone,1,0
2020,Taranto,Taranto,Nell'Abitato,Strada Urbana,Rettilineo,Incidente tra veicoli,1,0
2020,Taranto,Lizzano,Fuori Abitato,Strada Provinciale,Curva,Incidente a veicolo isolato,1,0
2020,Taranto,Taranto,Nell'Abitato,Strada Urbana,Incrocio,Incidente tra veicoli,1,0
2020,Taranto,Taranto,Nell'Abitato,Strada Urbana,Rettilineo,Incidente tra veicoli,1,0
2020,Taranto,Taranto,Nell'Abitato,Strada Urbana,Incrocio,Incidente tra veicoli,1,0
2020,Taranto,Taranto,Nell'Abitato,Strada Urbana,Incrocio,Incidente tra veicoli,1,0
2020,Taranto,Taranto,Nell'Abitato,Strada Urbana,Incrocio,Incidente tra veicoli,2,0
2020,Taranto,Taranto,Nell'Abitato,Strada Urbana,Incrocio,Incidente tra veicoli,1,0
2020,Taranto,Taranto,Nell'Abitato,Strada Urbana,Rettilineo,Incidente tra veicoli,1,0
2020,Taranto,Taranto,Nell'Abitato,Strada Urbana,Incrocio,Incidente tra veicoli,1,0
2020,Taranto,Taranto,Nell'Abitato,Strada Urbana,Incrocio,Incidente tra veicoli,1,0
2020,Taranto,Taranto,Nell'Abitato,Strada Urbana,Rettilineo,Incidente tra veicoli,1,0
2020,Taranto,Taranto,Nell'Abitato,Strada Urbana,Incrocio,Incidente tra veicoli,2,0
2020,Taranto,Taranto,Nell'Abitato,Strada Urbana,Rettilineo,Incidente tra veicoli,1,0
2020,Taranto,Taranto,Nell'Abitato,Strada Urbana,Rettilineo,Incidente tra veicoli,1,0
2020,Taranto,Taranto,Nell'Abitato,Strada Urbana,Rettilineo,Incidente tra veicoli,1,0
2020,Taranto,Taranto,Nell'Abitato,Strada Urbana,Incrocio,Incidente tra veicoli,1,0
2020,Taranto,San Marzano di San Giuseppe,Nell'Abitato,Strada Urbana,Incrocio,Incidente tra veicoli,1,0
2020,Taranto,San Marzano di San Giuseppe,Nell'Abitato,Strada Urbana,Incrocio,Incidente tra veicoli,1,0
2020,Taranto,Mottola,Nell'Abitato,Strada Urbana,Incrocio,Incidente tra veicoli,1,0
2020,Taranto,Torricella,Fuori Abitato,Strada Provinciale,Incrocio,Incidente tra veicoli,1,0
2020,Taranto,Palagiano,Nell'Abitato,Strada Urbana,Incrocio,Incidente tra veicoli,1,0
2020,Taranto,Taranto,Nell'Abitato,Strada Urbana,Rettilineo,Incidente tra veicoli,1,0
2020,Taranto,Taranto,Nell'Abitato,Strada Urbana,Rettilineo,Incidente tra veicoli,1,0
2020,Taranto,Sava,Fuori Abitato,Strada Statale,Rettilineo,Incidente tra veicoli,1,0
2020,Taranto,Taranto,Fuori Abitato,Strada Provinciale,Rettilineo,Incidente tra veicoli,1,0
2020,Taranto,Taranto,Fuori Abitato,Strada Provinciale,Curva,Incidente a veicolo isolato,3,0
2020,Taranto,Manduria,Fuori Abitato,Strada Provinciale,Curva,Incidente a veicolo isolato,1,0
2020,Taranto,Taranto,Fuori Abitato,Strada Provinciale,Rettilineo,Incidente a veicolo isolato,1,0
2020,Taranto,Taranto,Fuori Abitato,Strada Statale,Rettilineo,Incidente tra veicoli,2,0
2020,Taranto,Taranto,Fuori Abitato,Strada Statale,Rettilineo,Incidente tra veicoli,1,0
2020,Taranto,Taranto,Fuori Abitato,Strada Statale,Rettilineo,Incidente tra veicoli,1,0
2020,Taranto,Taranto,Nell'Abitato,Strada Urbana,Rettilineo,Incidente tra veicoli,1,0
2020,Taranto,Pulsano,Fuori Abitato,Strada Provinciale,Rettilineo,Incidente tra veicoli,1,0
2020,Taranto,Massafra,Fuori Abitato,Strada Statale,Rettilineo,Incidente tra veicoli,1,0
2020,Taranto,Massafra,Nell'Abitato,Strada Provinciale,Rettilineo,Incidente a veicolo isolato,1,0
2020,Taranto,Taranto,Fuori Abitato,Strada Statale,Rettilineo,Incidente tra veicoli,1,0
2020,Taranto,Avetrana,Fuori Abitato,Strada Provinciale,Rettilineo,Incidente tra veicoli,3,0
2020,Taranto,Laterza,Fuori Abitato,Strada Statale,Rettilineo,Incidente tra veicoli,2,0
2020,Taranto,Castellaneta,Fuori Abitato,Strada comunale extraurbana,Curva,Incidente tra veicoli,1,0
2020,Taranto,Ginosa,Fuori Abitato,Strada Provinciale,Rettilineo,Incidente tra veicoli,4,0
2020,Taranto,Massafra,Nell'Abitato,Strada Urbana,Curva,Incidente tra veicoli,1,0
2020,Taranto,San Marzano di San Giuseppe,Nell'Abitato,Strada Urbana,Incrocio,Incidente tra veicoli,1,0
2020,Taranto,Ginosa,Fuori Abitato,Strada Provinciale,Rettilineo,Incidente tra veicoli,2,0
2020,Taranto,Carosino,Nell'Abitato,Strada Urbana,Incrocio,Incidente tra veicoli,4,0
2020,Taranto,Grottaglie,Nell'Abitato,Strada Urbana,Rettilineo,Investimento di pedone,2,0
2020,Taranto,Laterza,Nell'Abitato,Strada Urbana,Incrocio,Incidente tra veicoli,1,0
2020,Taranto,Grottaglie,Nell'Abitato,Strada Urbana,Incrocio,Incidente tra veicoli,2,0
2020,Taranto,Ginosa,Nell'Abitato,Strada Urbana,Incrocio,Incidente tra veicoli,2,0
2020,Taranto,Statte,Nell'Abitato,Strada Urbana,Incrocio,Incidente tra veicoli,1,0
2020,Taranto,Leporano,Nell'Abitato,Strada Provinciale,Incrocio,Incidente tra veicoli,1,0
2020,Taranto,Ginosa,Fuori Abitato,Strada Provinciale,Incrocio,Incidente a veicolo isolato,1,0
2020,Taranto,Grottaglie,Nell'Abitato,Strada Urbana,Rettilineo,Investimento di pedone,2,0
2020,Taranto,Grottaglie,Nell'Abitato,Strada Urbana,Rotatoria,Incidente tra veicoli,1,0
2020,Taranto,Grottaglie,Nell'Abitato,Strada Urbana,Incrocio,Incidente tra veicoli,1,0
2020,Taranto,Grottaglie,Nell'Abitato,Strada Urbana,Rettilineo,Incidente tra veicoli,1,0
2020,Taranto,Laterza,Fuori Abitato,Strada comunale extraurbana,Rettilineo,Incidente a veicolo isolato,2,0
2020,Taranto,Grottaglie,Fuori Abitato,Strada comunale extraurbana,Incrocio,Incidente tra veicoli,3,0
2020,Taranto,Grottaglie,Fuori Abitato,Strada Provinciale,Curva,Incidente a veicolo isolato,3,0
2020,Taranto,Ginosa,Nell'Abitato,Strada Urbana,Rettilineo,Incidente a veicolo isolato,1,0
2020,Taranto,Grottaglie,Nell'Abitato,Strada Urbana,Rettilineo,Incidente tra veicoli,1,0
2020,Taranto,Manduria,Nell'Abitato,Strada Urbana,Incrocio,Incidente tra veicoli,1,0
2020,Taranto,Taranto,Nell'Abitato,Strada Urbana,Incrocio,Incidente tra veicoli,1,0
2020,Taranto,Taranto,Nell'Abitato,Strada Provinciale,Rettilineo,Incidente tra veicoli,1,0
2020,Taranto,Taranto,Nell'Abitato,Strada Urbana,Incrocio,Investimento di pedone,1,0
2020,Taranto,Taranto,Nell'Abitato,Strada Urbana,Rettilineo,Investimento di pedone,1,0
2020,Taranto,Taranto,Nell'Abitato,Strada Urbana,Rettilineo,Investimento di pedone,1,0
2020,Taranto,Taranto,Nell'Abitato,Strada Urbana,Incrocio,Investimento di pedone,1,0
2020,Taranto,Taranto,Nell'Abitato,Strada Urbana,Incrocio,Incidente tra veicoli,2,0
2020,Taranto,Taranto,Nell'Abitato,Strada Urbana,Incrocio,Incidente tra veicoli,1,0
2020,Taranto,Taranto,Nell'Abitato,Strada Urbana,Rettilineo,Incidente tra veicoli,1,0
2020,Taranto,Taranto,Nell'Abitato,Strada Urbana,Incrocio,Incidente tra veicoli,2,0
2020,Taranto,Manduria,Fuori Abitato,Strada Provinciale,Rettilineo,Incidente a veicolo isolato,0,1
2020,Taranto,Taranto,Nell'Abitato,Strada Urbana,Incrocio,Incidente tra veicoli,1,0
2020,Taranto,Taranto,Nell'Abitato,Strada Urbana,Incrocio,Incidente tra veicoli,1,0
2020,Taranto,Taranto,Nell'Abitato,Strada Urbana,Rettilineo,Incidente tra veicoli,1,0
2020,Taranto,Taranto,Nell'Abitato,Strada Urbana,Incrocio,Incidente tra veicoli,1,0
2020,Taranto,Mottola,Nell'Abitato,Strada Urbana,Rettilineo,Investimento di pedone,1,0
2020,Taranto,Taranto,Nell'Abitato,Strada Urbana,Incrocio,Incidente tra veicoli,1,0
2020,Taranto,Taranto,Nell'Abitato,Strada Urbana,Rettilineo,Incidente tra veicoli,1,0
2020,Taranto,Taranto,Nell'Abitato,Strada Urbana,Rotatoria,Incidente tra veicoli,1,0
2020,Taranto,Taranto,Nell'Abitato,Strada Urbana,Incrocio,Incidente tra veicoli,1,0
2020,Taranto,Taranto,Nell'Abitato,Strada Urbana,Rotatoria,Incidente tra veicoli,1,0
2020,Taranto,Taranto,Nell'Abitato,Strada Urbana,Incrocio,Incidente tra veicoli,1,0
2020,Taranto,Taranto,Nell'Abitato,Strada Urbana,Rettilineo,Incidente tra veicoli,1,0
2020,Taranto,Taranto,Nell'Abitato,Strada Urbana,Incrocio,Incidente tra veicoli,1,0
2020,Taranto,Taranto,Nell'Abitato,Strada Urbana,Incrocio,Incidente tra veicoli,1,0
2020,Taranto,Taranto,Nell'Abitato,Strada Urbana,Incrocio,Incidente tra veicoli,1,0
2020,Taranto,Taranto,Nell'Abitato,Strada Urbana,Incrocio,Incidente tra veicoli,1,0
2020,Taranto,Taranto,Nell'Abitato,Strada Urbana,Incrocio,Incidente tra veicoli,3,0
2020,Taranto,Taranto,Nell'Abitato,Strada Urbana,Rettilineo,Incidente tra veicoli,1,0
2020,Taranto,Taranto,Nell'Abitato,Strada Urbana,Rettilineo,Incidente tra veicoli,1,0
2020,Taranto,Taranto,Nell'Abitato,Strada Urbana,Rettilineo,Incidente tra veicoli,2,0
2020,Taranto,Taranto,Nell'Abitato,Strada Urbana,Incrocio,Incidente tra veicoli,3,0
2020,Taranto,Taranto,Nell'Abitato,Strada Urbana,Incrocio,Incidente tra veicoli,1,0
2020,Taranto,Taranto,Nell'Abitato,Strada Urbana,Incrocio,Incidente tra veicoli,2,0
2020,Taranto,Sava,Nell'Abitato,Strada Urbana,Incrocio,Incidente tra veicoli,2,0
2020,Taranto,Sava,Nell'Abitato,Strada Urbana,Incrocio,Incidente tra veicoli,2,0
2020,Taranto,Martina Franca,Fuori Abitato,Strada Provinciale,Curva,Incidente tra veicoli,3,0
2020,Taranto,Massafra,Nell'Abitato,Strada Urbana,Incrocio,Incidente tra veicoli,1,0
2020,Taranto,Carosino,Nell'Abitato,Strada Urbana,Incrocio,Incidente tra veicoli,2,0
2020,Taranto,Sava,Nell'Abitato,Strada Urbana,Incrocio,Incidente tra veicoli,3,0
2020,Taranto,Sava,Fuori Abitato,Strada Provinciale,Incrocio,Incidente tra veicoli,1,0
2020,Taranto,Taranto,Nell'Abitato,Strada Urbana,Rettilineo,Incidente tra veicoli,1,0
2020,Brindisi,Ostuni,Fuori Abitato,Strada Statale,Curva,Incidente a veicolo isolato,1,0
2020,Brindisi,Ostuni,Fuori Abitato,Strada Statale,Curva,Incidente a veicolo isolato,1,0
2020,Brindisi,Brindisi,Fuori Abitato,Strada Statale,Rettilineo,Incidente a veicolo isolato,1,0
2020,Brindisi,Brindisi,Fuori Abitato,Strada Statale,Rettilineo,Incidente tra veicoli,5,0
2020,Brindisi,San Pancrazio Salentino,Nell'Abitato,Strada Urbana,Rettilineo,Investimento di pedone,1,0
2020,Brindisi,Latiano,Fuori Abitato,Strada Provinciale,Rettilineo,Incidente a veicolo isolato,1,0
2020,Brindisi,Francavilla Fontana,Nell'Abitato,Strada Provinciale,Rettilineo,Incidente tra veicoli,2,0
2020,Brindisi,Ceglie Messapica,Fuori Abitato,Strada Provinciale,Rettilineo,Incidente tra veicoli,2,0
2020,Brindisi,Torre Santa Susanna,Nell'Abitato,Strada Urbana,Incrocio,Incidente tra veicoli,3,0
2020,Brindisi,Fasano,Nell'Abitato,Strada Urbana,Incrocio,Incidente tra veicoli,3,0
2020,Brindisi,Carovigno,Nell'Abitato,Strada Urbana,Incrocio,Incidente tra veicoli,2,0
2020,Brindisi,Torre Santa Susanna,Nell'Abitato,Strada Provinciale,Rettilineo,Incidente tra veicoli,3,0
2020,Brindisi,Ostuni,Nell'Abitato,Strada Urbana,Incrocio,Incidente tra veicoli,1,0
2020,Brindisi,Francavilla Fontana,Nell'Abitato,Strada Urbana,Rettilineo,Incidente tra veicoli,2,0
2020,Brindisi,Francavilla Fontana,Fuori Abitato,Strada Provinciale,Incrocio,Incidente tra veicoli,1,0
2020,Brindisi,Mesagne,Nell'Abitato,Strada Urbana,Incrocio,Incidente tra veicoli,2,0
2020,Brindisi,Ostuni,Fuori Abitato,Strada Provinciale,Curva,Incidente a veicolo isolato,1,0
2020,Brindisi,Mesagne,Fuori Abitato,Strada Statale,Rettilineo,Incidente tra veicoli,1,0
2020,Brindisi,Ostuni,Fuori Abitato,Strada comunale extraurbana,Incrocio,Incidente tra veicoli,2,0
2020,Brindisi,Ostuni,Nell'Abitato,Strada Urbana,Incrocio,Incidente tra veicoli,1,0
2020,Brindisi,Francavilla Fontana,Fuori Abitato,Strada Provinciale,Curva,Incidente a veicolo isolato,2,0
2020,Brindisi,San Pietro Vernotico,Nell'Abitato,Strada Urbana,Incrocio,Incidente tra veicoli,1,0
2020,Brindisi,Mesagne,Nell'Abitato,Strada Urbana,Rettilineo,Incidente tra veicoli,1,0
2020,Brindisi,Francavilla Fontana,Fuori Abitato,Strada Provinciale,Incrocio,Incidente tra veicoli,1,0
2020,Brindisi,San Pietro Vernotico,Nell'Abitato,Strada Urbana,Incrocio,Incidente tra veicoli,1,0
2020,Brindisi,Mesagne,Nell'Abitato,Strada Urbana,Incrocio,Incidente tra veicoli,2,0
2020,Brindisi,Ostuni,Fuori Abitato,Strada Provinciale,Curva,Incidente a veicolo isolato,1,0
2020,Brindisi,San Pietro Vernotico,Nell'Abitato,Strada Urbana,Incrocio,Incidente tra veicoli,1,0
2020,Brindisi,Erchie,Nell'Abitato,Strada Urbana,Rettilineo,Incidente tra veicoli,1,0
2020,Brindisi,Francavilla Fontana,Nell'Abitato,Strada Urbana,Rettilineo,Incidente a veicolo isolato,2,0
2020,Brindisi,Mesagne,Nell'Abitato,Strada Urbana,Incrocio,Investimento di pedone,1,0
2020,Brindisi,Ostuni,Nell'Abitato,Strada Urbana,Incrocio,Incidente tra veicoli,1,0
2020,Brindisi,San Pancrazio Salentino,Fuori Abitato,Strada Provinciale,Rettilineo,Incidente tra veicoli,2,0
2020,Brindisi,San Pietro Vernotico,Nell'Abitato,Strada Urbana,Incrocio,Incidente tra veicoli,2,0
2020,Brindisi,Mesagne,Fuori Abitato,Strada Statale,Rettilineo,Incidente a veicolo isolato,1,0
2020,Brindisi,Mesagne,Nell'Abitato,Strada Urbana,Incrocio,Incidente tra veicoli,2,0
2020,Brindisi,Brindisi,Nell'Abitato,Strada Urbana,Rettilineo,Incidente a veicolo isolato,1,0
2020,Brindisi,Brindisi,Nell'Abitato,Strada Urbana,Incrocio,Incidente tra veicoli,1,0
2020,Brindisi,Brindisi,Nell'Abitato,Strada Urbana,Incrocio,Incidente tra veicoli,1,0
2020,Brindisi,Brindisi,Nell'Abitato,Strada Urbana,Rettilineo,Investimento di pedone,1,0
2020,Brindisi,Brindisi,Nell'Abitato,Strada Urbana,Rotatoria,Incidente tra veicoli,2,0
2020,Brindisi,Brindisi,Fuori Abitato,Strada Statale,Incrocio,Incidente tra veicoli,2,0
2020,Brindisi,Brindisi,Nell'Abitato,Strada Urbana,Incrocio,Investimento di pedone,1,0
2020,Brindisi,Brindisi,Nell'Abitato,Strada Statale,Rotatoria,Incidente a veicolo isolato,1,0
2020,Brindisi,Carovigno,Nell'Abitato,Strada Urbana,Incrocio,Incidente tra veicoli,1,0
2020,Brindisi,Carovigno,Nell'Abitato,Strada Urbana,Incrocio,Incidente tra veicoli,2,0
2020,Brindisi,Fasano,Nell'Abitato,Strada Urbana,Incrocio,Incidente tra veicoli,2,0
2020,Brindisi,Ostuni,Fuori Abitato,Strada Provinciale,Rettilineo,Investimento di pedone,1,0
2020,Brindisi,Carovigno,Nell'Abitato,Strada Urbana,Rettilineo,Incidente tra veicoli,1,0
2020,Brindisi,Brindisi,Nell'Abitato,Strada Urbana,Rettilineo,Incidente a veicolo isolato,2,0
2020,Brindisi,Brindisi,Nell'Abitato,Strada Urbana,Rettilineo,Incidente tra veicoli,2,0
2020,Brindisi,Brindisi,Nell'Abitato,Strada Urbana,Incrocio,Investimento di pedone,1,0
2020,Brindisi,Brindisi,Nell'Abitato,Strada Urbana,Rettilineo,Incidente tra veicoli,1,0
2020,Brindisi,Brindisi,Nell'Abitato,Strada Urbana,Rettilineo,Investimento di pedone,1,0
2020,Brindisi,Brindisi,Nell'Abitato,Strada Urbana,Incrocio,Investimento di pedone,1,0
2020,Brindisi,Brindisi,Nell'Abitato,Strada Urbana,Incrocio,Investimento di pedone,1,0
2020,Brindisi,Brindisi,Nell'Abitato,Strada Urbana,Rettilineo,Investimento di pedone,1,0
2020,Brindisi,Brindisi,Nell'Abitato,Strada Urbana,Rettilineo,Investimento di pedone,1,0
2020,Brindisi,Brindisi,Nell'Abitato,Strada Urbana,Rettilineo,Investimento di pedone,1,0
2020,Brindisi,Brindisi,Nell'Abitato,Strada Provinciale,Rettilineo,Incidente tra veicoli,1,0
2020,Brindisi,Brindisi,Nell'Abitato,Strada Provinciale,Rettilineo,Incidente a veicolo isolato,1,0
2020,Brindisi,Oria,Nell'Abitato,Strada Urbana,Incrocio,Investimento di pedone,1,0
2020,Brindisi,San Vito dei Normanni,Fuori Abitato,Strada Provinciale,Curva,Incidente a veicolo isolato,1,0
2020,Brindisi,Brindisi,Nell'Abitato,Strada Urbana,Incrocio,Incidente tra veicoli,2,0
2020,Brindisi,Brindisi,Nell'Abitato,Strada Urbana,Incrocio,Incidente tra veicoli,2,0
2020,Brindisi,Brindisi,Nell'Abitato,Strada Urbana,Incrocio,Incidente tra veicoli,2,0
2020,Brindisi,Brindisi,Nell'Abitato,Strada Urbana,Rettilineo,Incidente tra veicoli,1,0
2020,Brindisi,Brindisi,Nell'Abitato,Strada Urbana,Incrocio,Incidente tra veicoli,1,0
2020,Brindisi,Brindisi,Nell'Abitato,Strada Urbana,Incrocio,Incidente tra veicoli,2,0
2020,Brindisi,Brindisi,Nell'Abitato,Strada Urbana,Incrocio,Incidente tra veicoli,2,0
2020,Brindisi,Fasano,Nell'Abitato,Strada Urbana,Incrocio,Incidente tra veicoli,2,0
2020,Brindisi,Fasano,Fuori Abitato,Strada Provinciale,Rettilineo,Incidente tra veicoli,1,0
2020,Brindisi,Brindisi,Nell'Abitato,Strada Urbana,Incrocio,Incidente tra veicoli,2,0
2020,Brindisi,Fasano,Fuori Abitato,Strada Statale,Curva,Incidente tra veicoli,1,0
2020,Brindisi,Brindisi,Nell'Abitato,Strada Urbana,Rettilineo,Incidente tra veicoli,1,0
2020,Brindisi,Brindisi,Nell'Abitato,Strada Urbana,Rotatoria,Incidente tra veicoli,2,0
2020,Brindisi,Fasano,Fuori Abitato,Strada Provinciale,Curva,Incidente tra veicoli,2,0
2020,Brindisi,Fasano,Fuori Abitato,Strada comunale extraurbana,Incrocio,Incidente tra veicoli,1,0
2020,Brindisi,Brindisi,Fuori Abitato,Strada Statale,Rotatoria,Incidente tra veicoli,2,0
2020,Brindisi,Brindisi,Fuori Abitato,Altra strada,Curva,Incidente tra veicoli,3,0
2020,Brindisi,Ceglie Messapica,Nell'Abitato,Strada Urbana,Incrocio,Incidente tra veicoli,1,0
2020,Brindisi,Cisternino,Fuori Abitato,Strada Provinciale,Curva,Incidente tra veicoli,1,0
2020,Brindisi,Cisternino,Nell'Abitato,Strada Urbana,Curva,Incidente tra veicoli,1,0
2020,Brindisi,Fasano,Nell'Abitato,Strada Urbana,Incrocio,Incidente tra veicoli,1,0
2020,Brindisi,Brindisi,Nell'Abitato,Strada Urbana,Rettilineo,Incidente tra veicoli,2,0
2020,Brindisi,Brindisi,Nell'Abitato,Strada Urbana,Rettilineo,Incidente tra veicoli,1,0
2020,Brindisi,Fasano,Nell'Abitato,Strada Urbana,Rettilineo,Incidente tra veicoli,3,0
2020,Brindisi,Brindisi,Nell'Abitato,Strada Urbana,Rettilineo,Incidente a veicolo isolato,1,0
2020,Brindisi,Brindisi,Fuori Abitato,Strada Statale,Rettilineo,Incidente tra veicoli,6,0
2020,Brindisi,Carovigno,Fuori Abitato,Strada Statale,Rettilineo,Incidente tra veicoli,1,0
2020,Brindisi,Carovigno,Fuori Abitato,Strada Statale,Curva,Incidente a veicolo isolato,2,0
2020,Brindisi,Fasano,Fuori Abitato,Strada Statale,Rettilineo,Incidente tra veicoli,3,0
2020,Brindisi,Fasano,Fuori Abitato,Strada Statale,Rettilineo,Incidente tra veicoli,1,0
2020,Brindisi,Carovigno,Fuori Abitato,Strada Provinciale,Rotatoria,Incidente a veicolo isolato,1,0
2020,Brindisi,San Michele Salentino,Fuori Abitato,Strada Provinciale,Curva,Incidente a veicolo isolato,4,0
2020,Brindisi,Francavilla Fontana,Fuori Abitato,Strada Provinciale,Incrocio,Incidente tra veicoli,1,0
2020,Brindisi,San Vito dei Normanni,Nell'Abitato,Strada Urbana,Incrocio,Incidente tra veicoli,3,0
2020,Brindisi,Francavilla Fontana,Fuori Abitato,Strada Provinciale,Incrocio,Incidente tra veicoli,2,0
2020,Brindisi,San Pancrazio Salentino,Nell'Abitato,Strada Urbana,Incrocio,Incidente tra veicoli,4,0
2020,Brindisi,Cellino San Marco,Fuori Abitato,Strada comunale extraurbana,Incrocio,Incidente a veicolo isolato,1,0
2020,Brindisi,Cellino San Marco,Nell'Abitato,Strada Urbana,Incrocio,Incidente tra veicoli,1,0
2020,Brindisi,Ostuni,Fuori Abitato,Strada Provinciale,Rettilineo,Incidente tra veicoli,1,0
2020,Brindisi,Mesagne,Nell'Abitato,Strada Urbana,Incrocio,Investimento di pedone,1,0
2020,Brindisi,Mesagne,Nell'Abitato,Strada Urbana,Rettilineo,Incidente tra veicoli,3,0
2020,Brindisi,Erchie,Nell'Abitato,Strada Urbana,Incrocio,Incidente tra veicoli,1,0
2020,Brindisi,Ostuni,Fuori Abitato,Strada Provinciale,Curva,Incidente tra veicoli,1,0
2020,Brindisi,Erchie,Nell'Abitato,Strada Urbana,Incrocio,Incidente tra veicoli,1,0
2020,Brindisi,Mesagne,Fuori Abitato,Strada Provinciale,Incrocio,Incidente tra veicoli,1,0
2020,Brindisi,San Pietro Vernotico,Nell'Abitato,Strada Provinciale,Incrocio,Incidente tra veicoli,1,0
2020,Brindisi,Francavilla Fontana,Nell'Abitato,Strada Urbana,Incrocio,Incidente tra veicoli,3,0
2020,Brindisi,Francavilla Fontana,Nell'Abitato,Strada Urbana,Incrocio,Incidente tra veicoli,2,0
2020,Brindisi,Francavilla Fontana,Nell'Abitato,Strada Urbana,Incrocio,Incidente tra veicoli,2,0
2020,Brindisi,Francavilla Fontana,Nell'Abitato,Strada Urbana,Incrocio,Incidente tra veicoli,1,0
2020,Brindisi,Carovigno,Nell'Abitato,Strada Urbana,Incrocio,Incidente tra veicoli,1,0
2020,Brindisi,Carovigno,Nell'Abitato,Strada Urbana,Incrocio,Incidente tra veicoli,1,0
2020,Brindisi,Carovigno,Nell'Abitato,Strada Urbana,Incrocio,Incidente tra veicoli,4,0
2020,Brindisi,Carovigno,Nell'Abitato,Strada Urbana,Curva,Incidente a veicolo isolato,2,0
2020,Brindisi,Carovigno,Nell'Abitato,Strada Urbana,Rettilineo,Incidente tra veicoli,1,0
2020,Brindisi,Fasano,Nell'Abitato,Strada Urbana,Incrocio,Incidente tra veicoli,1,0
2020,Brindisi,Brindisi,Nell'Abitato,Strada Urbana,Rettilineo,Investimento di pedone,1,0
2020,Brindisi,Brindisi,Fuori Abitato,Strada Statale,Rettilineo,Incidente tra veicoli,1,0
2020,Brindisi,Brindisi,Fuori Abitato,Strada comunale extraurbana,Curva,Incidente tra veicoli,3,0
2020,Brindisi,Brindisi,Nell'Abitato,Strada Urbana,Incrocio,Investimento di pedone,1,0
2020,Brindisi,Brindisi,Nell'Abitato,Strada Urbana,Rettilineo,Investimento di pedone,1,0
2020,Brindisi,Fasano,Fuori Abitato,Strada Statale,Curva,Incidente tra veicoli,1,0
2020,Brindisi,Brindisi,Nell'Abitato,Strada Statale,Rettilineo,Investimento di pedone,1,0
2020,Brindisi,Brindisi,Nell'Abitato,Strada Urbana,Incrocio,Incidente tra veicoli,1,0
2020,Brindisi,Ceglie Messapica,Fuori Abitato,Strada Provinciale,Curva,Incidente tra veicoli,1,0
2020,Brindisi,Torre Santa Susanna,Fuori Abitato,Strada Provinciale,Curva,Incidente a veicolo isolato,1,0
2020,Brindisi,Torre Santa Susanna,Nell'Abitato,Strada Urbana,Rettilineo,Incidente a veicolo isolato,1,0
2020,Brindisi,Brindisi,Nell'Abitato,Strada Urbana,Incrocio,Incidente tra veicoli,2,0
2020,Brindisi,Brindisi,Nell'Abitato,Strada Urbana,Incrocio,Incidente tra veicoli,2,0
2020,Brindisi,Brindisi,Nell'Abitato,Strada Urbana,Incrocio,Incidente tra veicoli,1,0
2020,Brindisi,Brindisi,Nell'Abitato,Strada Provinciale,Incrocio,Incidente tra veicoli,2,0
2020,Brindisi,Brindisi,Nell'Abitato,Strada Urbana,Incrocio,Incidente tra veicoli,1,0
2020,Brindisi,Brindisi,Nell'Abitato,Strada Urbana,Rettilineo,Incidente tra veicoli,2,0
2020,Brindisi,Brindisi,Nell'Abitato,Strada Urbana,Curva,Incidente tra veicoli,1,0
2020,Brindisi,Brindisi,Nell'Abitato,Strada Urbana,Rettilineo,Incidente tra veicoli,2,0
2020,Brindisi,Brindisi,Fuori Abitato,Strada Provinciale,Rettilineo,Incidente tra veicoli,1,0
2020,Brindisi,Brindisi,Nell'Abitato,Strada Urbana,Rettilineo,Incidente tra veicoli,1,0
2020,Brindisi,Brindisi,Nell'Abitato,Strada Urbana,Rettilineo,Incidente tra veicoli,1,0
2020,Brindisi,Brindisi,Nell'Abitato,Strada Urbana,Incrocio,Incidente tra veicoli,1,0
2020,Brindisi,Brindisi,Nell'Abitato,Strada Urbana,Incrocio,Incidente tra veicoli,1,0
2020,Brindisi,Brindisi,Nell'Abitato,Strada Urbana,Incrocio,Incidente tra veicoli,1,0
2020,Brindisi,Brindisi,Fuori Abitato,Strada Provinciale,Incrocio,Incidente tra veicoli,2,0
2020,Brindisi,Brindisi,Nell'Abitato,Strada Urbana,Incrocio,Incidente tra veicoli,1,0
2020,Brindisi,Brindisi,Nell'Abitato,Strada Urbana,Incrocio,Incidente tra veicoli,3,0
2020,Brindisi,Brindisi,Nell'Abitato,Strada Urbana,Rettilineo,Incidente tra veicoli,1,0
2020,Brindisi,San Vito dei Normanni,Nell'Abitato,Strada Urbana,Incrocio,Incidente tra veicoli,1,0
2020,Brindisi,Oria,Fuori Abitato,Strada Provinciale,Rotatoria,Incidente tra veicoli,1,0
2020,Brindisi,Oria,Fuori Abitato,Strada Provinciale,Incrocio,Incidente tra veicoli,2,0
2020,Brindisi,Ostuni,Nell'Abitato,Strada Urbana,Rotatoria,Incidente tra veicoli,2,0
2020,Brindisi,Ceglie Messapica,Nell'Abitato,Strada Urbana,Incrocio,Incidente tra veicoli,1,0
2020,Brindisi,Ceglie Messapica,Nell'Abitato,Strada Urbana,Incrocio,Incidente tra veicoli,1,0
2020,Brindisi,San Vito dei Normanni,Fuori Abitato,Strada Provinciale,Curva,Incidente tra veicoli,1,0
2020,Brindisi,Oria,Nell'Abitato,Strada Provinciale,Incrocio,Incidente tra veicoli,1,0
2020,Brindisi,Brindisi,Nell'Abitato,Strada Urbana,Rettilineo,Incidente tra veicoli,2,0
2020,Brindisi,Oria,Nell'Abitato,Strada Urbana,Incrocio,Incidente tra veicoli,1,0
2020,Brindisi,Ostuni,Fuori Abitato,Strada Provinciale,Curva,Incidente a veicolo isolato,3,1
2020,Brindisi,Mesagne,Nell'Abitato,Strada Urbana,Incrocio,Incidente tra veicoli,1,0
2020,Brindisi,Ceglie Messapica,Fuori Abitato,Strada Provinciale,Rettilineo,Incidente a veicolo isolato,2,0
2020,Brindisi,Erchie,Nell'Abitato,Strada Urbana,Incrocio,Incidente tra veicoli,1,0
2020,Brindisi,Francavilla Fontana,Fuori Abitato,Altra strada,Rettilineo,Incidente tra veicoli,1,0
2020,Brindisi,Ostuni,Nell'Abitato,Strada Urbana,Incrocio,Incidente tra veicoli,2,0
2020,Brindisi,Francavilla Fontana,Nell'Abitato,Strada Urbana,Incrocio,Incidente tra veicoli,1,0
2020,Brindisi,San Pietro Vernotico,Nell'Abitato,Strada Urbana,Incrocio,Incidente tra veicoli,2,0
2020,Brindisi,San Pietro Vernotico,Nell'Abitato,Strada Urbana,Rotatoria,Incidente tra veicoli,1,0
2020,Brindisi,Mesagne,Nell'Abitato,Strada Urbana,Incrocio,Incidente tra veicoli,1,0
2020,Brindisi,San Pietro Vernotico,Nell'Abitato,Strada Urbana,Incrocio,Incidente tra veicoli,1,0
2020,Brindisi,Carovigno,Nell'Abitato,Strada Urbana,Incrocio,Incidente tra veicoli,1,0
2020,Brindisi,Ostuni,Fuori Abitato,Strada Provinciale,Rettilineo,Incidente tra veicoli,1,0
2020,Brindisi,Brindisi,Nell'Abitato,Strada Urbana,Incrocio,Incidente a veicolo isolato,1,0
2020,Brindisi,Fasano,Nell'Abitato,Strada Urbana,Incrocio,Investimento di pedone,1,0
2020,Brindisi,Brindisi,Nell'Abitato,Strada Urbana,Rotatoria,Incidente a veicolo isolato,1,0
2020,Brindisi,Torchiarolo,Nell'Abitato,Strada Urbana,Rotatoria,Investimento di pedone,1,0
2020,Brindisi,Fasano,Fuori Abitato,Strada comunale extraurbana,Rettilineo,Incidente tra veicoli,1,0
2020,Brindisi,Cisternino,Fuori Abitato,Strada comunale extraurbana,Rettilineo,Incidente a veicolo isolato,0,1
2020,Brindisi,Brindisi,Nell'Abitato,Strada Urbana,Rettilineo,Incidente tra veicoli,1,0
2020,Brindisi,Brindisi,Nell'Abitato,Strada Urbana,Rettilineo,Incidente tra veicoli,2,0
2020,Brindisi,Brindisi,Nell'Abitato,Strada Urbana,Rettilineo,Incidente tra veicoli,1,0
2020,Brindisi,Brindisi,Nell'Abitato,Strada Urbana,Rettilineo,Incidente tra veicoli,1,0
2020,Brindisi,Brindisi,Nell'Abitato,Strada Urbana,Incrocio,Incidente tra veicoli,3,0
2020,Brindisi,Brindisi,Nell'Abitato,Strada Urbana,Incrocio,Incidente tra veicoli,2,0
2020,Brindisi,Brindisi,Nell'Abitato,Strada Urbana,Rettilineo,Incidente tra veicoli,1,0
2020,Brindisi,Brindisi,Nell'Abitato,Strada Urbana,Incrocio,Incidente tra veicoli,2,0
2020,Brindisi,Brindisi,Nell'Abitato,Strada Urbana,Incrocio,Investimento di pedone,1,0
2020,Brindisi,Fasano,Fuori Abitato,Strada Provinciale,Rettilineo,Incidente tra veicoli,6,0
2020,Brindisi,Fasano,Nell'Abitato,Strada Urbana,Rettilineo,Incidente tra veicoli,2,0
2020,Brindisi,San Vito dei Normanni,Nell'Abitato,Strada Urbana,Incrocio,Incidente tra veicoli,1,0
2020,Brindisi,Brindisi,Nell'Abitato,Strada Urbana,Rettilineo,Incidente tra veicoli,1,0
2020,Brindisi,Brindisi,Nell'Abitato,Strada Urbana,Incrocio,Investimento di pedone,1,0
2020,Brindisi,Villa Castelli,Fuori Abitato,Strada Provinciale,Curva,Incidente a veicolo isolato,1,0
2020,Brindisi,Mesagne,Nell'Abitato,Strada Urbana,Rettilineo,Investimento di pedone,1,0
2020,Brindisi,Francavilla Fontana,Nell'Abitato,Strada Urbana,Rettilineo,Incidente a veicolo isolato,1,0
2020,Brindisi,Francavilla Fontana,Nell'Abitato,Strada Urbana,Rettilineo,Incidente tra veicoli,1,0
2020,Brindisi,Ostuni,Nell'Abitato,Strada Urbana,Rettilineo,Incidente tra veicoli,1,0
2020,Brindisi,Brindisi,Fuori Abitato,Strada Statale,Rettilineo,Investimento di pedone,0,1
2020,Brindisi,Fasano,Fuori Abitato,Strada Provinciale,Rettilineo,Incidente a veicolo isolato,2,0
2020,Brindisi,Brindisi,Nell'Abitato,Strada Provinciale,Rettilineo,Incidente a veicolo isolato,1,0
2020,Brindisi,Torre Santa Susanna,Nell'Abitato,Strada Urbana,Rettilineo,Investimento di pedone,1,0
2020,Brindisi,Oria,Fuori Abitato,Strada Provinciale,Curva,Incidente a veicolo isolato,2,0
2020,Brindisi,Brindisi,Nell'Abitato,Strada Urbana,Incrocio,Incidente tra veicoli,1,0
2020,Brindisi,Brindisi,Nell'Abitato,Strada Urbana,Incrocio,Incidente tra veicoli,1,0
2020,Brindisi,Fasano,Nell'Abitato,Strada Urbana,Incrocio,Incidente tra veicoli,2,0
2020,Brindisi,Brindisi,Nell'Abitato,Strada Urbana,Rettilineo,Investimento di pedone,1,0
2020,Brindisi,Mesagne,Fuori Abitato,Strada Provinciale,Rettilineo,Incidente a veicolo isolato,1,0
2020,Brindisi,Cellino San Marco,Fuori Abitato,Strada Provinciale,Rettilineo,Incidente a veicolo isolato,2,0
2020,Brindisi,Fasano,Nell'Abitato,Strada Urbana,Rettilineo,Incidente a veicolo isolato,2,0
2020,Brindisi,Fasano,Fuori Abitato,Strada Provinciale,Rettilineo,Incidente a veicolo isolato,1,0
2020,Brindisi,Fasano,Nell'Abitato,Strada Urbana,Incrocio,Investimento di pedone,1,0
2020,Brindisi,San Donaci,Nell'Abitato,Strada Urbana,Incrocio,Incidente tra veicoli,1,0
2020,Brindisi,Torchiarolo,Nell'Abitato,Strada Urbana,Incrocio,Incidente tra veicoli,1,0
2020,Brindisi,Oria,Fuori Abitato,Strada Provinciale,Rettilineo,Incidente tra veicoli,1,0
2020,Brindisi,Francavilla Fontana,Nell'Abitato,Strada Urbana,Incrocio,Incidente tra veicoli,1,0
2020,Brindisi,San Pietro Vernotico,Nell'Abitato,Strada Urbana,Incrocio,Incidente tra veicoli,1,0
2020,Brindisi,Ostuni,Fuori Abitato,Strada comunale extraurbana,Rettilineo,Incidente a veicolo isolato,1,0
2020,Brindisi,San Pietro Vernotico,Fuori Abitato,Strada Provinciale,Incrocio,Incidente a veicolo isolato,1,0
2020,Brindisi,San Michele Salentino,Nell'Abitato,Strada Urbana,Incrocio,Incidente tra veicoli,1,0
2020,Brindisi,Mesagne,Nell'Abitato,Strada Urbana,Incrocio,Incidente tra veicoli,1,0
2020,Brindisi,Ostuni,Fuori Abitato,Strada Provinciale,Rettilineo,Incidente a veicolo isolato,1,0
2020,Brindisi,Brindisi,Nell'Abitato,Strada Urbana,Incrocio,Incidente tra veicoli,1,0
2020,Brindisi,Brindisi,Nell'Abitato,Strada Urbana,Incrocio,Incidente tra veicoli,1,0
2020,Brindisi,Brindisi,Nell'Abitato,Strada Urbana,Rettilineo,Investimento di pedone,1,0
2020,Brindisi,Fasano,Fuori Abitato,Strada Provinciale,Rettilineo,Incidente a veicolo isolato,1,0
2020,Brindisi,Brindisi,Nell'Abitato,Strada Urbana,Incrocio,Investimento di pedone,1,0
2020,Brindisi,Brindisi,Nell'Abitato,Strada Urbana,Incrocio,Incidente a veicolo isolato,1,0
2020,Brindisi,Ceglie Messapica,Fuori Abitato,Strada Provinciale,Rettilineo,Incidente a veicolo isolato,1,0
2020,Brindisi,Ceglie Messapica,Fuori Abitato,Strada Provinciale,Rettilineo,Incidente a veicolo isolato,1,0
2020,Brindisi,Fasano,Nell'Abitato,Strada Urbana,Rettilineo,Incidente tra veicoli,2,0
2020,Brindisi,Brindisi,Nell'Abitato,Strada Urbana,Incrocio,Incidente tra veicoli,1,0
2020,Brindisi,Brindisi,Nell'Abitato,Strada Urbana,Curva,Incidente tra veicoli,1,0
2020,Brindisi,Brindisi,Nell'Abitato,Strada Urbana,Incrocio,Incidente tra veicoli,1,0
2020,Brindisi,Fasano,Nell'Abitato,Strada Urbana,Incrocio,Incidente tra veicoli,2,0
2020,Brindisi,Brindisi,Nell'Abitato,Strada Urbana,Incrocio,Incidente tra veicoli,1,0
2020,Brindisi,Brindisi,Nell'Abitato,Strada Urbana,Incrocio,Incidente tra veicoli,3,0
2020,Brindisi,Brindisi,Nell'Abitato,Strada Urbana,Incrocio,Incidente tra veicoli,1,0
2020,Brindisi,Fasano,Nell'Abitato,Strada Urbana,Incrocio,Incidente tra veicoli,1,0
2020,Brindisi,Fasano,Fuori Abitato,Strada Provinciale,Incrocio,Incidente tra veicoli,5,0
2020,Brindisi,Fasano,Fuori Abitato,Strada Provinciale,Curva,Incidente tra veicoli,2,0
2020,Brindisi,Brindisi,Nell'Abitato,Strada Urbana,Incrocio,Incidente tra veicoli,1,0
2020,Brindisi,Fasano,Nell'Abitato,Strada Urbana,Incrocio,Incidente tra veicoli,1,0
2020,Brindisi,Ostuni,Fuori Abitato,Strada Provinciale,Curva,Incidente tra veicoli,2,0
2020,Brindisi,Ceglie Messapica,Fuori Abitato,Strada Provinciale,Rettilineo,Incidente tra veicoli,1,0
2020,Brindisi,Ceglie Messapica,Nell'Abitato,Strada Urbana,Incrocio,Incidente tra veicoli,2,0
2020,Brindisi,San Vito dei Normanni,Nell'Abitato,Strada Urbana,Rettilineo,Incidente tra veicoli,1,0
2020,Brindisi,Brindisi,Nell'Abitato,Strada Urbana,Rettilineo,Incidente tra veicoli,1,0
2020,Brindisi,Fasano,Fuori Abitato,Strada Statale,Rettilineo,Incidente a veicolo isolato,1,0
2020,Brindisi,Francavilla Fontana,Nell'Abitato,Strada Urbana,Incrocio,Incidente tra veicoli,1,0
2020,Brindisi,San Vito dei Normanni,Nell'Abitato,Strada Provinciale,Rettilineo,Incidente a veicolo isolato,1,0
2020,Brindisi,Brindisi,Fuori Abitato,Strada Provinciale,Curva,Incidente a veicolo isolato,2,0
2020,Brindisi,Fasano,Fuori Abitato,Strada Provinciale,Curva,Incidente a veicolo isolato,1,0
2020,Brindisi,Cisternino,Fuori Abitato,Strada Provinciale,Rettilineo,Incidente a veicolo isolato,1,0
2020,Brindisi,Mesagne,Nell'Abitato,Strada Urbana,Rettilineo,Investimento di pedone,1,0
2020,Brindisi,Brindisi,Fuori Abitato,Strada Provinciale,Rettilineo,Investimento di pedone,0,1
2020,Brindisi,Francavilla Fontana,Nell'Abitato,Strada Urbana,Incrocio,Incidente tra veicoli,1,0
2020,Brindisi,Fasano,Fuori Abitato,Strada Statale,Rettilineo,Incidente tra veicoli,1,0
2020,Brindisi,Erchie,Nell'Abitato,Strada Urbana,Incrocio,Incidente tra veicoli,1,0
2020,Brindisi,San Vito dei Normanni,Fuori Abitato,Strada Provinciale,Curva,Incidente a veicolo isolato,1,0
2020,Brindisi,Mesagne,Fuori Abitato,Strada Provinciale,Rettilineo,Incidente a veicolo isolato,1,0
2020,Brindisi,Ostuni,Fuori Abitato,Strada comunale extraurbana,Rettilineo,Incidente tra veicoli,1,0
2020,Brindisi,Ostuni,Nell'Abitato,Strada Urbana,Rettilineo,Investimento di pedone,1,0
2020,Brindisi,Ostuni,Nell'Abitato,Strada Urbana,Incrocio,Incidente tra veicoli,1,0
2020,Brindisi,Mesagne,Nell'Abitato,Strada Urbana,Incrocio,Incidente tra veicoli,1,0
2020,Brindisi,Francavilla Fontana,Nell'Abitato,Strada Urbana,Incrocio,Incidente tra veicoli,2,0
2020,Brindisi,Ostuni,Nell'Abitato,Strada Urbana,Incrocio,Incidente tra veicoli,1,0
2020,Brindisi,San Pietro Vernotico,Fuori Abitato,Strada Provinciale,Incrocio,Incidente tra veicoli,2,0
2020,Brindisi,Ostuni,Fuori Abitato,Altra strada,Incrocio,Incidente tra veicoli,1,0
2020,Brindisi,Francavilla Fontana,Fuori Abitato,Strada Provinciale,Rettilineo,Incidente tra veicoli,1,0
2020,Brindisi,Erchie,Nell'Abitato,Strada Urbana,Incrocio,Incidente tra veicoli,1,0
2020,Brindisi,San Pancrazio Salentino,Nell'Abitato,Strada Urbana,Rettilineo,Investimento di pedone,1,0
2020,Brindisi,Francavilla Fontana,Fuori Abitato,Strada Provinciale,Curva,Incidente a veicolo isolato,1,0
2020,Brindisi,Ostuni,Nell'Abitato,Strada Urbana,Rettilineo,Investimento di pedone,1,0
2020,Brindisi,Francavilla Fontana,Nell'Abitato,Strada Urbana,Rettilineo,Incidente tra veicoli,2,0
2020,Brindisi,Brindisi,Nell'Abitato,Strada Urbana,Incrocio,Incidente tra veicoli,1,0
2020,Brindisi,Carovigno,Nell'Abitato,Strada Urbana,Incrocio,Incidente tra veicoli,1,0
2020,Brindisi,Carovigno,Fuori Abitato,Strada comunale extraurbana,Incrocio,Incidente tra veicoli,1,0
2020,Brindisi,Carovigno,Nell'Abitato,Strada Urbana,Rettilineo,Incidente tra veicoli,2,0
2020,Brindisi,Carovigno,Nell'Abitato,Strada Urbana,Rettilineo,Incidente a veicolo isolato,1,0
2020,Brindisi,Carovigno,Fuori Abitato,Strada Provinciale,Curva,Incidente a veicolo isolato,1,0
2020,Brindisi,Ostuni,Fuori Abitato,Strada Statale,Rettilineo,Incidente tra veicoli,3,0
2020,Brindisi,Brindisi,Nell'Abitato,Strada Urbana,Curva,Investimento di pedone,1,0
2020,Brindisi,Fasano,Nell'Abitato,Strada Urbana,Rettilineo,Incidente a veicolo isolato,1,0
2020,Brindisi,Fasano,Fuori Abitato,Strada Provinciale,Rettilineo,Incidente a veicolo isolato,1,0
2020,Brindisi,Brindisi,Fuori Abitato,Strada Provinciale,Rettilineo,Incidente a veicolo isolato,1,0
2020,Brindisi,Brindisi,Nell'Abitato,Strada Urbana,Incrocio,Investimento di pedone,1,0
2020,Brindisi,Brindisi,Fuori Abitato,Strada Provinciale,Rettilineo,Incidente a veicolo isolato,1,0
2020,Brindisi,Fasano,Nell'Abitato,Strada Urbana,Rettilineo,Investimento di pedone,1,0
2020,Brindisi,Brindisi,Nell'Abitato,Strada Urbana,Rettilineo,Investimento di pedone,1,0
2020,Brindisi,Oria,Nell'Abitato,Strada Urbana,Rettilineo,Investimento di pedone,1,0
2020,Brindisi,San Vito dei Normanni,Fuori Abitato,Altra strada,Rettilineo,Incidente a veicolo isolato,1,0
2020,Brindisi,Ostuni,Nell'Abitato,Strada Urbana,Rettilineo,Incidente a veicolo isolato,1,0
2020,Brindisi,Torre Santa Susanna,Fuori Abitato,Strada comunale extraurbana,Rettilineo,Incidente a veicolo isolato,0,1
2020,Brindisi,Ostuni,Fuori Abitato,Strada Provinciale,Rettilineo,Incidente a veicolo isolato,2,0
2020,Brindisi,Brindisi,Nell'Abitato,Strada Urbana,Incrocio,Incidente tra veicoli,1,0
2020,Brindisi,Brindisi,Nell'Abitato,Strada Urbana,Incrocio,Incidente tra veicoli,2,0
2020,Brindisi,Brindisi,Nell'Abitato,Strada Urbana,Rettilineo,Incidente tra veicoli,2,0
2020,Brindisi,Brindisi,Nell'Abitato,Strada Urbana,Incrocio,Incidente tra veicoli,2,0
2020,Brindisi,Brindisi,Nell'Abitato,Strada Urbana,Rettilineo,Incidente tra veicoli,2,0
2020,Brindisi,Brindisi,Nell'Abitato,Strada Urbana,Incrocio,Incidente tra veicoli,2,0
2020,Brindisi,Brindisi,Nell'Abitato,Strada Urbana,Incrocio,Incidente tra veicoli,2,0
2020,Brindisi,Brindisi,Nell'Abitato,Strada Urbana,Incrocio,Incidente tra veicoli,1,0
2020,Brindisi,Brindisi,Nell'Abitato,Strada Urbana,Rettilineo,Incidente tra veicoli,1,0
2020,Brindisi,Brindisi,Nell'Abitato,Strada Urbana,Rettilineo,Incidente tra veicoli,2,0
2020,Brindisi,Brindisi,Nell'Abitato,Strada Urbana,Incrocio,Incidente tra veicoli,1,0
2020,Brindisi,Brindisi,Nell'Abitato,Strada Urbana,Rettilineo,Incidente tra veicoli,1,0
2020,Brindisi,Brindisi,Nell'Abitato,Strada Urbana,Incrocio,Incidente tra veicoli,1,0
2020,Brindisi,Brindisi,Nell'Abitato,Strada Urbana,Incrocio,Incidente tra veicoli,2,0
2020,Brindisi,Fasano,Nell'Abitato,Strada Urbana,Incrocio,Incidente tra veicoli,1,0
2020,Brindisi,Brindisi,Nell'Abitato,Strada Urbana,Incrocio,Incidente tra veicoli,2,0
2020,Brindisi,Fasano,Fuori Abitato,Strada Statale,Rettilineo,Incidente tra veicoli,2,0
2020,Brindisi,Brindisi,Fuori Abitato,Strada comunale extraurbana,Incrocio,Incidente tra veicoli,4,0
2020,Brindisi,Fasano,Fuori Abitato,Strada Provinciale,Curva,Incidente tra veicoli,1,0
2020,Brindisi,Brindisi,Nell'Abitato,Strada Urbana,Rettilineo,Incidente a veicolo isolato,3,0
2020,Brindisi,Torre Santa Susanna,Nell'Abitato,Strada Urbana,Rettilineo,Incidente tra veicoli,1,0
2020,Brindisi,San Vito dei Normanni,Fuori Abitato,Strada Provinciale,Rettilineo,Incidente tra veicoli,2,0
2020,Brindisi,Oria,Nell'Abitato,Strada Urbana,Incrocio,Incidente tra veicoli,1,0
2020,Brindisi,Brindisi,Nell'Abitato,Strada Urbana,Rettilineo,Incidente tra veicoli,3,0
2020,Brindisi,Brindisi,Nell'Abitato,Strada Urbana,Rettilineo,Incidente tra veicoli,1,0
2020,Brindisi,Brindisi,Nell'Abitato,Strada Urbana,Rettilineo,Incidente tra veicoli,3,0
2020,Brindisi,Brindisi,Fuori Abitato,Strada Provinciale,Rettilineo,Incidente a veicolo isolato,4,0
2020,Brindisi,Brindisi,Fuori Abitato,Strada Provinciale,Rettilineo,Incidente tra veicoli,1,0
2020,Brindisi,Carovigno,Fuori Abitato,Strada Statale,Rettilineo,Incidente a veicolo isolato,2,0
2020,Brindisi,Fasano,Fuori Abitato,Strada Statale,Rettilineo,Incidente tra veicoli,3,0
2020,Brindisi,San Donaci,Fuori Abitato,Strada Provinciale,Rettilineo,Incidente tra veicoli,1,0
2020,Brindisi,Latiano,Fuori Abitato,Strada Statale,Rettilineo,Incidente tra veicoli,1,0
2020,Brindisi,Fasano,Fuori Abitato,Strada Statale,Rettilineo,Incidente tra veicoli,1,0
2020,Brindisi,Ceglie Messapica,Nell'Abitato,Strada Urbana,Incrocio,Incidente tra veicoli,3,0
2020,Brindisi,Carovigno,Fuori Abitato,Strada Provinciale,Rettilineo,Incidente tra veicoli,5,0
2020,Brindisi,Carovigno,Nell'Abitato,Strada Urbana,Incrocio,Incidente tra veicoli,1,0
2020,Brindisi,Ostuni,Nell'Abitato,Strada Urbana,Curva,Incidente tra veicoli,1,0
2020,Brindisi,Mesagne,Nell'Abitato,Strada Urbana,Incrocio,Incidente tra veicoli,1,0
2020,Brindisi,Francavilla Fontana,Nell'Abitato,Strada Urbana,Rettilineo,Incidente tra veicoli,1,0
2020,Brindisi,Latiano,Nell'Abitato,Strada Urbana,Incrocio,Incidente tra veicoli,2,0
2020,Brindisi,Cellino San Marco,Nell'Abitato,Strada Urbana,Incrocio,Incidente tra veicoli,1,0
2020,Brindisi,Mesagne,Fuori Abitato,Strada comunale extraurbana,Incrocio,Incidente tra veicoli,1,1
2020,Brindisi,Erchie,Nell'Abitato,Strada Urbana,Rettilineo,Incidente a veicolo isolato,1,0
2020,Brindisi,Ostuni,Fuori Abitato,Strada Provinciale,Rotatoria,Incidente tra veicoli,2,0
2020,Brindisi,Torre Santa Susanna,Nell'Abitato,Strada Urbana,Incrocio,Incidente tra veicoli,2,0
2020,Brindisi,Mesagne,Nell'Abitato,Strada Urbana,Rettilineo,Investimento di pedone,1,0
2020,Brindisi,San Pietro Vernotico,Nell'Abitato,Strada Urbana,Rettilineo,Incidente tra veicoli,1,0
2020,Brindisi,Ostuni,Nell'Abitato,Strada Urbana,Incrocio,Incidente tra veicoli,1,0
2020,Brindisi,San Pietro Vernotico,Fuori Abitato,Strada Provinciale,Incrocio,Incidente tra veicoli,2,0
2020,Brindisi,Ostuni,Nell'Abitato,Strada Urbana,Incrocio,Incidente tra veicoli,2,0
2020,Brindisi,Latiano,Nell'Abitato,Strada Urbana,Rettilineo,Incidente a veicolo isolato,1,0
2020,Brindisi,Francavilla Fontana,Nell'Abitato,Strada Urbana,Incrocio,Incidente tra veicoli,5,0
2020,Brindisi,Brindisi,Nell'Abitato,Strada Urbana,Rettilineo,Incidente tra veicoli,1,0
2020,Brindisi,Carovigno,Nell'Abitato,Strada Urbana,Incrocio,Incidente tra veicoli,1,0
2020,Brindisi,Carovigno,Nell'Abitato,Strada Urbana,Rettilineo,Incidente tra veicoli,2,0
2020,Brindisi,Fasano,Nell'Abitato,Strada Urbana,Rettilineo,Incidente tra veicoli,1,0
2020,Brindisi,Fasano,Nell'Abitato,Strada Urbana,Rettilineo,Investimento di pedone,1,0
2020,Brindisi,Torchiarolo,Nell'Abitato,Strada Provinciale,Rettilineo,Incidente a veicolo isolato,1,0
2020,Brindisi,Ostuni,Fuori Abitato,Strada Provinciale,Curva,Incidente tra veicoli,2,0
2020,Brindisi,Mesagne,Fuori Abitato,Strada Statale,Rettilineo,Incidente a veicolo isolato,1,0
2020,Brindisi,Brindisi,Nell'Abitato,Strada Urbana,Rettilineo,Incidente tra veicoli,1,0
2020,Brindisi,Brindisi,Nell'Abitato,Strada Urbana,Incrocio,Investimento di pedone,1,0
2020,Brindisi,Brindisi,Nell'Abitato,Strada Urbana,Incrocio,Investimento di pedone,1,0
2020,Brindisi,Fasano,Nell'Abitato,Strada Urbana,Rettilineo,Incidente a veicolo isolato,1,0
2020,Brindisi,Brindisi,Nell'Abitato,Strada Urbana,Incrocio,Incidente a veicolo isolato,1,0
2020,Brindisi,Brindisi,Nell'Abitato,Strada Urbana,Rettilineo,Incidente a veicolo isolato,1,0
2020,Brindisi,Brindisi,Fuori Abitato,Strada Statale,Rettilineo,Incidente a veicolo isolato,1,0
2020,Brindisi,Fasano,Nell'Abitato,Strada Provinciale,Rettilineo,Incidente tra veicoli,2,0
2020,Brindisi,Brindisi,Nell'Abitato,Strada Urbana,Rettilineo,Investimento di pedone,1,0
2020,Brindisi,Fasano,Fuori Abitato,Strada Statale,Incrocio,Incidente a veicolo isolato,2,0
2020,Brindisi,Brindisi,Fuori Abitato,Strada Provinciale,Curva,Incidente a veicolo isolato,1,0
2020,Brindisi,Brindisi,Fuori Abitato,Strada comunale extraurbana,Incrocio,Investimento di pedone,1,0
2020,Brindisi,Fasano,Nell'Abitato,Strada Urbana,Curva,Incidente a veicolo isolato,1,0
2020,Brindisi,Brindisi,Nell'Abitato,Strada Urbana,Incrocio,Incidente tra veicoli,2,0
2020,Brindisi,Brindisi,Nell'Abitato,Strada Urbana,Incrocio,Incidente tra veicoli,1,0
2020,Brindisi,Brindisi,Nell'Abitato,Strada Urbana,Incrocio,Incidente tra veicoli,1,0
2020,Brindisi,Brindisi,Nell'Abitato,Strada Urbana,Rettilineo,Incidente tra veicoli,2,0
2020,Brindisi,Brindisi,Nell'Abitato,Strada Urbana,Incrocio,Incidente tra veicoli,2,0
2020,Brindisi,Brindisi,Fuori Abitato,Strada Provinciale,Incrocio,Incidente tra veicoli,2,0
2020,Brindisi,Brindisi,Nell'Abitato,Strada Urbana,Rettilineo,Incidente a veicolo isolato,1,0
2020,Brindisi,Brindisi,Nell'Abitato,Strada Urbana,Incrocio,Incidente tra veicoli,2,0
2020,Brindisi,Brindisi,Nell'Abitato,Strada Urbana,Incrocio,Incidente tra veicoli,1,0
2020,Brindisi,Brindisi,Nell'Abitato,Strada Urbana,Incrocio,Incidente tra veicoli,1,0
2020,Brindisi,Brindisi,Nell'Abitato,Strada Urbana,Incrocio,Incidente tra veicoli,1,0
2020,Brindisi,Brindisi,Nell'Abitato,Strada Urbana,Incrocio,Incidente tra veicoli,3,0
2020,Brindisi,Brindisi,Nell'Abitato,Strada Urbana,Incrocio,Incidente tra veicoli,3,0
2020,Brindisi,Brindisi,Nell'Abitato,Strada Urbana,Rettilineo,Incidente tra veicoli,1,0
2020,Brindisi,Fasano,Fuori Abitato,Strada Provinciale,Rettilineo,Incidente tra veicoli,1,0
2020,Brindisi,Brindisi,Fuori Abitato,Strada Provinciale,Rettilineo,Incidente tra veicoli,2,0
2020,Brindisi,Brindisi,Nell'Abitato,Strada Urbana,Incrocio,Incidente tra veicoli,1,0
2020,Brindisi,Brindisi,Nell'Abitato,Strada Urbana,Rettilineo,Incidente tra veicoli,2,0
2020,Brindisi,Brindisi,Nell'Abitato,Strada Urbana,Incrocio,Incidente tra veicoli,1,0
2020,Brindisi,Brindisi,Fuori Abitato,Strada Provinciale,Curva,Incidente tra veicoli,1,0
2020,Brindisi,Fasano,Nell'Abitato,Strada Urbana,Incrocio,Incidente tra veicoli,3,0
2020,Brindisi,Brindisi,Nell'Abitato,Strada Urbana,Rettilineo,Incidente a veicolo isolato,2,0
2020,Brindisi,Brindisi,Fuori Abitato,Strada Provinciale,Curva,Incidente tra veicoli,2,0
2020,Brindisi,Brindisi,Nell'Abitato,Strada Urbana,Incrocio,Incidente tra veicoli,2,0
2020,Brindisi,Brindisi,Fuori Abitato,Strada Statale,Rettilineo,Incidente tra veicoli,1,0
2020,Brindisi,Brindisi,Nell'Abitato,Strada Urbana,Incrocio,Incidente tra veicoli,1,0
2020,Brindisi,Brindisi,Nell'Abitato,Strada Urbana,Incrocio,Incidente tra veicoli,1,0
2020,Brindisi,Brindisi,Nell'Abitato,Strada Urbana,Incrocio,Incidente tra veicoli,1,0
2020,Brindisi,Torre Santa Susanna,Nell'Abitato,Strada Urbana,Incrocio,Incidente tra veicoli,2,0
2020,Brindisi,Ceglie Messapica,Nell'Abitato,Strada Urbana,Incrocio,Incidente tra veicoli,1,0
2020,Brindisi,San Vito dei Normanni,Nell'Abitato,Strada Urbana,Incrocio,Incidente tra veicoli,1,0
2020,Brindisi,Ostuni,Fuori Abitato,Strada Provinciale,Rotatoria,Incidente tra veicoli,1,0
2020,Brindisi,Ceglie Messapica,Nell'Abitato,Strada Urbana,Incrocio,Incidente tra veicoli,3,0
2020,Brindisi,Brindisi,Nell'Abitato,Strada Urbana,Rettilineo,Incidente tra veicoli,1,0
2020,Brindisi,Brindisi,Nell'Abitato,Strada Urbana,Rettilineo,Incidente tra veicoli,2,0
2020,Brindisi,Brindisi,Nell'Abitato,Strada Urbana,Rettilineo,Incidente tra veicoli,1,0
2020,Brindisi,Brindisi,Nell'Abitato,Strada Urbana,Rettilineo,Incidente tra veicoli,1,0
2020,Brindisi,Ceglie Messapica,Nell'Abitato,Strada Urbana,Incrocio,Incidente tra veicoli,3,0
2020,Brindisi,Brindisi,Nell'Abitato,Strada Urbana,Rettilineo,Investimento di pedone,1,0
2020,Brindisi,Fasano,Fuori Abitato,Strada Statale,Rettilineo,Incidente tra veicoli,1,0
2020,Brindisi,Fasano,Nell'Abitato,Strada Statale,Rettilineo,Incidente a veicolo isolato,1,0
2020,Brindisi,Torchiarolo,Fuori Abitato,Strada Statale,Rettilineo,Incidente tra veicoli,1,0
2020,Brindisi,Ostuni,Fuori Abitato,Strada Statale,Rettilineo,Incidente tra veicoli,1,0
2020,Brindisi,Carovigno,Fuori Abitato,Strada Statale,Rettilineo,Incidente tra veicoli,7,0
2020,Brindisi,Carovigno,Fuori Abitato,Strada Statale,Rettilineo,Incidente tra veicoli,1,0
2020,Brindisi,Mesagne,Fuori Abitato,Strada Statale,Rettilineo,Incidente tra veicoli,2,0
2020,Brindisi,Brindisi,Fuori Abitato,Strada Statale,Rettilineo,Incidente tra veicoli,3,0
2020,Brindisi,Fasano,Fuori Abitato,Strada Statale,Rettilineo,Incidente tra veicoli,3,0
2020,Brindisi,Brindisi,Nell'Abitato,Strada Urbana,Incrocio,Incidente tra veicoli,1,0
2020,Brindisi,San Pietro Vernotico,Fuori Abitato,Strada Statale,Curva,Incidente tra veicoli,3,0
2020,Brindisi,Fasano,Fuori Abitato,Strada Statale,Rettilineo,Incidente tra veicoli,1,0
2020,Brindisi,San Vito dei Normanni,Fuori Abitato,Strada Provinciale,Rettilineo,Incidente tra veicoli,3,0
2020,Brindisi,San Vito dei Normanni,Fuori Abitato,Strada Provinciale,Rettilineo,Incidente tra veicoli,1,0
2020,Brindisi,Fasano,Nell'Abitato,Strada Urbana,Incrocio,Incidente tra veicoli,1,0
2020,Brindisi,Fasano,Fuori Abitato,Altra strada,Curva,Incidente tra veicoli,1,0
2020,Brindisi,Fasano,Nell'Abitato,Strada Urbana,Rettilineo,Incidente tra veicoli,1,0
2020,Brindisi,Torre Santa Susanna,Nell'Abitato,Strada Provinciale,Rettilineo,Incidente tra veicoli,1,0
2020,Brindisi,Cisternino,Fuori Abitato,Strada Provinciale,Rettilineo,Incidente tra veicoli,2,0
2020,Brindisi,Fasano,Fuori Abitato,Strada Provinciale,Rettilineo,Incidente tra veicoli,3,0
2020,Brindisi,Francavilla Fontana,Fuori Abitato,Strada Provinciale,Incrocio,Incidente tra veicoli,1,0
2020,Brindisi,Fasano,Fuori Abitato,Strada comunale extraurbana,Rettilineo,Incidente tra veicoli,2,0
2020,Brindisi,Erchie,Fuori Abitato,Strada Provinciale,Rettilineo,Incidente tra veicoli,3,1
2020,Brindisi,Fasano,Fuori Abitato,Strada Provinciale,Incrocio,Incidente tra veicoli,2,0
2020,Brindisi,Francavilla Fontana,Fuori Abitato,Strada Provinciale,Incrocio,Incidente tra veicoli,3,0
2020,Brindisi,San Michele Salentino,Fuori Abitato,Strada Provinciale,Curva,Incidente tra veicoli,1,0
2020,Brindisi,Francavilla Fontana,Nell'Abitato,Strada Urbana,Incrocio,Incidente tra veicoli,3,0
2020,Brindisi,Ostuni,Fuori Abitato,Strada Statale,Rettilineo,Incidente tra veicoli,1,0
2020,Brindisi,Mesagne,Nell'Abitato,Strada Urbana,Incrocio,Incidente tra veicoli,3,0
2020,Brindisi,Francavilla Fontana,Nell'Abitato,Strada Urbana,Rettilineo,Investimento di pedone,1,0
2020,Brindisi,Mesagne,Nell'Abitato,Strada Urbana,Incrocio,Incidente tra veicoli,2,0
2020,Brindisi,Francavilla Fontana,Nell'Abitato,Strada Urbana,Incrocio,Incidente tra veicoli,1,0
2020,Brindisi,Francavilla Fontana,Fuori Abitato,Strada Statale,Rettilineo,Incidente tra veicoli,3,0
2020,Brindisi,Erchie,Fuori Abitato,Strada Provinciale,Rettilineo,Incidente tra veicoli,2,0
2020,Brindisi,Mesagne,Nell'Abitato,Strada Provinciale,Rettilineo,Incidente tra veicoli,6,0
2020,Brindisi,Mesagne,Fuori Abitato,Strada Provinciale,Rettilineo,Incidente tra veicoli,1,1
2020,Brindisi,Mesagne,Nell'Abitato,Strada Urbana,Rettilineo,Incidente tra veicoli,2,0
2020,Brindisi,Cisternino,Fuori Abitato,Strada Provinciale,Incrocio,Incidente tra veicoli,2,0
2020,Brindisi,Latiano,Nell'Abitato,Strada Urbana,Rettilineo,Incidente a veicolo isolato,1,0
2020,Brindisi,San Pietro Vernotico,Fuori Abitato,Strada Provinciale,Incrocio,Incidente tra veicoli,1,0
2020,Brindisi,San Pancrazio Salentino,Nell'Abitato,Strada Urbana,Incrocio,Incidente tra veicoli,3,0
2020,Brindisi,Mesagne,Fuori Abitato,Strada Provinciale,Incrocio,Incidente tra veicoli,7,0
2020,Brindisi,Francavilla Fontana,Fuori Abitato,Strada Provinciale,Incrocio,Incidente tra veicoli,1,0
2020,Brindisi,Francavilla Fontana,Fuori Abitato,Altra strada,Incrocio,Incidente tra veicoli,3,0
2020,Brindisi,San Pietro Vernotico,Nell'Abitato,Strada Urbana,Rettilineo,Incidente tra veicoli,1,0
2020,Brindisi,San Pietro Vernotico,Nell'Abitato,Strada Urbana,Incrocio,Incidente tra veicoli,1,0
2020,Brindisi,Mesagne,Nell'Abitato,Strada Urbana,Incrocio,Incidente tra veicoli,2,0
2020,Brindisi,Cellino San Marco,Nell'Abitato,Strada Urbana,Incrocio,Incidente tra veicoli,2,0
2020,Brindisi,San Pietro Vernotico,Nell'Abitato,Strada Urbana,Rotatoria,Investimento di pedone,1,0
2020,Brindisi,Ostuni,Fuori Abitato,Strada comunale extraurbana,Incrocio,Incidente tra veicoli,1,0
2020,Brindisi,Francavilla Fontana,Fuori Abitato,Strada Provinciale,Incrocio,Incidente tra veicoli,4,0
2020,Brindisi,Carovigno,Nell'Abitato,Strada Urbana,Rettilineo,Incidente tra veicoli,7,0
2020,Brindisi,Carovigno,Nell'Abitato,Strada Urbana,Incrocio,Incidente tra veicoli,1,0
2020,Brindisi,Carovigno,Nell'Abitato,Strada Urbana,Rettilineo,Incidente tra veicoli,1,0
2020,Brindisi,Carovigno,Nell'Abitato,Strada Urbana,Incrocio,Incidente tra veicoli,2,0
2020,Brindisi,Fasano,Fuori Abitato,Strada Statale,Incrocio,Incidente tra veicoli,3,0
2020,Brindisi,Ostuni,Fuori Abitato,Strada Provinciale,Curva,Incidente a veicolo isolato,1,0
2020,Brindisi,Brindisi,Fuori Abitato,Strada Provinciale,Curva,Incidente a veicolo isolato,1,0
2020,Brindisi,Brindisi,Nell'Abitato,Strada Urbana,Rettilineo,Investimento di pedone,1,0
2020,Brindisi,Brindisi,Nell'Abitato,Strada Urbana,Rettilineo,Incidente a veicolo isolato,1,0
2020,Brindisi,Brindisi,Nell'Abitato,Strada Statale,Rettilineo,Incidente a veicolo isolato,2,0
2020,Brindisi,Brindisi,Nell'Abitato,Strada Urbana,Incrocio,Incidente tra veicoli,2,0
2020,Brindisi,Brindisi,Fuori Abitato,Strada Statale,Rettilineo,Incidente a veicolo isolato,1,0
2020,Brindisi,Fasano,Fuori Abitato,Strada comunale extraurbana,Curva,Incidente tra veicoli,2,0
2020,Brindisi,Brindisi,Nell'Abitato,Strada Urbana,Rettilineo,Investimento di pedone,1,0
2020,Brindisi,Fasano,Fuori Abitato,Strada Statale,Incrocio,Incidente tra veicoli,1,0
2020,Brindisi,Brindisi,Fuori Abitato,Strada Provinciale,Rotatoria,Incidente a veicolo isolato,1,0
2020,Brindisi,Fasano,Fuori Abitato,Strada Statale,Rettilineo,Incidente tra veicoli,2,0
2020,Brindisi,Torre Santa Susanna,Nell'Abitato,Strada Urbana,Rettilineo,Incidente a veicolo isolato,1,0
2020,Brindisi,Cisternino,Nell'Abitato,Strada Urbana,Rettilineo,Investimento di pedone,1,0
2020,Brindisi,Torre Santa Susanna,Nell'Abitato,Strada Urbana,Rettilineo,Incidente tra veicoli,1,0
2020,Brindisi,Ostuni,Fuori Abitato,Strada Provinciale,Rettilineo,Incidente a veicolo isolato,1,0
2020,Brindisi,Ceglie Messapica,Fuori Abitato,Altra strada,Curva,Incidente a veicolo isolato,1,0
2020,Brindisi,Ostuni,Fuori Abitato,Strada Provinciale,Rettilineo,Incidente tra veicoli,6,0
2020,Brindisi,Torre Santa Susanna,Nell'Abitato,Strada Urbana,Incrocio,Incidente a veicolo isolato,2,0
2020,Brindisi,Ceglie Messapica,Fuori Abitato,Strada Provinciale,Curva,Incidente a veicolo isolato,1,0
2020,Brindisi,Ceglie Messapica,Nell'Abitato,Strada Urbana,Rettilineo,Incidente a veicolo isolato,1,0
2020,Brindisi,Brindisi,Nell'Abitato,Strada Urbana,Incrocio,Incidente tra veicoli,1,0
2020,Brindisi,Brindisi,Nell'Abitato,Strada Urbana,Incrocio,Incidente tra veicoli,1,0
2020,Brindisi,Brindisi,Nell'Abitato,Strada Urbana,Rettilineo,Incidente tra veicoli,1,0
2020,Brindisi,Fasano,Nell'Abitato,Strada Urbana,Rettilineo,Incidente tra veicoli,1,0
2020,Brindisi,Torchiarolo,Nell'Abitato,Strada Urbana,Incrocio,Incidente tra veicoli,1,0
2020,Brindisi,Brindisi,Nell'Abitato,Strada Urbana,Rettilineo,Incidente tra veicoli,1,0
2020,Brindisi,Torchiarolo,Nell'Abitato,Strada Urbana,Incrocio,Incidente tra veicoli,1,0
2020,Brindisi,Brindisi,Nell'Abitato,Strada Urbana,Incrocio,Incidente tra veicoli,1,0
2020,Brindisi,Brindisi,Fuori Abitato,Strada Provinciale,Incrocio,Incidente tra veicoli,2,0
2020,Brindisi,Brindisi,Nell'Abitato,Strada Urbana,Incrocio,Incidente tra veicoli,2,0
2020,Brindisi,Fasano,Nell'Abitato,Strada Urbana,Rettilineo,Incidente tra veicoli,1,0
2020,Brindisi,Brindisi,Nell'Abitato,Strada Urbana,Rettilineo,Incidente tra veicoli,1,0
2020,Brindisi,Brindisi,Nell'Abitato,Strada Urbana,Incrocio,Incidente tra veicoli,1,0
2020,Brindisi,Brindisi,Fuori Abitato,Strada Provinciale,Rettilineo,Incidente tra veicoli,1,0
2020,Brindisi,Brindisi,Nell'Abitato,Strada Urbana,Incrocio,Incidente tra veicoli,3,0
2020,Brindisi,Brindisi,Fuori Abitato,Strada Provinciale,Rotatoria,Incidente tra veicoli,2,0
2020,Brindisi,Fasano,Fuori Abitato,Strada Provinciale,Incrocio,Incidente tra veicoli,3,0
2020,Brindisi,Fasano,Fuori Abitato,Strada comunale extraurbana,Rettilineo,Incidente tra veicoli,1,0
2020,Brindisi,Brindisi,Nell'Abitato,Strada Urbana,Rettilineo,Incidente tra veicoli,1,0
2020,Brindisi,San Vito dei Normanni,Fuori Abitato,Strada Provinciale,Rettilineo,Incidente tra veicoli,1,0
2020,Brindisi,Ceglie Messapica,Nell'Abitato,Strada Urbana,Incrocio,Incidente tra veicoli,1,0
2020,Brindisi,Ceglie Messapica,Nell'Abitato,Strada Urbana,Incrocio,Incidente tra veicoli,1,0
2020,Brindisi,Fasano,Fuori Abitato,Strada Provinciale,Rettilineo,Incidente tra veicoli,4,0
2020,Brindisi,Brindisi,Nell'Abitato,Strada Urbana,Rettilineo,Incidente tra veicoli,1,0
2020,Brindisi,Ostuni,Fuori Abitato,Strada Provinciale,Incrocio,Incidente tra veicoli,2,0
2020,Brindisi,Mesagne,Nell'Abitato,Strada Urbana,Rettilineo,Incidente tra veicoli,2,0
2020,Brindisi,Brindisi,Fuori Abitato,Strada Statale,Rettilineo,Incidente tra veicoli,1,0
2020,Brindisi,Brindisi,Fuori Abitato,Strada Statale,Rettilineo,Incidente tra veicoli,1,0
2020,Brindisi,San Vito dei Normanni,Fuori Abitato,Strada Provinciale,Curva,Incidente tra veicoli,3,0
2020,Brindisi,Oria,Fuori Abitato,Strada Provinciale,Rettilineo,Incidente a veicolo isolato,1,0
2020,Brindisi,Fasano,Fuori Abitato,Strada Statale,Incrocio,Incidente tra veicoli,2,0
2020,Brindisi,San Vito dei Normanni,Nell'Abitato,Strada Urbana,Incrocio,Incidente tra veicoli,1,0
2020,Brindisi,Torre Santa Susanna,Fuori Abitato,Strada Provinciale,Rettilineo,Incidente tra veicoli,1,0
2020,Brindisi,Brindisi,Nell'Abitato,Strada Urbana,Rotatoria,Incidente tra veicoli,1,0
2020,Brindisi,Brindisi,Fuori Abitato,Strada Provinciale,Incrocio,Incidente tra veicoli,1,0
2020,Brindisi,Oria,Nell'Abitato,Strada Urbana,Rettilineo,Incidente tra veicoli,1,0
2020,Brindisi,Fasano,Nell'Abitato,Strada Urbana,Rettilineo,Incidente tra veicoli,4,0
2020,Brindisi,Francavilla Fontana,Nell'Abitato,Strada Urbana,Incrocio,Incidente tra veicoli,1,0
2020,Brindisi,Ostuni,Nell'Abitato,Strada Urbana,Incrocio,Incidente tra veicoli,1,0
2020,Brindisi,Cisternino,Fuori Abitato,Strada Provinciale,Rettilineo,Incidente tra veicoli,2,0
2020,Brindisi,Mesagne,Nell'Abitato,Strada Urbana,Incrocio,Incidente tra veicoli,1,0
2020,Brindisi,Latiano,Nell'Abitato,Strada Urbana,Rettilineo,Investimento di pedone,1,0
2020,Brindisi,San Pancrazio Salentino,Nell'Abitato,Strada Urbana,Incrocio,Incidente tra veicoli,1,0
2020,Brindisi,San Pancrazio Salentino,Nell'Abitato,Strada Urbana,Incrocio,Incidente tra veicoli,1,0
2020,Brindisi,Ostuni,Fuori Abitato,Strada comunale extraurbana,Incrocio,Incidente tra veicoli,1,0
2020,Brindisi,San Pietro Vernotico,Nell'Abitato,Strada Urbana,Incrocio,Incidente tra veicoli,1,0
2020,Brindisi,Mesagne,Nell'Abitato,Strada Urbana,Rettilineo,Incidente tra veicoli,1,0
2020,Brindisi,Ostuni,Nell'Abitato,Strada Urbana,Rotatoria,Investimento di pedone,1,0
2020,Brindisi,Latiano,Nell'Abitato,Strada Urbana,Incrocio,Investimento di pedone,1,0
2020,Brindisi,Mesagne,Nell'Abitato,Strada Urbana,Incrocio,Incidente tra veicoli,3,0
2020,Brindisi,Ostuni,Nell'Abitato,Strada Urbana,Rettilineo,Investimento di pedone,1,0
2020,Brindisi,San Donaci,Nell'Abitato,Strada Urbana,Incrocio,Incidente tra veicoli,1,0
2020,Brindisi,San Pancrazio Salentino,Fuori Abitato,Strada comunale extraurbana,Incrocio,Incidente tra veicoli,2,0
2020,Brindisi,Ostuni,Fuori Abitato,Strada Provinciale,Incrocio,Incidente tra veicoli,2,0
2020,Brindisi,Cellino San Marco,Nell'Abitato,Strada Urbana,Incrocio,Incidente tra veicoli,2,0
2020,Brindisi,Cellino San Marco,Nell'Abitato,Strada Urbana,Incrocio,Incidente tra veicoli,1,0
2020,Brindisi,Ostuni,Nell'Abitato,Strada Urbana,Incrocio,Incidente tra veicoli,1,0
2020,Brindisi,Francavilla Fontana,Fuori Abitato,Strada Provinciale,Rettilineo,Incidente tra veicoli,1,0
2020,Brindisi,Mesagne,Nell'Abitato,Strada Urbana,Incrocio,Incidente tra veicoli,2,0
2020,Brindisi,Carovigno,Nell'Abitato,Strada Urbana,Incrocio,Incidente a veicolo isolato,1,0
2020,Brindisi,Carovigno,Nell'Abitato,Strada Urbana,Rettilineo,Incidente tra veicoli,1,0
2020,Brindisi,Carovigno,Nell'Abitato,Strada Urbana,Incrocio,Incidente tra veicoli,1,0
2020,Brindisi,Carovigno,Fuori Abitato,Strada Provinciale,Incrocio,Incidente tra veicoli,4,0
2020,Brindisi,Fasano,Nell'Abitato,Strada Urbana,Incrocio,Incidente tra veicoli,1,0
2020,Brindisi,Brindisi,Fuori Abitato,Strada comunale extraurbana,Rettilineo,Incidente a veicolo isolato,1,0
2020,Brindisi,Fasano,Fuori Abitato,Strada comunale extraurbana,Curva,Incidente a veicolo isolato,2,0
2020,Brindisi,Brindisi,Fuori Abitato,Strada Provinciale,Rettilineo,Incidente a veicolo isolato,2,0
2020,Brindisi,Brindisi,Nell'Abitato,Strada Urbana,Rettilineo,Incidente tra veicoli,1,0
2020,Brindisi,Fasano,Nell'Abitato,Strada Urbana,Incrocio,Incidente a veicolo isolato,2,0
2020,Brindisi,Brindisi,Nell'Abitato,Strada Urbana,Incrocio,Investimento di pedone,1,0
2020,Brindisi,Ostuni,Fuori Abitato,Strada Provinciale,Rettilineo,Incidente tra veicoli,1,0
2020,Brindisi,Ceglie Messapica,Fuori Abitato,Strada Provinciale,Curva,Incidente a veicolo isolato,1,0
2020,Brindisi,Brindisi,Nell'Abitato,Strada Urbana,Rettilineo,Incidente tra veicoli,2,0
2020,Brindisi,Brindisi,Nell'Abitato,Strada Urbana,Rettilineo,Incidente tra veicoli,2,0
2020,Brindisi,Brindisi,Nell'Abitato,Strada Urbana,Rettilineo,Incidente tra veicoli,2,0
2020,Brindisi,Fasano,Nell'Abitato,Strada Urbana,Incrocio,Incidente tra veicoli,2,0
2020,Brindisi,Brindisi,Nell'Abitato,Strada Urbana,Rettilineo,Incidente tra veicoli,3,0
2020,Brindisi,Brindisi,Nell'Abitato,Strada Urbana,Incrocio,Incidente tra veicoli,2,0
2020,Brindisi,Brindisi,Nell'Abitato,Strada Urbana,Incrocio,Incidente tra veicoli,2,0
2020,Brindisi,Brindisi,Nell'Abitato,Strada Urbana,Incrocio,Incidente tra veicoli,1,0
2020,Brindisi,Fasano,Fuori Abitato,Strada comunale extraurbana,Curva,Incidente tra veicoli,1,0
2020,Brindisi,Fasano,Fuori Abitato,Strada comunale extraurbana,Rettilineo,Incidente tra veicoli,2,0
2020,Brindisi,Brindisi,Nell'Abitato,Strada Urbana,Incrocio,Incidente tra veicoli,1,0
2020,Brindisi,Fasano,Fuori Abitato,Strada comunale extraurbana,Rettilineo,Incidente tra veicoli,1,0
2020,Brindisi,San Vito dei Normanni,Nell'Abitato,Strada Urbana,Rettilineo,Incidente tra veicoli,1,0
2020,Brindisi,San Vito dei Normanni,Nell'Abitato,Strada Urbana,Incrocio,Incidente tra veicoli,1,0
2020,Brindisi,Fasano,Nell'Abitato,Strada Urbana,Incrocio,Incidente tra veicoli,2,0
2020,Brindisi,Brindisi,Nell'Abitato,Strada Urbana,Rettilineo,Incidente tra veicoli,2,0
2020,Brindisi,Brindisi,Nell'Abitato,Strada Urbana,Incrocio,Incidente tra veicoli,1,0
2020,Brindisi,Brindisi,Nell'Abitato,Strada Urbana,Incrocio,Incidente tra veicoli,3,0
2020,Brindisi,Brindisi,Nell'Abitato,Strada Urbana,Incrocio,Incidente tra veicoli,1,0
2020,Brindisi,Brindisi,Nell'Abitato,Strada Urbana,Incrocio,Incidente tra veicoli,3,0
2020,Brindisi,Brindisi,Nell'Abitato,Strada Urbana,Rettilineo,Incidente a veicolo isolato,2,0
2020,Brindisi,Brindisi,Fuori Abitato,Strada Statale,Curva,Incidente a veicolo isolato,1,1
2020,Brindisi,Ostuni,Fuori Abitato,Strada Statale,Rettilineo,Incidente tra veicoli,2,1
2020,Brindisi,Brindisi,Fuori Abitato,Strada Statale,Curva,Incidente tra veicoli,3,0
2020,Brindisi,Cisternino,Fuori Abitato,Strada Provinciale,Curva,Incidente a veicolo isolato,0,1
2020,Brindisi,Fasano,Nell'Abitato,Strada Urbana,Rettilineo,Investimento di pedone,2,0
2020,Brindisi,Fasano,Fuori Abitato,Strada Provinciale,Rettilineo,Incidente a veicolo isolato,1,0
2020,Brindisi,Fasano,Fuori Abitato,Altra strada,Incrocio,Incidente tra veicoli,1,0
2020,Brindisi,Fasano,Nell'Abitato,Strada Urbana,Rettilineo,Incidente a veicolo isolato,1,0
2020,Brindisi,San Pancrazio Salentino,Fuori Abitato,Strada Provinciale,Rettilineo,Incidente tra veicoli,3,0
2020,Brindisi,Carovigno,Fuori Abitato,Strada Provinciale,Rettilineo,Incidente tra veicoli,0,1
2020,Brindisi,Francavilla Fontana,Fuori Abitato,Strada Provinciale,Incrocio,Incidente tra veicoli,2,0
2020,Brindisi,San Donaci,Nell'Abitato,Strada Urbana,Incrocio,Incidente tra veicoli,3,0
2020,Brindisi,San Pietro Vernotico,Nell'Abitato,Strada Urbana,Incrocio,Incidente tra veicoli,1,0
2020,Brindisi,Francavilla Fontana,Fuori Abitato,Strada Provinciale,Incrocio,Incidente tra veicoli,2,0
2020,Brindisi,Francavilla Fontana,Nell'Abitato,Strada Urbana,Incrocio,Incidente tra veicoli,2,0
2020,Brindisi,Erchie,Nell'Abitato,Strada Urbana,Incrocio,Incidente tra veicoli,1,0
2020,Brindisi,Ostuni,Nell'Abitato,Strada Urbana,Rettilineo,Incidente tra veicoli,1,0
2020,Brindisi,Francavilla Fontana,Nell'Abitato,Strada Urbana,Rettilineo,Incidente tra veicoli,1,0
2020,Brindisi,Ostuni,Fuori Abitato,Strada Provinciale,Rettilineo,Incidente tra veicoli,1,0
2020,Brindisi,Ostuni,Fuori Abitato,Strada Provinciale,Incrocio,Incidente a veicolo isolato,1,0
2020,Brindisi,Ostuni,Nell'Abitato,Strada Urbana,Incrocio,Incidente tra veicoli,1,0
2020,Brindisi,San Pancrazio Salentino,Nell'Abitato,Strada Urbana,Incrocio,Incidente tra veicoli,1,0
2020,Brindisi,Francavilla Fontana,Nell'Abitato,Strada Urbana,Rettilineo,Investimento di pedone,1,0
2020,Brindisi,Mesagne,Nell'Abitato,Strada Urbana,Incrocio,Incidente tra veicoli,2,0
2020,Brindisi,Mesagne,Nell'Abitato,Strada Urbana,Incrocio,Incidente tra veicoli,1,0
2020,Brindisi,Francavilla Fontana,Fuori Abitato,Strada comunale extraurbana,Rettilineo,Incidente tra veicoli,2,1
2020,Brindisi,Mesagne,Fuori Abitato,Strada Statale,Rettilineo,Incidente tra veicoli,2,0
2020,Brindisi,Brindisi,Nell'Abitato,Strada Urbana,Incrocio,Investimento di pedone,1,0
2020,Brindisi,Brindisi,Nell'Abitato,Strada Urbana,Incrocio,Incidente a veicolo isolato,1,0
2020,Brindisi,Carovigno,Nell'Abitato,Strada Urbana,Rettilineo,Incidente tra veicoli,6,0
2020,Brindisi,Carovigno,Nell'Abitato,Strada Urbana,Incrocio,Incidente tra veicoli,1,0
2020,Brindisi,Fasano,Nell'Abitato,Strada Urbana,Incrocio,Incidente tra veicoli,1,0
2020,Brindisi,Fasano,Fuori Abitato,Strada Provinciale,Curva,Incidente tra veicoli,3,0
2020,Brindisi,Carovigno,Fuori Abitato,Strada Statale,Rettilineo,Incidente tra veicoli,2,0
2020,Brindisi,Carovigno,Nell'Abitato,Strada Urbana,Rettilineo,Incidente tra veicoli,1,0
2020,Brindisi,Ostuni,Fuori Abitato,Strada Provinciale,Rettilineo,Incidente tra veicoli,1,0
2020,Brindisi,Brindisi,Nell'Abitato,Strada Urbana,Rettilineo,Incidente a veicolo isolato,1,0
2020,Brindisi,Brindisi,Nell'Abitato,Strada Urbana,Rettilineo,Investimento di pedone,1,0
2020,Brindisi,Brindisi,Fuori Abitato,Strada Provinciale,Incrocio,Incidente tra veicoli,1,0
2020,Brindisi,Brindisi,Nell'Abitato,Strada Urbana,Rettilineo,Investimento di pedone,2,0
2020,Brindisi,Brindisi,Nell'Abitato,Strada Urbana,Incrocio,Incidente tra veicoli,1,0
2020,Brindisi,Torre Santa Susanna,Nell'Abitato,Strada Urbana,Incrocio,Investimento di pedone,1,0
2020,Brindisi,Brindisi,Nell'Abitato,Strada Urbana,Rettilineo,Incidente tra veicoli,2,0
2020,Brindisi,Brindisi,Nell'Abitato,Strada Urbana,Incrocio,Incidente tra veicoli,2,0
2020,Brindisi,Brindisi,Nell'Abitato,Strada Urbana,Incrocio,Incidente tra veicoli,1,0
2020,Brindisi,Brindisi,Nell'Abitato,Strada Urbana,Incrocio,Incidente tra veicoli,1,0
2020,Brindisi,Brindisi,Nell'Abitato,Strada Urbana,Incrocio,Incidente tra veicoli,2,0
2020,Brindisi,Brindisi,Nell'Abitato,Strada Urbana,Incrocio,Incidente tra veicoli,2,0
2020,Brindisi,Brindisi,Nell'Abitato,Strada Urbana,Incrocio,Incidente tra veicoli,2,0
2020,Brindisi,Brindisi,Fuori Abitato,Strada Statale,Incrocio,Incidente tra veicoli,3,0
2020,Brindisi,Brindisi,Nell'Abitato,Strada Urbana,Rettilineo,Incidente tra veicoli,1,0
2020,Brindisi,Brindisi,Nell'Abitato,Strada Urbana,Incrocio,Incidente tra veicoli,3,0
2020,Brindisi,Brindisi,Nell'Abitato,Strada Urbana,Incrocio,Incidente tra veicoli,3,0
2020,Brindisi,Brindisi,Nell'Abitato,Strada Urbana,Incrocio,Incidente tra veicoli,3,0
2020,Brindisi,Brindisi,Nell'Abitato,Strada Urbana,Incrocio,Incidente tra veicoli,1,0
2020,Brindisi,Brindisi,Nell'Abitato,Strada Urbana,Rettilineo,Incidente tra veicoli,4,0
2020,Brindisi,Brindisi,Nell'Abitato,Strada Urbana,Incrocio,Incidente tra veicoli,1,0
2020,Brindisi,Ceglie Messapica,Nell'Abitato,Strada Urbana,Incrocio,Incidente tra veicoli,1,0
2020,Brindisi,Ceglie Messapica,Fuori Abitato,Strada Provinciale,Incrocio,Incidente tra veicoli,2,0
2020,Brindisi,Brindisi,Nell'Abitato,Strada Urbana,Incrocio,Incidente tra veicoli,2,0
2020,Brindisi,San Vito dei Normanni,Nell'Abitato,Strada Urbana,Incrocio,Incidente tra veicoli,1,0
2020,Brindisi,Brindisi,Fuori Abitato,Strada comunale extraurbana,Incrocio,Incidente tra veicoli,1,0
2020,Brindisi,Mesagne,Fuori Abitato,Strada Statale,Rettilineo,Incidente tra veicoli,2,0
2020,Brindisi,San Pietro Vernotico,Fuori Abitato,Strada comunale extraurbana,Incrocio,Incidente tra veicoli,1,0
2020,Brindisi,San Michele Salentino,Nell'Abitato,Strada Urbana,Incrocio,Incidente tra veicoli,0,1
2020,Brindisi,San Michele Salentino,Nell'Abitato,Strada Urbana,Incrocio,Incidente tra veicoli,1,0
2020,Brindisi,San Michele Salentino,Nell'Abitato,Strada Urbana,Incrocio,Incidente tra veicoli,1,0
2020,Brindisi,San Michele Salentino,Nell'Abitato,Strada Provinciale,Curva,Incidente a veicolo isolato,1,0
2020,Brindisi,Francavilla Fontana,Nell'Abitato,Strada Urbana,Rettilineo,Incidente tra veicoli,1,0
2020,Brindisi,Mesagne,Nell'Abitato,Strada Urbana,Incrocio,Incidente tra veicoli,1,0
2020,Brindisi,San Pietro Vernotico,Nell'Abitato,Strada Urbana,Incrocio,Incidente tra veicoli,1,0
2020,Brindisi,Mesagne,Fuori Abitato,Strada Provinciale,Rettilineo,Incidente a veicolo isolato,2,0
2020,Brindisi,Ostuni,Nell'Abitato,Strada Urbana,Rotatoria,Investimento di pedone,1,0
2020,Brindisi,Erchie,Nell'Abitato,Strada Urbana,Incrocio,Incidente tra veicoli,1,0
2020,Brindisi,San Pietro Vernotico,Nell'Abitato,Strada Urbana,Incrocio,Incidente tra veicoli,4,0
2020,Brindisi,Cellino San Marco,Nell'Abitato,Strada Urbana,Incrocio,Incidente tra veicoli,1,0
2020,Brindisi,Francavilla Fontana,Fuori Abitato,Strada Provinciale,Rettilineo,Incidente a veicolo isolato,1,0
2020,Brindisi,Mesagne,Nell'Abitato,Strada Urbana,Incrocio,Incidente tra veicoli,1,0
2020,Brindisi,Carovigno,Nell'Abitato,Strada Urbana,Rettilineo,Incidente tra veicoli,1,0
2020,Brindisi,Torchiarolo,Nell'Abitato,Strada Urbana,Rettilineo,Incidente a veicolo isolato,1,0
2020,Brindisi,Brindisi,Nell'Abitato,Strada Urbana,Rettilineo,Investimento di pedone,1,0
2020,Brindisi,Brindisi,Fuori Abitato,Strada Provinciale,Rettilineo,Incidente a veicolo isolato,1,0
2020,Brindisi,Brindisi,Nell'Abitato,Strada Urbana,Rettilineo,Incidente tra veicoli,1,0
2020,Brindisi,Brindisi,Nell'Abitato,Strada Urbana,Incrocio,Incidente tra veicoli,1,0
2020,Brindisi,Torre Santa Susanna,Fuori Abitato,Strada Provinciale,Rotatoria,Incidente a veicolo isolato,1,0
2020,Brindisi,San Vito dei Normanni,Fuori Abitato,Strada Provinciale,Curva,Incidente a veicolo isolato,1,0
2020,Brindisi,Brindisi,Nell'Abitato,Strada Urbana,Rettilineo,Incidente tra veicoli,2,0
2020,Brindisi,Brindisi,Fuori Abitato,Altra strada,Incrocio,Incidente tra veicoli,2,0
2020,Brindisi,Brindisi,Nell'Abitato,Strada Urbana,Incrocio,Incidente tra veicoli,1,0
2020,Brindisi,Brindisi,Nell'Abitato,Strada Urbana,Incrocio,Incidente tra veicoli,2,0
2020,Brindisi,Brindisi,Nell'Abitato,Strada Urbana,Incrocio,Incidente tra veicoli,1,0
2020,Brindisi,Brindisi,Nell'Abitato,Strada Urbana,Rettilineo,Incidente tra veicoli,1,0
2020,Brindisi,Fasano,Fuori Abitato,Strada Provinciale,Incrocio,Incidente tra veicoli,3,0
2020,Brindisi,Ceglie Messapica,Nell'Abitato,Strada Urbana,Incrocio,Incidente tra veicoli,1,0
2020,Brindisi,Torre Santa Susanna,Fuori Abitato,Strada Provinciale,Rettilineo,Incidente tra veicoli,2,0
2020,Brindisi,Torre Santa Susanna,Nell'Abitato,Strada Urbana,Rettilineo,Incidente tra veicoli,1,0
2020,Brindisi,Brindisi,Nell'Abitato,Strada Urbana,Incrocio,Incidente tra veicoli,3,0
2020,Brindisi,Brindisi,Nell'Abitato,Strada Urbana,Rettilineo,Incidente tra veicoli,1,0
2020,Brindisi,Brindisi,Nell'Abitato,Strada Urbana,Rettilineo,Incidente tra veicoli,1,0
2020,Brindisi,Brindisi,Fuori Abitato,Strada Statale,Rettilineo,Incidente tra veicoli,1,0
2020,Brindisi,Torchiarolo,Fuori Abitato,Strada Statale,Curva,Incidente tra veicoli,2,0
2020,Brindisi,Ostuni,Fuori Abitato,Strada Statale,Rettilineo,Incidente a veicolo isolato,1,0
2020,Brindisi,Brindisi,Nell'Abitato,Strada Urbana,Rettilineo,Incidente tra veicoli,3,0
2020,Brindisi,Erchie,Nell'Abitato,Strada Provinciale,Rettilineo,Incidente a veicolo isolato,1,0
2020,Brindisi,Fasano,Nell'Abitato,Strada Urbana,Incrocio,Incidente tra veicoli,1,0
2020,Brindisi,Fasano,Nell'Abitato,Strada Urbana,Incrocio,Incidente tra veicoli,1,0
2020,Brindisi,Latiano,Nell'Abitato,Strada Urbana,Rettilineo,Incidente tra veicoli,1,0
2020,Brindisi,Francavilla Fontana,Nell'Abitato,Strada Urbana,Incrocio,Investimento di pedone,1,0
2020,Brindisi,Francavilla Fontana,Fuori Abitato,Strada comunale extraurbana,Curva,Incidente a veicolo isolato,1,0
2020,Brindisi,Mesagne,Fuori Abitato,Strada Provinciale,Rettilineo,Incidente tra veicoli,1,0
2020,Brindisi,Ostuni,Nell'Abitato,Strada Urbana,Rettilineo,Investimento di pedone,1,0
2020,Brindisi,Francavilla Fontana,Fuori Abitato,Strada Provinciale,Incrocio,Incidente tra veicoli,2,0
2020,Brindisi,Francavilla Fontana,Nell'Abitato,Strada Urbana,Rettilineo,Incidente a veicolo isolato,1,0
2020,Brindisi,Francavilla Fontana,Nell'Abitato,Strada Urbana,Incrocio,Incidente tra veicoli,1,0
2020,Brindisi,Francavilla Fontana,Nell'Abitato,Strada Urbana,Rettilineo,Investimento di pedone,1,0
2020,Brindisi,Mesagne,Nell'Abitato,Strada Urbana,Incrocio,Incidente tra veicoli,1,0
2020,Brindisi,Francavilla Fontana,Fuori Abitato,Strada Provinciale,Incrocio,Incidente tra veicoli,2,0
2020,Brindisi,Cellino San Marco,Nell'Abitato,Strada Urbana,Incrocio,Incidente tra veicoli,1,0
2020,Brindisi,Francavilla Fontana,Nell'Abitato,Strada Urbana,Incrocio,Incidente tra veicoli,2,0
2020,Brindisi,San Pietro Vernotico,Nell'Abitato,Strada Urbana,Incrocio,Incidente tra veicoli,2,0
2020,Brindisi,Cellino San Marco,Nell'Abitato,Strada Urbana,Incrocio,Incidente tra veicoli,1,0
2020,Brindisi,San Pietro Vernotico,Nell'Abitato,Strada Urbana,Incrocio,Incidente tra veicoli,2,0
2020,Brindisi,Francavilla Fontana,Fuori Abitato,Strada comunale extraurbana,Rettilineo,Incidente a veicolo isolato,1,0
2020,Brindisi,Mesagne,Fuori Abitato,Strada comunale extraurbana,Rettilineo,Incidente a veicolo isolato,1,0
2020,Brindisi,Francavilla Fontana,Nell'Abitato,Strada Urbana,Incrocio,Incidente tra veicoli,1,0
2020,Brindisi,San Pietro Vernotico,Nell'Abitato,Strada Urbana,Incrocio,Incidente tra veicoli,1,0
2020,Brindisi,Mesagne,Nell'Abitato,Strada Urbana,Rettilineo,Incidente tra veicoli,3,0
2020,Brindisi,Mesagne,Nell'Abitato,Strada Urbana,Rettilineo,Incidente tra veicoli,1,0
2020,Brindisi,Francavilla Fontana,Nell'Abitato,Strada Urbana,Incrocio,Incidente tra veicoli,3,0
2020,Brindisi,Carovigno,Fuori Abitato,Strada Provinciale,Rettilineo,Incidente a veicolo isolato,1,0
2020,Brindisi,Torchiarolo,Nell'Abitato,Strada Urbana,Rettilineo,Incidente a veicolo isolato,1,0
2020,Brindisi,Mesagne,Fuori Abitato,Strada Statale,Rettilineo,Incidente tra veicoli,1,1
2020,Brindisi,Fasano,Nell'Abitato,Strada Urbana,Rettilineo,Incidente tra veicoli,1,0
2020,Brindisi,Fasano,Nell'Abitato,Strada Urbana,Incrocio,Incidente tra veicoli,1,0
2020,Brindisi,Brindisi,Fuori Abitato,Strada Provinciale,Rettilineo,Incidente a veicolo isolato,1,0
2020,Brindisi,Brindisi,Nell'Abitato,Strada Urbana,Rotatoria,Incidente tra veicoli,1,0
2020,Brindisi,Fasano,Fuori Abitato,Strada Provinciale,Incrocio,Incidente a veicolo isolato,0,1
2020,Brindisi,Ceglie Messapica,Fuori Abitato,Strada Provinciale,Curva,Investimento di pedone,2,0
2020,Brindisi,Ostuni,Fuori Abitato,Strada Provinciale,Rettilineo,Incidente a veicolo isolato,1,0
2020,Brindisi,Fasano,Nell'Abitato,Strada Urbana,Rettilineo,Incidente tra veicoli,1,0
2020,Brindisi,Brindisi,Fuori Abitato,Strada Statale,Rettilineo,Incidente tra veicoli,1,0
2020,Brindisi,Brindisi,Nell'Abitato,Strada Urbana,Rettilineo,Incidente tra veicoli,1,0
2020,Brindisi,Fasano,Fuori Abitato,Strada Provinciale,Curva,Incidente tra veicoli,3,0
2020,Brindisi,Brindisi,Nell'Abitato,Strada Urbana,Incrocio,Incidente tra veicoli,1,0
2020,Brindisi,Brindisi,Nell'Abitato,Strada Urbana,Incrocio,Incidente tra veicoli,1,0
2020,Brindisi,Brindisi,Nell'Abitato,Strada Urbana,Incrocio,Incidente tra veicoli,2,0
2020,Brindisi,Brindisi,Nell'Abitato,Strada Urbana,Incrocio,Incidente tra veicoli,1,0
2020,Brindisi,Brindisi,Fuori Abitato,Strada Statale,Rettilineo,Incidente tra veicoli,1,0
2020,Brindisi,Brindisi,Fuori Abitato,Strada Provinciale,Rettilineo,Incidente tra veicoli,2,0
2020,Brindisi,Fasano,Nell'Abitato,Strada Urbana,Rettilineo,Incidente tra veicoli,1,0
2020,Brindisi,Brindisi,Nell'Abitato,Strada Urbana,Incrocio,Incidente tra veicoli,1,0
2020,Brindisi,Ceglie Messapica,Nell'Abitato,Strada Urbana,Incrocio,Incidente tra veicoli,1,0
2020,Brindisi,Ceglie Messapica,Fuori Abitato,Strada Provinciale,Rettilineo,Incidente tra veicoli,2,0
2020,Brindisi,San Vito dei Normanni,Nell'Abitato,Strada Urbana,Incrocio,Incidente tra veicoli,2,0
2020,Brindisi,Brindisi,Nell'Abitato,Strada Urbana,Rettilineo,Incidente tra veicoli,3,0
2020,Brindisi,Brindisi,Nell'Abitato,Strada Urbana,Rettilineo,Incidente tra veicoli,1,0
2020,Brindisi,Brindisi,Nell'Abitato,Strada Urbana,Incrocio,Incidente tra veicoli,1,0
2020,Brindisi,Brindisi,Nell'Abitato,Strada Urbana,Incrocio,Incidente tra veicoli,1,0
2020,Lecce,Lecce,Nell'Abitato,Strada Urbana,Incrocio,Incidente tra veicoli,2,0
2020,Lecce,Soleto,Fuori Abitato,Strada Provinciale,Incrocio,Incidente tra veicoli,2,0
2020,Lecce,Lecce,Fuori Abitato,Strada Statale,Rettilineo,Incidente tra veicoli,1,0
2020,Lecce,Lecce,Fuori Abitato,Strada Statale,Rettilineo,Incidente tra veicoli,2,0
2020,Lecce,Galatina,Fuori Abitato,Strada Provinciale,Incrocio,Incidente tra veicoli,2,0
2020,Lecce,Galatina,Fuori Abitato,Strada Statale,Rettilineo,Incidente tra veicoli,4,1
2020,Lecce,Lecce,Fuori Abitato,Strada Statale,Rettilineo,Incidente a veicolo isolato,1,0
2020,Lecce,Cavallino,Fuori Abitato,Strada Statale,Rettilineo,Incidente tra veicoli,1,0
2020,Lecce,Porto Cesareo,Nell'Abitato,Strada Urbana,Rotatoria,Incidente a veicolo isolato,1,0
2020,Lecce,Spongano,Nell'Abitato,Strada Urbana,Incrocio,Incidente tra veicoli,1,0
2020,Lecce,Nardò,Nell'Abitato,Strada Urbana,Curva,Incidente a veicolo isolato,1,0
2020,Lecce,Galatina,Nell'Abitato,Strada Urbana,Incrocio,Investimento di pedone,1,0
2020,Lecce,Cutrofiano,Fuori Abitato,Strada Provinciale,Rettilineo,Incidente a veicolo isolato,2,0
2020,Lecce,Veglie,Fuori Abitato,Strada comunale extraurbana,Curva,Incidente tra veicoli,1,0
2020,Lecce,Cursi,Nell'Abitato,Strada Urbana,Rettilineo,Incidente a veicolo isolato,1,0
2020,Lecce,Campi Salentina,Fuori Abitato,Strada Provinciale,Rettilineo,Incidente a veicolo isolato,2,0
2020,Lecce,Squinzano,Fuori Abitato,Strada comunale extraurbana,Curva,Incidente tra veicoli,1,0
2020,Lecce,Calimera,Nell'Abitato,Strada Urbana,Rettilineo,Investimento di pedone,1,0
2020,Lecce,Tricase,Nell'Abitato,Strada Urbana,Incrocio,Incidente tra veicoli,1,0
2020,Lecce,Alessano,Fuori Abitato,Strada Provinciale,Rettilineo,Incidente a veicolo isolato,1,0
2020,Lecce,Caprarica di Lecce,Fuori Abitato,Strada Provinciale,Incrocio,Incidente tra veicoli,1,0
2020,Lecce,Soleto,Fuori Abitato,Strada Provinciale,Curva,Incidente a veicolo isolato,1,0
2020,Lecce,Lecce,Nell'Abitato,Strada Urbana,Curva,Incidente tra veicoli,1,0
2020,Lecce,Guagnano,Fuori Abitato,Strada Provinciale,Rotatoria,Incidente tra veicoli,1,0
2020,Lecce,Squinzano,Nell'Abitato,Strada Urbana,Incrocio,Incidente tra veicoli,1,0
2020,Lecce,Squinzano,Nell'Abitato,Strada Urbana,Incrocio,Incidente tra veicoli,1,0
2020,Lecce,Carmiano,Nell'Abitato,Strada Urbana,Rettilineo,Incidente tra veicoli,1,0
2020,Lecce,San Cesario di Lecce,Fuori Abitato,Strada Provinciale,Rettilineo,Incidente tra veicoli,1,0
2020,Lecce,Monteroni di Lecce,Fuori Abitato,Strada Provinciale,Curva,Incidente tra veicoli,2,0
2020,Lecce,Alessano,Nell'Abitato,Strada Statale,Rettilineo,Incidente a veicolo isolato,1,0
2020,Lecce,Alliste,Nell'Abitato,Strada Urbana,Incrocio,Incidente tra veicoli,1,0
2020,Lecce,Racale,Nell'Abitato,Strada Urbana,Incrocio,Incidente tra veicoli,3,0
2020,Lecce,Calimera,Nell'Abitato,Strada Urbana,Incrocio,Incidente tra veicoli,2,0
2020,Lecce,Vernole,Fuori Abitato,Strada Provinciale,Rotatoria,Incidente tra veicoli,1,0
2020,Lecce,Andrano,Nell'Abitato,Strada Urbana,Incrocio,Incidente tra veicoli,1,0
2020,Lecce,Castri di Lecce,Nell'Abitato,Strada Urbana,Incrocio,Incidente tra veicoli,1,0
2020,Lecce,Otranto,Nell'Abitato,Strada Urbana,Incrocio,Incidente tra veicoli,1,0
2020,Lecce,Martano,Nell'Abitato,Strada Urbana,Incrocio,Incidente tra veicoli,1,0
2020,Lecce,Caprarica di Lecce,Fuori Abitato,Strada Provinciale,Rettilineo,Incidente tra veicoli,1,0
2020,Lecce,Taviano,Nell'Abitato,Strada Urbana,Incrocio,Incidente tra veicoli,3,0
2020,Lecce,Castrignano del Capo,Nell'Abitato,Strada Urbana,Incrocio,Incidente tra veicoli,9,0
2020,Lecce,Galatina,Nell'Abitato,Strada Urbana,Incrocio,Incidente tra veicoli,4,0
2020,Lecce,Arnesano,Fuori Abitato,Strada Provinciale,Incrocio,Incidente tra veicoli,1,0
2020,Lecce,Lecce,Nell'Abitato,Strada Urbana,Curva,Incidente a veicolo isolato,1,0
2020,Lecce,Lecce,Nell'Abitato,Strada Urbana,Rettilineo,Investimento di pedone,1,0
2020,Lecce,Lecce,Nell'Abitato,Strada Urbana,Incrocio,Incidente tra veicoli,2,0
2020,Lecce,Lecce,Fuori Abitato,Strada comunale extraurbana,Rettilineo,Incidente tra veicoli,1,0
2020,Lecce,Lecce,Nell'Abitato,Strada Urbana,Incrocio,Incidente tra veicoli,1,0
2020,Lecce,Lecce,Nell'Abitato,Strada Urbana,Rettilineo,Investimento di pedone,1,0
2020,Lecce,Lecce,Nell'Abitato,Strada Urbana,Rettilineo,Incidente tra veicoli,1,0
2020,Lecce,Lecce,Nell'Abitato,Strada Urbana,Incrocio,Incidente tra veicoli,1,0
2020,Lecce,Lecce,Nell'Abitato,Strada Urbana,Incrocio,Incidente tra veicoli,1,0
2020,Lecce,Lecce,Nell'Abitato,Strada Urbana,Incrocio,Incidente a veicolo isolato,1,0
2020,Lecce,Lecce,Fuori Abitato,Strada Provinciale,Rettilineo,Incidente a veicolo isolato,1,0
2020,Lecce,Lecce,Nell'Abitato,Strada Urbana,Rotatoria,Investimento di pedone,1,0
2020,Lecce,Lecce,Fuori Abitato,Strada comunale extraurbana,Curva,Incidente a veicolo isolato,2,0
2020,Lecce,Lecce,Nell'Abitato,Strada Urbana,Incrocio,Incidente tra veicoli,1,0
2020,Lecce,Lecce,Nell'Abitato,Strada Urbana,Rettilineo,Investimento di pedone,1,0
2020,Lecce,Lecce,Nell'Abitato,Strada Urbana,Rotatoria,Incidente tra veicoli,1,0
2020,Lecce,Lecce,Nell'Abitato,Strada Urbana,Rotatoria,Incidente tra veicoli,1,0
2020,Lecce,Lecce,Nell'Abitato,Strada Urbana,Rettilineo,Incidente tra veicoli,1,0
2020,Lecce,Lecce,Nell'Abitato,Strada Urbana,Incrocio,Incidente tra veicoli,1,0
2020,Lecce,Lecce,Nell'Abitato,Strada Urbana,Incrocio,Incidente tra veicoli,1,0
2020,Lecce,Lecce,Nell'Abitato,Strada Urbana,Rettilineo,Incidente tra veicoli,1,0
2020,Lecce,Lecce,Nell'Abitato,Strada Urbana,Incrocio,Incidente tra veicoli,1,0
2020,Lecce,Lecce,Nell'Abitato,Strada Urbana,Rotatoria,Incidente tra veicoli,1,0
2020,Lecce,Lecce,Nell'Abitato,Strada Urbana,Incrocio,Incidente tra veicoli,2,0
2020,Lecce,Lecce,Nell'Abitato,Strada Urbana,Rettilineo,Incidente tra veicoli,1,0
2020,Lecce,Lecce,Nell'Abitato,Strada Urbana,Incrocio,Incidente tra veicoli,1,0
2020,Lecce,Lecce,Nell'Abitato,Strada Urbana,Rettilineo,Incidente tra veicoli,2,0
2020,Lecce,Lecce,Fuori Abitato,Strada Provinciale,Rettilineo,Incidente tra veicoli,4,0
2020,Lecce,Lecce,Nell'Abitato,Strada Urbana,Rettilineo,Incidente tra veicoli,4,0
2020,Lecce,Lecce,Nell'Abitato,Strada Urbana,Rotatoria,Incidente tra veicoli,4,0
2020,Lecce,Lecce,Nell'Abitato,Strada Urbana,Rotatoria,Incidente tra veicoli,1,0
2020,Lecce,Tuglie,Nell'Abitato,Strada Urbana,Incrocio,Incidente tra veicoli,1,0
2020,Lecce,Cutrofiano,Nell'Abitato,Strada Urbana,Rettilineo,Investimento di pedone,1,0
2020,Lecce,Cutrofiano,Nell'Abitato,Strada Provinciale,Incrocio,Incidente tra veicoli,1,0
2020,Lecce,Cutrofiano,Nell'Abitato,Strada Provinciale,Curva,Investimento di pedone,1,0
2020,Lecce,Novoli,Nell'Abitato,Strada Urbana,Incrocio,Incidente a veicolo isolato,1,0
2020,Lecce,Martano,Nell'Abitato,Strada Urbana,Rettilineo,Investimento di pedone,1,0
2020,Lecce,Martano,Nell'Abitato,Strada Urbana,Rettilineo,Incidente a veicolo isolato,1,0
2020,Lecce,Surbo,Nell'Abitato,Strada Urbana,Incrocio,Incidente tra veicoli,2,0
2020,Lecce,Surbo,Nell'Abitato,Strada Urbana,Incrocio,Incidente tra veicoli,4,0
2020,Lecce,Surbo,Nell'Abitato,Strada Urbana,Incrocio,Incidente tra veicoli,2,0
2020,Lecce,Surbo,Nell'Abitato,Strada Urbana,Incrocio,Investimento di pedone,1,0
2020,Lecce,Surbo,Nell'Abitato,Strada Urbana,Incrocio,Incidente tra veicoli,2,0
2020,Lecce,Surbo,Nell'Abitato,Strada Urbana,Incrocio,Incidente tra veicoli,3,0
2020,Lecce,Gallipoli,Nell'Abitato,Strada Urbana,Incrocio,Incidente tra veicoli,1,0
2020,Lecce,Melendugno,Fuori Abitato,Strada Provinciale,Rettilineo,Incidente tra veicoli,1,0
2020,Lecce,Arnesano,Nell'Abitato,Strada Urbana,Rettilineo,Incidente a veicolo isolato,2,0
2020,Lecce,Nardò,Nell'Abitato,Strada Urbana,Incrocio,Incidente tra veicoli,2,0
2020,Lecce,Carmiano,Nell'Abitato,Strada Urbana,Incrocio,Incidente tra veicoli,1,0
2020,Lecce,Nardò,Nell'Abitato,Strada Urbana,Incrocio,Incidente tra veicoli,2,0
2020,Lecce,Nardò,Nell'Abitato,Strada Urbana,Incrocio,Incidente tra veicoli,2,0
2020,Lecce,Nardò,Nell'Abitato,Strada Urbana,Incrocio,Incidente tra veicoli,1,0
2020,Lecce,Nardò,Nell'Abitato,Strada Urbana,Rotatoria,Incidente tra veicoli,3,0
2020,Lecce,Ugento,Nell'Abitato,Strada Urbana,Incrocio,Incidente tra veicoli,1,0
2020,Lecce,Lizzanello,Fuori Abitato,Strada Provinciale,Incrocio,Incidente a veicolo isolato,1,0
2020,Lecce,Soleto,Fuori Abitato,Strada Provinciale,Rotatoria,Incidente tra veicoli,1,0
2020,Lecce,Cutrofiano,Nell'Abitato,Strada Urbana,Incrocio,Incidente tra veicoli,3,0
2020,Lecce,Copertino,Nell'Abitato,Strada Urbana,Rettilineo,Incidente a veicolo isolato,2,0
2020,Lecce,Ugento,Nell'Abitato,Strada Urbana,Incrocio,Incidente tra veicoli,1,0
2020,Lecce,Ruffano,Nell'Abitato,Strada Urbana,Incrocio,Incidente tra veicoli,2,0
2020,Lecce,Poggiardo,Nell'Abitato,Strada Urbana,Incrocio,Incidente tra veicoli,1,0
2020,Lecce,Galatone,Fuori Abitato,Strada comunale extraurbana,Incrocio,Incidente tra veicoli,2,0
2020,Lecce,Matino,Nell'Abitato,Strada Urbana,Incrocio,Incidente tra veicoli,2,0
2020,Lecce,San Cesario di Lecce,Fuori Abitato,Strada Provinciale,Rettilineo,Incidente tra veicoli,2,0
2020,Lecce,Galatina,Nell'Abitato,Strada Urbana,Incrocio,Incidente tra veicoli,1,0
2020,Lecce,Ugento,Nell'Abitato,Strada Urbana,Incrocio,Incidente tra veicoli,1,0
2020,Lecce,Copertino,Nell'Abitato,Strada Urbana,Incrocio,Incidente tra veicoli,3,0
2020,Lecce,Taviano,Nell'Abitato,Strada Urbana,Incrocio,Incidente tra veicoli,1,0
2020,Lecce,Ruffano,Nell'Abitato,Strada Urbana,Incrocio,Incidente tra veicoli,3,0
2020,Lecce,Taviano,Nell'Abitato,Strada Urbana,Rettilineo,Incidente tra veicoli,1,0
2020,Lecce,Galatina,Nell'Abitato,Strada Urbana,Rotatoria,Incidente tra veicoli,1,0
2020,Lecce,Casarano,Nell'Abitato,Strada Urbana,Rettilineo,Incidente tra veicoli,2,0
2020,Lecce,Aradeo,Nell'Abitato,Strada Provinciale,Rettilineo,Incidente tra veicoli,2,0
2020,Lecce,Racale,Nell'Abitato,Strada Urbana,Incrocio,Incidente tra veicoli,1,0
2020,Lecce,Casarano,Nell'Abitato,Strada Urbana,Incrocio,Incidente tra veicoli,1,0
2020,Lecce,Minervino di Lecce,Fuori Abitato,Strada comunale extraurbana,Incrocio,Incidente tra veicoli,4,0
2020,Lecce,Alessano,Nell'Abitato,Strada Urbana,Incrocio,Incidente tra veicoli,2,0
2020,Lecce,Copertino,Nell'Abitato,Strada Urbana,Incrocio,Incidente tra veicoli,1,0
2020,Lecce,Ruffano,Nell'Abitato,Strada Urbana,Incrocio,Incidente tra veicoli,1,0
2020,Lecce,Campi Salentina,Nell'Abitato,Strada Statale,Incrocio,Incidente tra veicoli,1,0
2020,Lecce,Aradeo,Nell'Abitato,Strada Urbana,Incrocio,Incidente tra veicoli,1,0
2020,Lecce,Aradeo,Nell'Abitato,Strada Urbana,Incrocio,Incidente tra veicoli,1,0
2020,Lecce,Lecce,Fuori Abitato,Strada comunale extraurbana,Rettilineo,Incidente tra veicoli,2,0
2020,Lecce,Lecce,Nell'Abitato,Strada Urbana,Incrocio,Incidente tra veicoli,3,0
2020,Lecce,Lecce,Nell'Abitato,Strada Statale,Rettilineo,Incidente tra veicoli,1,0
2020,Lecce,Lecce,Fuori Abitato,Strada comunale extraurbana,Rettilineo,Incidente tra veicoli,1,0
2020,Lecce,Galatina,Nell'Abitato,Strada Urbana,Rettilineo,Incidente tra veicoli,1,0
2020,Lecce,Galatone,Fuori Abitato,Strada Statale,Rettilineo,Incidente tra veicoli,1,0
2020,Lecce,Lecce,Fuori Abitato,Strada Statale,Rettilineo,Incidente tra veicoli,1,0
2020,Lecce,Sannicola,Fuori Abitato,Strada Statale,Rettilineo,Incidente tra veicoli,2,0
2020,Lecce,Martano,Nell'Abitato,Strada Urbana,Rettilineo,Investimento di pedone,1,0
2020,Lecce,Guagnano,Fuori Abitato,Strada Provinciale,Rettilineo,Incidente a veicolo isolato,1,0
2020,Lecce,Santa Cesarea Terme,Fuori Abitato,Strada Provinciale,Curva,Incidente a veicolo isolato,1,0
2020,Lecce,Gallipoli,Nell'Abitato,Strada Urbana,Rettilineo,Investimento di pedone,3,0
2020,Lecce,Scorrano,Nell'Abitato,Strada Urbana,Rettilineo,Investimento di pedone,1,0
2020,Lecce,Carmiano,Nell'Abitato,Strada Urbana,Incrocio,Incidente tra veicoli,2,0
2020,Lecce,Matino,Nell'Abitato,Strada Urbana,Rettilineo,Incidente tra veicoli,2,0
2020,Lecce,Campi Salentina,Nell'Abitato,Strada Statale,Rettilineo,Incidente a veicolo isolato,1,0
2020,Lecce,Maglie,Fuori Abitato,Strada Provinciale,Rettilineo,Incidente a veicolo isolato,1,0
2020,Lecce,Sanarica,Nell'Abitato,Strada Provinciale,Rettilineo,Incidente tra veicoli,6,0
2020,Lecce,Cutrofiano,Fuori Abitato,Strada Provinciale,Curva,Incidente a veicolo isolato,1,0
2020,Lecce,Andrano,Nell'Abitato,Strada Provinciale,Rettilineo,Incidente a veicolo isolato,0,1
2020,Lecce,Martano,Nell'Abitato,Strada Urbana,Rettilineo,Incidente tra veicoli,1,0
2020,Lecce,Sogliano Cavour,Nell'Abitato,Strada Urbana,Incrocio,Incidente tra veicoli,1,0
2020,Lecce,Uggiano la Chiesa,Nell'Abitato,Strada Urbana,Incrocio,Incidente tra veicoli,1,0
2020,Lecce,Santa Cesarea Terme,Fuori Abitato,Strada Provinciale,Curva,Incidente tra veicoli,2,0
2020,Lecce,Collepasso,Fuori Abitato,Strada Provinciale,Rettilineo,Incidente tra veicoli,3,0
2020,Lecce,Miggiano,Nell'Abitato,Strada Urbana,Incrocio,Incidente tra veicoli,2,0
2020,Lecce,Carmiano,Nell'Abitato,Strada Urbana,Rettilineo,Incidente tra veicoli,3,0
2020,Lecce,Maglie,Fuori Abitato,Strada Provinciale,Rettilineo,Incidente tra veicoli,1,0
2020,Lecce,Ruffano,Nell'Abitato,Strada Urbana,Rettilineo,Incidente a veicolo isolato,1,0
2020,Lecce,Lizzanello,Nell'Abitato,Strada Urbana,Incrocio,Incidente tra veicoli,1,0
2020,Lecce,Carpignano Salentino,Nell'Abitato,Strada Urbana,Incrocio,Incidente tra veicoli,1,0
2020,Lecce,Carmiano,Nell'Abitato,Strada Urbana,Incrocio,Incidente tra veicoli,1,0
2020,Lecce,Otranto,Fuori Abitato,Strada Provinciale,Curva,Incidente tra veicoli,3,0
2020,Lecce,Neviano,Nell'Abitato,Strada Urbana,Rettilineo,Incidente tra veicoli,3,0
2020,Lecce,Salice Salentino,Nell'Abitato,Strada Urbana,Incrocio,Incidente tra veicoli,3,0
2020,Lecce,Surbo,Nell'Abitato,Strada Urbana,Rettilineo,Incidente tra veicoli,1,0
2020,Lecce,Sanarica,Nell'Abitato,Strada Urbana,Incrocio,Incidente tra veicoli,1,0
2020,Lecce,Vernole,Fuori Abitato,Strada comunale extraurbana,Curva,Incidente tra veicoli,3,0
2020,Lecce,Gallipoli,Nell'Abitato,Strada Urbana,Incrocio,Incidente tra veicoli,2,0
2020,Lecce,Sogliano Cavour,Nell'Abitato,Strada Urbana,Incrocio,Incidente tra veicoli,2,0
2020,Lecce,Veglie,Nell'Abitato,Strada Provinciale,Incrocio,Incidente tra veicoli,2,0
2020,Lecce,Galatina,Fuori Abitato,Strada Provinciale,Incrocio,Incidente tra veicoli,3,0
2020,Lecce,Vernole,Fuori Abitato,Strada Provinciale,Incrocio,Incidente tra veicoli,2,0
2020,Lecce,Corsano,Fuori Abitato,Strada comunale extraurbana,Rettilineo,Incidente tra veicoli,2,0
2020,Lecce,Corigliano d 'Otranto,Nell'Abitato,Strada Urbana,Incrocio,Incidente tra veicoli,1,0
2020,Lecce,Carmiano,Nell'Abitato,Strada Urbana,Incrocio,Incidente tra veicoli,5,0
2020,Lecce,Taviano,Fuori Abitato,Strada Provinciale,Incrocio,Incidente tra veicoli,2,0
2020,Lecce,Maglie,Nell'Abitato,Strada Urbana,Rettilineo,Incidente tra veicoli,1,0
2020,Lecce,Porto Cesareo,Nell'Abitato,Strada Urbana,Rettilineo,Incidente tra veicoli,3,0
2020,Lecce,Lecce,Fuori Abitato,Strada Provinciale,Rettilineo,Incidente tra veicoli,1,0
2020,Lecce,Lecce,Nell'Abitato,Strada Urbana,Incrocio,Investimento di pedone,1,0
2020,Lecce,Lecce,Nell'Abitato,Strada Urbana,Rettilineo,Investimento di pedone,1,0
2020,Lecce,Lecce,Nell'Abitato,Strada Urbana,Incrocio,Investimento di pedone,1,0
2020,Lecce,Lecce,Nell'Abitato,Strada Urbana,Rettilineo,Incidente a veicolo isolato,1,0
2020,Lecce,Lecce,Fuori Abitato,Strada comunale extraurbana,Rotatoria,Incidente a veicolo isolato,2,0
2020,Lecce,Lecce,Nell'Abitato,Strada Urbana,Incrocio,Incidente tra veicoli,2,0
2020,Lecce,Lecce,Nell'Abitato,Strada Urbana,Rettilineo,Incidente tra veicoli,1,0
2020,Lecce,Lecce,Nell'Abitato,Strada Urbana,Incrocio,Incidente tra veicoli,1,0
2020,Lecce,Lecce,Nell'Abitato,Strada Urbana,Curva,Investimento di pedone,2,0
2020,Lecce,Lecce,Nell'Abitato,Strada Urbana,Incrocio,Incidente tra veicoli,1,0
2020,Lecce,Lecce,Nell'Abitato,Strada Urbana,Rettilineo,Incidente a veicolo isolato,1,0
2020,Lecce,Lecce,Fuori Abitato,Strada comunale extraurbana,Curva,Incidente a veicolo isolato,1,0
2020,Lecce,Lecce,Nell'Abitato,Strada Urbana,Rettilineo,Investimento di pedone,1,0
2020,Lecce,Lecce,Fuori Abitato,Strada Provinciale,Incrocio,Incidente tra veicoli,1,0
2020,Lecce,Lecce,Nell'Abitato,Strada Urbana,Curva,Incidente tra veicoli,1,0
2020,Lecce,Lecce,Nell'Abitato,Strada Urbana,Incrocio,Incidente tra veicoli,1,0
2020,Lecce,Lecce,Nell'Abitato,Strada Urbana,Rettilineo,Incidente tra veicoli,1,0
2020,Lecce,Lecce,Nell'Abitato,Strada Urbana,Incrocio,Incidente tra veicoli,1,0
2020,Lecce,Lecce,Nell'Abitato,Strada Urbana,Rettilineo,Incidente tra veicoli,1,0
2020,Lecce,Lecce,Nell'Abitato,Strada Urbana,Incrocio,Incidente tra veicoli,1,0
2020,Lecce,Lecce,Nell'Abitato,Strada Urbana,Rettilineo,Incidente tra veicoli,2,0
2020,Lecce,Lecce,Nell'Abitato,Strada Urbana,Incrocio,Incidente tra veicoli,2,0
2020,Lecce,Lecce,Nell'Abitato,Strada Urbana,Rettilineo,Incidente tra veicoli,2,0
2020,Lecce,Lecce,Nell'Abitato,Strada Urbana,Incrocio,Incidente tra veicoli,1,0
2020,Lecce,Lecce,Fuori Abitato,Strada comunale extraurbana,Curva,Incidente tra veicoli,1,0
2020,Lecce,Lecce,Nell'Abitato,Strada Urbana,Incrocio,Incidente tra veicoli,2,0
2020,Lecce,Lecce,Nell'Abitato,Strada Urbana,Rettilineo,Incidente tra veicoli,1,0
2020,Lecce,Lecce,Fuori Abitato,Strada Provinciale,Rettilineo,Incidente tra veicoli,1,0
2020,Lecce,Lecce,Fuori Abitato,Strada comunale extraurbana,Rettilineo,Incidente tra veicoli,2,0
2020,Lecce,Vernole,Nell'Abitato,Strada Urbana,Incrocio,Incidente tra veicoli,2,0
2020,Lecce,Alessano,Nell'Abitato,Strada Urbana,Rettilineo,Incidente tra veicoli,2,0
2020,Lecce,Otranto,Nell'Abitato,Strada Urbana,Incrocio,Incidente a veicolo isolato,2,0
2020,Lecce,Veglie,Nell'Abitato,Strada Urbana,Incrocio,Incidente tra veicoli,1,0
2020,Lecce,Copertino,Nell'Abitato,Strada Urbana,Incrocio,Incidente tra veicoli,1,0
2020,Lecce,Copertino,Nell'Abitato,Strada Urbana,Incrocio,Incidente tra veicoli,3,0
2020,Lecce,Galatone,Nell'Abitato,Strada Urbana,Incrocio,Incidente tra veicoli,1,0
2020,Lecce,Galatina,Fuori Abitato,Strada Provinciale,Rettilineo,Incidente tra veicoli,2,0
2020,Lecce,Nardò,Nell'Abitato,Strada Urbana,Incrocio,Incidente tra veicoli,2,0
2020,Lecce,Nardò,Nell'Abitato,Strada Urbana,Rettilineo,Incidente tra veicoli,1,0
2020,Lecce,Nardò,Nell'Abitato,Strada Urbana,Incrocio,Incidente tra veicoli,1,0
2020,Lecce,Nardò,Nell'Abitato,Strada Urbana,Incrocio,Incidente tra veicoli,2,0
2020,Lecce,Nardò,Nell'Abitato,Strada Urbana,Incrocio,Incidente tra veicoli,1,0
2020,Lecce,Maglie,Nell'Abitato,Strada Urbana,Incrocio,Incidente tra veicoli,1,0
2020,Lecce,Leverano,Nell'Abitato,Strada Urbana,Incrocio,Incidente tra veicoli,1,0
2020,Lecce,San Cesario di Lecce,Nell'Abitato,Strada Urbana,Incrocio,Incidente tra veicoli,1,0
2020,Lecce,Nardò,Nell'Abitato,Strada Urbana,Incrocio,Incidente tra veicoli,2,0
2020,Lecce,Casarano,Nell'Abitato,Strada Urbana,Incrocio,Incidente tra veicoli,2,0
2020,Lecce,Melissano,Fuori Abitato,Strada Statale,Rettilineo,Incidente tra veicoli,1,0
2020,Lecce,Soleto,Fuori Abitato,Strada Provinciale,Rettilineo,Incidente a veicolo isolato,1,0
2020,Lecce,Ugento,Fuori Abitato,Strada Provinciale,Rettilineo,Incidente tra veicoli,2,0
2020,Lecce,Squinzano,Nell'Abitato,Strada Urbana,Rettilineo,Incidente tra veicoli,1,0
2020,Lecce,Galatina,Nell'Abitato,Strada Urbana,Incrocio,Incidente tra veicoli,1,0
2020,Lecce,Lequile,Nell'Abitato,Strada Urbana,Rotatoria,Investimento di pedone,1,0
2020,Lecce,Salice Salentino,Fuori Abitato,Strada Provinciale,Curva,Incidente tra veicoli,1,0
2020,Lecce,Copertino,Nell'Abitato,Strada Urbana,Rettilineo,Incidente tra veicoli,1,0
2020,Lecce,San Cesario di Lecce,Fuori Abitato,Strada Provinciale,Rettilineo,Incidente tra veicoli,2,0
2020,Lecce,Trepuzzi,Nell'Abitato,Strada Urbana,Curva,Incidente tra veicoli,1,0
2020,Lecce,Arnesano,Fuori Abitato,Strada Provinciale,Incrocio,Incidente tra veicoli,2,0
2020,Lecce,Maglie,Nell'Abitato,Strada Urbana,Incrocio,Incidente tra veicoli,2,0
2020,Lecce,Campi Salentina,Nell'Abitato,Strada Urbana,Incrocio,Incidente tra veicoli,1,0
2020,Lecce,Trepuzzi,Nell'Abitato,Strada Urbana,Incrocio,Incidente tra veicoli,1,0
2020,Lecce,Copertino,Fuori Abitato,Strada Provinciale,Rettilineo,Incidente tra veicoli,2,0
2020,Lecce,San Cesario di Lecce,Nell'Abitato,Strada Urbana,Incrocio,Incidente tra veicoli,1,0
2020,Lecce,Copertino,Nell'Abitato,Strada Urbana,Rettilineo,Incidente tra veicoli,4,0
2020,Lecce,Galatina,Nell'Abitato,Strada Urbana,Rettilineo,Incidente tra veicoli,1,0
2020,Lecce,Campi Salentina,Fuori Abitato,Strada Statale,Rettilineo,Incidente tra veicoli,1,0
2020,Lecce,Galatone,Nell'Abitato,Strada Urbana,Incrocio,Incidente tra veicoli,2,0
2020,Lecce,Ruffano,Nell'Abitato,Strada Urbana,Rettilineo,Incidente tra veicoli,1,0
2020,Lecce,Ugento,Nell'Abitato,Strada Urbana,Rettilineo,Incidente tra veicoli,1,0
2020,Lecce,Squinzano,Fuori Abitato,Strada Provinciale,Incrocio,Incidente tra veicoli,3,0
2020,Lecce,Ugento,Nell'Abitato,Strada Urbana,Incrocio,Incidente tra veicoli,1,0
2020,Lecce,Casarano,Nell'Abitato,Strada Urbana,Rettilineo,Incidente tra veicoli,1,0
2020,Lecce,Galatina,Fuori Abitato,Strada Provinciale,Rettilineo,Incidente tra veicoli,3,0
2020,Lecce,Lecce,Nell'Abitato,Strada Urbana,Rettilineo,Incidente tra veicoli,1,0
2020,Lecce,Lecce,Nell'Abitato,Strada Urbana,Incrocio,Incidente tra veicoli,1,0
2020,Lecce,Lecce,Nell'Abitato,Strada Urbana,Rettilineo,Incidente tra veicoli,1,0
2020,Lecce,Lecce,Nell'Abitato,Strada Urbana,Rettilineo,Incidente tra veicoli,1,0
2020,Lecce,Novoli,Nell'Abitato,Strada Urbana,Incrocio,Incidente tra veicoli,2,0
2020,Lecce,Parabita,Nell'Abitato,Strada Urbana,Rettilineo,Incidente tra veicoli,1,0
2020,Lecce,Campi Salentina,Fuori Abitato,Strada Statale,Rettilineo,Incidente tra veicoli,2,0
2020,Lecce,Galatina,Nell'Abitato,Strada Urbana,Incrocio,Incidente tra veicoli,3,0
2020,Lecce,Galatina,Nell'Abitato,Strada Urbana,Incrocio,Incidente tra veicoli,1,0
2020,Lecce,Soleto,Nell'Abitato,Strada Urbana,Incrocio,Incidente tra veicoli,1,0
2020,Lecce,Trepuzzi,Fuori Abitato,Strada Statale,Rettilineo,Incidente tra veicoli,1,0
2020,Lecce,Parabita,Fuori Abitato,Strada Provinciale,Curva,Incidente a veicolo isolato,1,0
2020,Lecce,Spongano,Nell'Abitato,Strada Urbana,Rettilineo,Incidente a veicolo isolato,1,0
2020,Lecce,Vernole,Fuori Abitato,Strada comunale extraurbana,Rettilineo,Incidente a veicolo isolato,0,1
2020,Lecce,Salice Salentino,Fuori Abitato,Altra strada,Rettilineo,Investimento di pedone,2,0
2020,Lecce,Tricase,Fuori Abitato,Strada Provinciale,Rettilineo,Investimento di pedone,1,0
2020,Lecce,Squinzano,Nell'Abitato,Strada Urbana,Rettilineo,Incidente tra veicoli,1,0
2020,Lecce,Alessano,Fuori Abitato,Strada comunale extraurbana,Rettilineo,Incidente tra veicoli,1,0
2020,Lecce,Salve,Fuori Abitato,Strada comunale extraurbana,Incrocio,Incidente tra veicoli,1,0
2020,Lecce,Tricase,Nell'Abitato,Strada Urbana,Incrocio,Incidente tra veicoli,2,0
2020,Lecce,Corigliano d 'Otranto,Fuori Abitato,Strada Provinciale,Rettilineo,Incidente tra veicoli,2,0
2020,Lecce,Maglie,Nell'Abitato,Strada Urbana,Incrocio,Incidente tra veicoli,1,0
2020,Lecce,Maglie,Nell'Abitato,Strada Urbana,Rettilineo,Incidente tra veicoli,1,0
2020,Lecce,Carmiano,Nell'Abitato,Strada Urbana,Incrocio,Incidente tra veicoli,1,0
2020,Lecce,Carmiano,Nell'Abitato,Strada Urbana,Incrocio,Incidente tra veicoli,1,0
2020,Lecce,Arnesano,Fuori Abitato,Strada Provinciale,Incrocio,Incidente tra veicoli,1,0
2020,Lecce,Muro Leccese,Nell'Abitato,Strada Urbana,Rettilineo,Incidente tra veicoli,1,0
2020,Lecce,Monteroni di Lecce,Nell'Abitato,Strada Urbana,Rettilineo,Incidente tra veicoli,1,0
2020,Lecce,Lecce,Nell'Abitato,Strada Urbana,Rettilineo,Investimento di pedone,1,0
2020,Lecce,Lecce,Nell'Abitato,Strada Urbana,Incrocio,Incidente tra veicoli,2,0
2020,Lecce,Lecce,Fuori Abitato,Strada comunale extraurbana,Rettilineo,Incidente a veicolo isolato,1,0
2020,Lecce,Lecce,Nell'Abitato,Strada Urbana,Curva,Incidente a veicolo isolato,0,1
2020,Lecce,Lecce,Nell'Abitato,Strada Urbana,Rettilineo,Investimento di pedone,1,0
2020,Lecce,Lecce,Nell'Abitato,Strada Urbana,Rettilineo,Incidente a veicolo isolato,1,0
2020,Lecce,Lecce,Nell'Abitato,Strada Urbana,Incrocio,Incidente tra veicoli,1,0
2020,Lecce,Lecce,Nell'Abitato,Strada Urbana,Rettilineo,Incidente tra veicoli,1,0
2020,Lecce,Lecce,Nell'Abitato,Strada Urbana,Incrocio,Incidente tra veicoli,1,0
2020,Lecce,Lecce,Fuori Abitato,Strada comunale extraurbana,Incrocio,Incidente tra veicoli,3,0
2020,Lecce,Lecce,Nell'Abitato,Strada Urbana,Curva,Incidente tra veicoli,2,0
2020,Lecce,Lecce,Nell'Abitato,Strada Urbana,Incrocio,Incidente tra veicoli,1,0
2020,Lecce,Lecce,Nell'Abitato,Strada Urbana,Rettilineo,Incidente tra veicoli,1,0
2020,Lecce,Lizzanello,Nell'Abitato,Strada Urbana,Rettilineo,Incidente tra veicoli,2,0
2020,Lecce,Nardò,Nell'Abitato,Strada Urbana,Incrocio,Incidente tra veicoli,1,0
2020,Lecce,Copertino,Nell'Abitato,Strada Urbana,Incrocio,Incidente tra veicoli,1,0
2020,Lecce,Sannicola,Nell'Abitato,Strada Urbana,Incrocio,Incidente a veicolo isolato,1,0
2020,Lecce,Surbo,Nell'Abitato,Strada Urbana,Rettilineo,Incidente tra veicoli,2,0
2020,Lecce,Tricase,Nell'Abitato,Strada Urbana,Incrocio,Incidente tra veicoli,2,0
2020,Lecce,Lizzanello,Nell'Abitato,Strada Urbana,Incrocio,Incidente tra veicoli,1,0
2020,Lecce,Casarano,Fuori Abitato,Strada Provinciale,Rettilineo,Incidente tra veicoli,4,0
2020,Lecce,Taviano,Nell'Abitato,Strada Urbana,Rettilineo,Investimento di pedone,1,0
2020,Lecce,Ugento,Fuori Abitato,Strada Provinciale,Rotatoria,Incidente tra veicoli,1,0
2020,Lecce,Melissano,Nell'Abitato,Strada Urbana,Incrocio,Incidente tra veicoli,1,0
2020,Lecce,Parabita,Nell'Abitato,Strada Provinciale,Rettilineo,Incidente a veicolo isolato,1,0
2020,Lecce,Melissano,Nell'Abitato,Strada Urbana,Incrocio,Incidente tra veicoli,3,0
2020,Lecce,Casarano,Nell'Abitato,Strada Urbana,Incrocio,Incidente tra veicoli,3,0
2020,Lecce,Galatone,Nell'Abitato,Strada Urbana,Rettilineo,Incidente tra veicoli,1,0
2020,Lecce,Taviano,Nell'Abitato,Strada Urbana,Incrocio,Incidente tra veicoli,1,0
2020,Lecce,Casarano,Nell'Abitato,Strada Urbana,Incrocio,Incidente tra veicoli,2,0
2020,Lecce,Lequile,Nell'Abitato,Strada Urbana,Incrocio,Incidente tra veicoli,2,0
2020,Lecce,Salice Salentino,Nell'Abitato,Strada Urbana,Rettilineo,Incidente tra veicoli,1,0
2020,Lecce,San Cesario di Lecce,Nell'Abitato,Strada Urbana,Rettilineo,Incidente a veicolo isolato,1,0
2020,Lecce,Squinzano,Nell'Abitato,Strada Urbana,Rettilineo,Incidente a veicolo isolato,1,0
2020,Lecce,Soleto,Fuori Abitato,Strada Provinciale,Rotatoria,Incidente tra veicoli,2,0
2020,Lecce,Tricase,Nell'Abitato,Strada Urbana,Rettilineo,Incidente a veicolo isolato,1,0
2020,Lecce,Carpignano Salentino,Fuori Abitato,Strada Provinciale,Rettilineo,Incidente tra veicoli,1,0
2020,Lecce,Monteroni di Lecce,Nell'Abitato,Strada Urbana,Incrocio,Incidente tra veicoli,1,0
2020,Lecce,Melissano,Fuori Abitato,Strada Provinciale,Rettilineo,Incidente tra veicoli,2,0
2020,Lecce,Taviano,Fuori Abitato,Strada Provinciale,Rettilineo,Incidente tra veicoli,2,0
2020,Lecce,Surano,Fuori Abitato,Strada Statale,Rettilineo,Incidente tra veicoli,1,0
2020,Lecce,Racale,Fuori Abitato,Strada Statale,Rettilineo,Incidente tra veicoli,2,0
2020,Lecce,Monteroni di Lecce,Nell'Abitato,Strada Urbana,Incrocio,Incidente tra veicoli,1,0
2020,Lecce,Lecce,Fuori Abitato,Strada Provinciale,Rettilineo,Incidente tra veicoli,1,0
2020,Lecce,Lecce,Nell'Abitato,Strada Urbana,Rettilineo,Incidente tra veicoli,1,0
2020,Lecce,Lecce,Nell'Abitato,Strada Urbana,Rotatoria,Incidente tra veicoli,1,0
2020,Lecce,Lecce,Nell'Abitato,Strada Urbana,Incrocio,Incidente tra veicoli,1,0
2020,Lecce,Lecce,Fuori Abitato,Strada Provinciale,Rettilineo,Incidente a veicolo isolato,1,0
2020,Lecce,Lecce,Fuori Abitato,Strada Provinciale,Curva,Incidente a veicolo isolato,1,0
2020,Lecce,Lecce,Nell'Abitato,Strada Urbana,Incrocio,Incidente tra veicoli,1,0
2020,Lecce,Lecce,Fuori Abitato,Strada Statale,Rettilineo,Incidente tra veicoli,1,0
2020,Lecce,Lecce,Nell'Abitato,Strada Urbana,Incrocio,Incidente tra veicoli,2,0
2020,Lecce,Lecce,Nell'Abitato,Strada Urbana,Curva,Incidente tra veicoli,1,0
2020,Lecce,Nardò,Nell'Abitato,Strada Urbana,Incrocio,Incidente tra veicoli,1,0
2020,Lecce,Nardò,Fuori Abitato,Strada comunale extraurbana,Rettilineo,Incidente a veicolo isolato,1,0
2020,Lecce,Matino,Nell'Abitato,Strada Urbana,Rettilineo,Investimento di pedone,1,0
2020,Lecce,Aradeo,Nell'Abitato,Strada Urbana,Incrocio,Investimento di pedone,0,1
2020,Lecce,Trepuzzi,Nell'Abitato,Strada Urbana,Incrocio,Investimento di pedone,1,0
2020,Lecce,Casarano,Nell'Abitato,Strada Provinciale,Incrocio,Incidente tra veicoli,2,0
2020,Lecce,Casarano,Fuori Abitato,Strada Provinciale,Incrocio,Incidente tra veicoli,1,0
2020,Lecce,Galatina,Nell'Abitato,Strada Urbana,Incrocio,Incidente tra veicoli,2,0
2020,Lecce,Nardò,Fuori Abitato,Strada Provinciale,Incrocio,Incidente tra veicoli,1,0
2020,Lecce,Otranto,Fuori Abitato,Strada Provinciale,Rettilineo,Incidente a veicolo isolato,1,0
2020,Lecce,Galatina,Fuori Abitato,Strada Statale,Rettilineo,Incidente tra veicoli,1,0
2020,Lecce,Galatone,Fuori Abitato,Strada Statale,Rettilineo,Incidente tra veicoli,1,0
2020,Lecce,Melpignano,Fuori Abitato,Strada Statale,Rettilineo,Incidente tra veicoli,1,0
2020,Lecce,Nardò,Nell'Abitato,Strada Urbana,Incrocio,Incidente a veicolo isolato,1,0
2020,Lecce,Otranto,Fuori Abitato,Strada Provinciale,Rettilineo,Incidente tra veicoli,2,0
2020,Lecce,Porto Cesareo,Nell'Abitato,Strada Provinciale,Incrocio,Incidente tra veicoli,1,0
2020,Lecce,Morciano di Leuca,Nell'Abitato,Strada Provinciale,Rettilineo,Investimento di pedone,1,0
2020,Lecce,Tricase,Fuori Abitato,Strada Provinciale,Rettilineo,Incidente a veicolo isolato,1,0
2020,Lecce,Tricase,Nell'Abitato,Strada Urbana,Incrocio,Incidente tra veicoli,3,0
2020,Lecce,Tiggiano,Nell'Abitato,Strada Urbana,Incrocio,Incidente tra veicoli,2,0
2020,Lecce,Gallipoli,Fuori Abitato,Strada Statale,Rettilineo,Incidente tra veicoli,0,1
2020,Lecce,Cursi,Nell'Abitato,Strada Urbana,Rettilineo,Incidente a veicolo isolato,1,0
2020,Lecce,Parabita,Nell'Abitato,Strada Urbana,Incrocio,Incidente tra veicoli,1,0
2020,Lecce,Carmiano,Nell'Abitato,Strada Urbana,Rettilineo,Incidente tra veicoli,1,0
2020,Lecce,Santa Cesarea Terme,Fuori Abitato,Strada Provinciale,Rettilineo,Incidente tra veicoli,1,0
2020,Lecce,Salve,Nell'Abitato,Strada Provinciale,Rettilineo,Investimento di pedone,1,0
2020,Lecce,Lequile,Fuori Abitato,Strada Provinciale,Curva,Incidente a veicolo isolato,1,0
2020,Lecce,Vernole,Fuori Abitato,Strada comunale extraurbana,Rettilineo,Incidente a veicolo isolato,1,0
2020,Lecce,Caprarica di Lecce,Nell'Abitato,Strada Provinciale,Incrocio,Incidente a veicolo isolato,1,0
2020,Lecce,Salve,Nell'Abitato,Strada Urbana,Incrocio,Incidente tra veicoli,1,0
2020,Lecce,Melendugno,Nell'Abitato,Strada Urbana,Incrocio,Investimento di pedone,1,0
2020,Lecce,Giuggianello,Nell'Abitato,Strada Provinciale,Incrocio,Incidente tra veicoli,2,0
2020,Lecce,Cursi,Fuori Abitato,Strada Provinciale,Curva,Incidente tra veicoli,2,0
2020,Lecce,Maglie,Nell'Abitato,Strada Urbana,Incrocio,Incidente tra veicoli,2,0
2020,Lecce,Tuglie,Nell'Abitato,Strada Urbana,Rettilineo,Incidente tra veicoli,1,0
2020,Lecce,Sogliano Cavour,Nell'Abitato,Strada Urbana,Rettilineo,Incidente tra veicoli,1,0
2020,Lecce,Muro Leccese,Nell'Abitato,Strada Urbana,Incrocio,Incidente tra veicoli,1,0
2020,Lecce,Carmiano,Fuori Abitato,Strada Provinciale,Rettilineo,Incidente tra veicoli,1,0
2020,Lecce,Lizzanello,Nell'Abitato,Strada Urbana,Incrocio,Incidente tra veicoli,2,0
2020,Lecce,Scorrano,Nell'Abitato,Strada Urbana,Incrocio,Incidente tra veicoli,3,0
2020,Lecce,Monteroni di Lecce,Nell'Abitato,Strada Urbana,Incrocio,Incidente tra veicoli,1,0
2020,Lecce,Lecce,Nell'Abitato,Strada Urbana,Incrocio,Incidente tra veicoli,1,0
2020,Lecce,Lecce,Nell'Abitato,Strada Urbana,Rettilineo,Incidente a veicolo isolato,1,0
2020,Lecce,Lecce,Nell'Abitato,Strada Urbana,Rettilineo,Investimento di pedone,1,0
2020,Lecce,Lecce,Nell'Abitato,Strada Urbana,Rettilineo,Incidente tra veicoli,1,0
2020,Lecce,Lecce,Fuori Abitato,Strada Provinciale,Rettilineo,Incidente a veicolo isolato,1,0
2020,Lecce,Lecce,Nell'Abitato,Strada Urbana,Incrocio,Incidente tra veicoli,1,0
2020,Lecce,Lecce,Nell'Abitato,Strada Urbana,Rettilineo,Investimento di pedone,1,0
2020,Lecce,Lecce,Nell'Abitato,Strada Urbana,Rettilineo,Investimento di pedone,1,0
2020,Lecce,Lecce,Nell'Abitato,Strada Urbana,Incrocio,Incidente tra veicoli,1,0
2020,Lecce,Lecce,Nell'Abitato,Strada Urbana,Rettilineo,Incidente a veicolo isolato,1,0
2020,Lecce,Lecce,Nell'Abitato,Strada Urbana,Incrocio,Incidente tra veicoli,2,0
2020,Lecce,Lecce,Fuori Abitato,Strada Provinciale,Rettilineo,Incidente tra veicoli,1,0
2020,Lecce,Lecce,Nell'Abitato,Strada Urbana,Rettilineo,Incidente tra veicoli,2,0
2020,Lecce,Lecce,Nell'Abitato,Strada Urbana,Rettilineo,Incidente tra veicoli,1,0
2020,Lecce,Lecce,Nell'Abitato,Strada Urbana,Incrocio,Incidente tra veicoli,1,0
2020,Lecce,Lecce,Nell'Abitato,Strada Urbana,Rettilineo,Incidente tra veicoli,1,0
2020,Lecce,Sogliano Cavour,Nell'Abitato,Strada Urbana,Incrocio,Incidente tra veicoli,2,0
2020,Lecce,Nardò,Nell'Abitato,Strada Urbana,Rettilineo,Incidente tra veicoli,2,0
2020,Lecce,Nardò,Nell'Abitato,Strada Urbana,Incrocio,Incidente tra veicoli,1,0
2020,Lecce,Nardò,Nell'Abitato,Strada Urbana,Incrocio,Incidente tra veicoli,2,0
2020,Lecce,Nardò,Nell'Abitato,Strada Urbana,Rettilineo,Incidente tra veicoli,1,0
2020,Lecce,Nardò,Nell'Abitato,Strada Urbana,Incrocio,Incidente tra veicoli,3,0
2020,Lecce,Parabita,Nell'Abitato,Strada Urbana,Rettilineo,Incidente a veicolo isolato,1,0
2020,Lecce,Surbo,Nell'Abitato,Strada Urbana,Incrocio,Incidente tra veicoli,1,0
2020,Lecce,Salice Salentino,Nell'Abitato,Strada Urbana,Incrocio,Incidente tra veicoli,1,0
2020,Lecce,Galatone,Nell'Abitato,Strada Urbana,Incrocio,Investimento di pedone,1,0
2020,Lecce,Monteroni di Lecce,Nell'Abitato,Strada Urbana,Incrocio,Incidente tra veicoli,1,0
2020,Lecce,Monteroni di Lecce,Nell'Abitato,Strada Urbana,Rettilineo,Incidente tra veicoli,1,0
2020,Lecce,Galatone,Nell'Abitato,Strada Provinciale,Rettilineo,Incidente a veicolo isolato,1,0
2020,Lecce,Galatone,Nell'Abitato,Strada Urbana,Rettilineo,Incidente tra veicoli,1,0
2020,Lecce,Galatone,Nell'Abitato,Strada Urbana,Rettilineo,Incidente a veicolo isolato,1,0
2020,Lecce,Alliste,Nell'Abitato,Strada Urbana,Rotatoria,Investimento di pedone,1,0
2020,Lecce,Parabita,Nell'Abitato,Strada Provinciale,Incrocio,Incidente a veicolo isolato,1,0
2020,Lecce,Poggiardo,Fuori Abitato,Strada Provinciale,Rotatoria,Incidente a veicolo isolato,1,0
2020,Lecce,Taviano,Nell'Abitato,Strada Urbana,Incrocio,Incidente tra veicoli,1,0
2020,Lecce,Trepuzzi,Nell'Abitato,Strada Urbana,Curva,Incidente tra veicoli,1,0
2020,Lecce,Aradeo,Nell'Abitato,Strada Urbana,Incrocio,Incidente tra veicoli,2,0
2020,Lecce,Galatina,Nell'Abitato,Strada Urbana,Incrocio,Incidente tra veicoli,1,0
2020,Lecce,Aradeo,Nell'Abitato,Strada Urbana,Rettilineo,Incidente tra veicoli,1,0
2020,Lecce,Matino,Nell'Abitato,Strada Urbana,Incrocio,Incidente tra veicoli,1,0
2020,Lecce,Matino,Nell'Abitato,Strada Urbana,Incrocio,Incidente tra veicoli,1,0
2020,Lecce,Ruffano,Nell'Abitato,Strada Urbana,Incrocio,Incidente tra veicoli,1,0
2020,Lecce,Ugento,Nell'Abitato,Strada Urbana,Rettilineo,Incidente tra veicoli,1,0
2020,Lecce,Trepuzzi,Nell'Abitato,Strada Urbana,Rettilineo,Incidente tra veicoli,1,0
2020,Lecce,Lecce,Nell'Abitato,Strada Urbana,Rettilineo,Incidente tra veicoli,1,0
2020,Lecce,Galatina,Nell'Abitato,Strada Urbana,Incrocio,Incidente tra veicoli,1,0
2020,Lecce,Sogliano Cavour,Fuori Abitato,Strada comunale extraurbana,Incrocio,Incidente tra veicoli,3,0
2020,Lecce,Lecce,Fuori Abitato,Strada Provinciale,Curva,Incidente tra veicoli,1,0
2020,Lecce,Vernole,Fuori Abitato,Strada Provinciale,Incrocio,Incidente a veicolo isolato,1,0
2020,Lecce,Otranto,Fuori Abitato,Strada Provinciale,Rettilineo,Incidente a veicolo isolato,1,0
2020,Lecce,Sogliano Cavour,Fuori Abitato,Strada Provinciale,Incrocio,Incidente a veicolo isolato,1,0
2020,Lecce,Galatone,Fuori Abitato,Strada Statale,Rettilineo,Incidente tra veicoli,2,0
2020,Lecce,Otranto,Fuori Abitato,Strada Provinciale,Curva,Incidente tra veicoli,1,0
2020,Lecce,Sannicola,Fuori Abitato,Strada Statale,Rettilineo,Incidente tra veicoli,4,0
2020,Lecce,Otranto,Fuori Abitato,Strada Statale,Rettilineo,Incidente tra veicoli,2,1
2020,Lecce,Galatina,Fuori Abitato,Strada Statale,Rettilineo,Incidente a veicolo isolato,1,0
2020,Lecce,Nardò,Fuori Abitato,Strada Provinciale,Rotatoria,Incidente a veicolo isolato,1,0
2020,Lecce,Sternatia,Fuori Abitato,Strada Statale,Rettilineo,Incidente a veicolo isolato,1,0
2020,Lecce,Squinzano,Fuori Abitato,Strada Statale,Rettilineo,Incidente tra veicoli,2,0
2020,Lecce,Lecce,Fuori Abitato,Strada Statale,Rettilineo,Incidente tra veicoli,1,0
2020,Lecce,Maglie,Fuori Abitato,Strada Statale,Incrocio,Incidente tra veicoli,2,0
2020,Lecce,Cavallino,Fuori Abitato,Strada Statale,Incrocio,Incidente tra veicoli,1,0
2020,Lecce,Aradeo,Nell'Abitato,Strada Urbana,Curva,Incidente a veicolo isolato,1,0
2020,Lecce,Muro Leccese,Nell'Abitato,Strada Urbana,Incrocio,Incidente tra veicoli,1,0
2020,Lecce,Salve,Nell'Abitato,Strada Urbana,Rettilineo,Incidente a veicolo isolato,1,0
2020,Lecce,Corsano,Fuori Abitato,Strada Provinciale,Curva,Incidente a veicolo isolato,1,0
2020,Lecce,Vernole,Fuori Abitato,Strada Provinciale,Curva,Incidente a veicolo isolato,0,1
2020,Lecce,Monteroni di Lecce,Nell'Abitato,Strada Urbana,Incrocio,Incidente tra veicoli,1,0
2020,Lecce,Castro,Fuori Abitato,Strada Provinciale,Curva,Investimento di pedone,2,0
2020,Lecce,Sannicola,Fuori Abitato,Strada Provinciale,Rettilineo,Incidente a veicolo isolato,1,0
2020,Lecce,Porto Cesareo,Nell'Abitato,Strada Urbana,Incrocio,Incidente a veicolo isolato,2,0
2020,Lecce,Ruffano,Nell'Abitato,Strada Urbana,Rettilineo,Incidente a veicolo isolato,1,0
2020,Lecce,Salve,Nell'Abitato,Strada Urbana,Rettilineo,Incidente a veicolo isolato,2,0
2020,Lecce,Gagliano del Capo,Fuori Abitato,Strada Provinciale,Curva,Incidente a veicolo isolato,1,0
2020,Lecce,Guagnano,Nell'Abitato,Strada Provinciale,Incrocio,Incidente tra veicoli,1,0
2020,Lecce,Campi Salentina,Nell'Abitato,Strada Statale,Rotatoria,Incidente a veicolo isolato,0,1
2020,Lecce,Castro,Fuori Abitato,Strada Provinciale,Incrocio,Incidente a veicolo isolato,2,0
2020,Lecce,Tiggiano,Fuori Abitato,Strada Provinciale,Rettilineo,Incidente tra veicoli,2,0
2020,Lecce,Martano,Fuori Abitato,Strada Provinciale,Rotatoria,Incidente tra veicoli,1,0
2020,Lecce,Ugento,Fuori Abitato,Strada Provinciale,Rettilineo,Incidente tra veicoli,1,0
2020,Lecce,Sannicola,Nell'Abitato,Strada Urbana,Rettilineo,Incidente tra veicoli,2,0
2020,Lecce,Nardò,Fuori Abitato,Strada Provinciale,Rettilineo,Incidente a veicolo isolato,1,0
2020,Lecce,Nardò,Fuori Abitato,Strada Provinciale,Rettilineo,Incidente tra veicoli,4,0
2020,Lecce,Corsano,Nell'Abitato,Strada Urbana,Incrocio,Incidente tra veicoli,1,0
2020,Lecce,Salve,Nell'Abitato,Strada Urbana,Rettilineo,Incidente tra veicoli,1,0
2020,Lecce,Maglie,Fuori Abitato,Strada Provinciale,Rettilineo,Incidente tra veicoli,2,0
2020,Lecce,Gagliano del Capo,Fuori Abitato,Strada Statale,Rettilineo,Incidente tra veicoli,1,0
2020,Lecce,Porto Cesareo,Nell'Abitato,Strada Provinciale,Curva,Incidente tra veicoli,1,0
2020,Lecce,Gallipoli,Nell'Abitato,Strada Urbana,Rettilineo,Incidente tra veicoli,1,0
2020,Lecce,Otranto,Fuori Abitato,Strada Provinciale,Rettilineo,Incidente tra veicoli,2,0
2020,Lecce,Morciano di Leuca,Fuori Abitato,Strada Provinciale,Rettilineo,Incidente tra veicoli,1,0
2020,Lecce,Ugento,Fuori Abitato,Strada Provinciale,Curva,Incidente tra veicoli,2,0
2020,Lecce,Casarano,Nell'Abitato,Strada Urbana,Incrocio,Incidente tra veicoli,1,0
2020,Lecce,Spongano,Fuori Abitato,Strada Provinciale,Curva,Incidente tra veicoli,2,0
2020,Lecce,Squinzano,Nell'Abitato,Strada Urbana,Rettilineo,Incidente tra veicoli,1,0
2020,Lecce,Porto Cesareo,Nell'Abitato,Strada Urbana,Incrocio,Incidente tra veicoli,1,0
2020,Lecce,Corigliano d 'Otranto,Nell'Abitato,Strada Urbana,Incrocio,Incidente tra veicoli,1,0
2020,Lecce,Ugento,Fuori Abitato,Strada Provinciale,Incrocio,Incidente tra veicoli,3,0
2020,Lecce,Maglie,Nell'Abitato,Strada Urbana,Incrocio,Incidente tra veicoli,2,0
2020,Lecce,Squinzano,Nell'Abitato,Strada Urbana,Incrocio,Incidente tra veicoli,1,0
2020,Lecce,Corsano,Nell'Abitato,Strada Urbana,Incrocio,Incidente tra veicoli,1,0
2020,Lecce,Aradeo,Nell'Abitato,Strada Urbana,Incrocio,Incidente tra veicoli,3,0
2020,Lecce,Scorrano,Nell'Abitato,Strada Urbana,Incrocio,Incidente tra veicoli,4,0
2020,Lecce,Alliste,Fuori Abitato,Strada Provinciale,Incrocio,Incidente tra veicoli,5,0
2020,Lecce,Veglie,Nell'Abitato,Strada Provinciale,Rettilineo,Incidente tra veicoli,3,0
2020,Lecce,Miggiano,Fuori Abitato,Strada Provinciale,Incrocio,Incidente tra veicoli,2,0
2020,Lecce,Monteroni di Lecce,Nell'Abitato,Strada Urbana,Incrocio,Incidente tra veicoli,1,0
2020,Lecce,Corigliano d 'Otranto,Nell'Abitato,Strada Urbana,Incrocio,Incidente tra veicoli,2,0
2020,Lecce,Cavallino,Fuori Abitato,Strada Statale,Rettilineo,Incidente tra veicoli,1,1
2020,Lecce,Palmariggi,Nell'Abitato,Strada Urbana,Rettilineo,Incidente tra veicoli,1,0
2020,Lecce,Specchia,Fuori Abitato,Strada Provinciale,Rettilineo,Incidente tra veicoli,1,0
2020,Lecce,Uggiano la Chiesa,Nell'Abitato,Strada Urbana,Rettilineo,Incidente tra veicoli,3,0
2020,Lecce,Muro Leccese,Nell'Abitato,Strada Urbana,Incrocio,Incidente tra veicoli,2,0
2020,Lecce,Nardò,Fuori Abitato,Strada Provinciale,Rettilineo,Incidente tra veicoli,1,0
2020,Lecce,Campi Salentina,Nell'Abitato,Strada Urbana,Incrocio,Incidente tra veicoli,1,0
2020,Lecce,Andrano,Nell'Abitato,Strada Provinciale,Incrocio,Incidente tra veicoli,2,0
2020,Lecce,Patù,Fuori Abitato,Strada Statale,Rettilineo,Incidente tra veicoli,3,0
2020,Lecce,Gallipoli,Nell'Abitato,Strada Urbana,Incrocio,Incidente tra veicoli,1,0
2020,Lecce,Cavallino,Fuori Abitato,Strada comunale extraurbana,Curva,Incidente tra veicoli,2,0
2020,Lecce,Specchia,Fuori Abitato,Strada Provinciale,Rettilineo,Incidente tra veicoli,1,0
2020,Lecce,Scorrano,Nell'Abitato,Strada Urbana,Rettilineo,Incidente tra veicoli,1,0
2020,Lecce,Taviano,Fuori Abitato,Strada Provinciale,Rettilineo,Incidente tra veicoli,4,0
2020,Lecce,Monteroni di Lecce,Nell'Abitato,Strada Urbana,Incrocio,Incidente tra veicoli,2,0
2020,Lecce,Lecce,Fuori Abitato,Strada Provinciale,Rettilineo,Incidente tra veicoli,2,0
2020,Lecce,Lecce,Nell'Abitato,Strada Urbana,Incrocio,Incidente tra veicoli,1,0
2020,Lecce,Lecce,Nell'Abitato,Strada Urbana,Incrocio,Incidente tra veicoli,1,0
2020,Lecce,Lecce,Nell'Abitato,Strada Urbana,Incrocio,Incidente tra veicoli,1,0
2020,Lecce,Lecce,Nell'Abitato,Strada Urbana,Rettilineo,Investimento di pedone,1,0
2020,Lecce,Lecce,Nell'Abitato,Strada Urbana,Rettilineo,Incidente tra veicoli,1,0
2020,Lecce,Lecce,Fuori Abitato,Strada comunale extraurbana,Rettilineo,Incidente a veicolo isolato,1,0
2020,Lecce,Lecce,Nell'Abitato,Strada Urbana,Rettilineo,Investimento di pedone,1,0
2020,Lecce,Lecce,Nell'Abitato,Strada Urbana,Incrocio,Incidente tra veicoli,1,0
2020,Lecce,Lecce,Fuori Abitato,Strada comunale extraurbana,Rettilineo,Incidente a veicolo isolato,1,0
2020,Lecce,Lecce,Nell'Abitato,Strada Urbana,Incrocio,Investimento di pedone,1,0
2020,Lecce,Lecce,Nell'Abitato,Strada Urbana,Rettilineo,Investimento di pedone,1,0
2020,Lecce,Lecce,Nell'Abitato,Strada Urbana,Rettilineo,Investimento di pedone,1,0
2020,Lecce,Lecce,Fuori Abitato,Strada comunale extraurbana,Curva,Incidente a veicolo isolato,1,0
2020,Lecce,Lecce,Nell'Abitato,Strada Urbana,Incrocio,Incidente tra veicoli,1,0
2020,Lecce,Lecce,Fuori Abitato,Strada Provinciale,Rettilineo,Incidente a veicolo isolato,1,0
2020,Lecce,Galatone,Nell'Abitato,Strada Urbana,Incrocio,Incidente tra veicoli,1,0
2020,Lecce,Lecce,Nell'Abitato,Strada Urbana,Incrocio,Incidente tra veicoli,1,1
2020,Lecce,Lecce,Nell'Abitato,Strada Urbana,Rettilineo,Incidente tra veicoli,1,0
2020,Lecce,Lecce,Nell'Abitato,Strada Urbana,Curva,Incidente tra veicoli,1,0
2020,Lecce,Lecce,Nell'Abitato,Strada Urbana,Rettilineo,Incidente tra veicoli,1,0
2020,Lecce,Lecce,Nell'Abitato,Strada Urbana,Rettilineo,Incidente tra veicoli,1,0
2020,Lecce,Lecce,Nell'Abitato,Strada Urbana,Incrocio,Incidente tra veicoli,3,0
2020,Lecce,Lecce,Nell'Abitato,Strada Urbana,Incrocio,Incidente tra veicoli,1,0
2020,Lecce,Lecce,Nell'Abitato,Strada Urbana,Incrocio,Incidente tra veicoli,4,0
2020,Lecce,Lecce,Nell'Abitato,Strada Urbana,Incrocio,Incidente tra veicoli,2,0
2020,Lecce,Lecce,Fuori Abitato,Strada Provinciale,Incrocio,Incidente tra veicoli,1,0
2020,Lecce,Lecce,Nell'Abitato,Strada Urbana,Incrocio,Incidente tra veicoli,1,0
2020,Lecce,Lecce,Nell'Abitato,Strada Provinciale,Rettilineo,Incidente tra veicoli,1,0
2020,Lecce,Lecce,Nell'Abitato,Strada Urbana,Rettilineo,Incidente tra veicoli,2,0
2020,Lecce,Lecce,Nell'Abitato,Strada Urbana,Incrocio,Incidente tra veicoli,5,0
2020,Lecce,Lecce,Nell'Abitato,Strada Urbana,Incrocio,Incidente tra veicoli,2,0
2020,Lecce,Cutrofiano,Nell'Abitato,Strada Urbana,Incrocio,Incidente tra veicoli,4,0
2020,Lecce,Copertino,Nell'Abitato,Strada Urbana,Incrocio,Incidente tra veicoli,1,0
2020,Lecce,Nardò,Nell'Abitato,Strada Urbana,Incrocio,Incidente tra veicoli,1,0
2020,Lecce,Nardò,Nell'Abitato,Strada Urbana,Incrocio,Incidente tra veicoli,3,0
2020,Lecce,Nardò,Nell'Abitato,Strada Urbana,Incrocio,Incidente tra veicoli,1,0
2020,Lecce,Nardò,Nell'Abitato,Strada Urbana,Rettilineo,Incidente tra veicoli,1,0
2020,Lecce,Nardò,Nell'Abitato,Strada Urbana,Rettilineo,Incidente tra veicoli,1,0
2020,Lecce,Nardò,Nell'Abitato,Strada Urbana,Incrocio,Incidente tra veicoli,1,0
2020,Lecce,Gallipoli,Nell'Abitato,Strada Urbana,Incrocio,Incidente tra veicoli,1,0
2020,Lecce,Gallipoli,Nell'Abitato,Strada Urbana,Incrocio,Incidente tra veicoli,2,0
2020,Lecce,Gallipoli,Nell'Abitato,Strada Urbana,Rettilineo,Incidente tra veicoli,1,0
2020,Lecce,Racale,Nell'Abitato,Strada Urbana,Incrocio,Incidente tra veicoli,1,0
2020,Lecce,Racale,Nell'Abitato,Strada Urbana,Incrocio,Incidente tra veicoli,1,0
2020,Lecce,Casarano,Nell'Abitato,Strada Urbana,Incrocio,Incidente tra veicoli,1,0
2020,Lecce,Casarano,Nell'Abitato,Strada Urbana,Incrocio,Incidente tra veicoli,2,0
2020,Lecce,Leverano,Nell'Abitato,Strada Urbana,Incrocio,Incidente tra veicoli,1,0
2020,Lecce,Otranto,Fuori Abitato,Strada Statale,Curva,Incidente tra veicoli,1,0
2020,Lecce,Nardò,Fuori Abitato,Altra strada,Incrocio,Incidente tra veicoli,3,0
2020,Lecce,Galatina,Nell'Abitato,Strada Urbana,Incrocio,Incidente tra veicoli,1,0
2020,Lecce,Ruffano,Nell'Abitato,Strada Urbana,Rettilineo,Incidente tra veicoli,1,0
2020,Lecce,Galatone,Nell'Abitato,Strada Urbana,Rotatoria,Incidente tra veicoli,1,0
2020,Lecce,Campi Salentina,Fuori Abitato,Strada Statale,Rettilineo,Incidente tra veicoli,1,0
2020,Lecce,Galatina,Fuori Abitato,Strada comunale extraurbana,Rettilineo,Incidente a veicolo isolato,1,0
2020,Lecce,Campi Salentina,Fuori Abitato,Strada Statale,Incrocio,Incidente tra veicoli,1,0
2020,Lecce,Galatone,Nell'Abitato,Strada Urbana,Incrocio,Incidente tra veicoli,5,0
2020,Lecce,Trepuzzi,Nell'Abitato,Strada Urbana,Incrocio,Incidente tra veicoli,1,0
2020,Lecce,Ugento,Nell'Abitato,Strada Urbana,Rettilineo,Incidente tra veicoli,3,0
2020,Lecce,Alliste,Fuori Abitato,Strada Provinciale,Incrocio,Incidente tra veicoli,1,0
2020,Lecce,Galatina,Nell'Abitato,Strada Urbana,Rettilineo,Incidente tra veicoli,1,0
2020,Lecce,Casarano,Nell'Abitato,Strada Urbana,Incrocio,Incidente tra veicoli,1,0
2020,Lecce,Galatone,Nell'Abitato,Strada Provinciale,Incrocio,Incidente tra veicoli,2,0
2020,Lecce,Parabita,Nell'Abitato,Strada Urbana,Incrocio,Incidente tra veicoli,1,0
2020,Lecce,Alliste,Nell'Abitato,Strada Urbana,Incrocio,Incidente tra veicoli,1,0
2020,Lecce,Galatone,Nell'Abitato,Strada Urbana,Incrocio,Incidente tra veicoli,2,0
2020,Lecce,Salice Salentino,Nell'Abitato,Strada Urbana,Incrocio,Incidente tra veicoli,2,0
2020,Lecce,Matino,Nell'Abitato,Strada Urbana,Rotatoria,Incidente tra veicoli,1,0
2020,Lecce,Morciano di Leuca,Nell'Abitato,Strada Urbana,Incrocio,Incidente tra veicoli,1,0
2020,Lecce,Galatina,Fuori Abitato,Strada Provinciale,Incrocio,Incidente tra veicoli,1,0
2020,Lecce,Ruffano,Nell'Abitato,Strada Urbana,Rettilineo,Incidente tra veicoli,1,0
2020,Lecce,Lequile,Fuori Abitato,Strada Statale,Rettilineo,Incidente a veicolo isolato,2,0
2020,Lecce,San Cesario di Lecce,Fuori Abitato,Strada Statale,Curva,Incidente tra veicoli,3,0
2020,Lecce,Galatina,Fuori Abitato,Strada Statale,Rettilineo,Incidente tra veicoli,2,0
2020,Lecce,Trepuzzi,Fuori Abitato,Strada Statale,Rettilineo,Incidente a veicolo isolato,1,0
2020,Lecce,Cavallino,Fuori Abitato,Strada Statale,Rettilineo,Incidente tra veicoli,2,0
2020,Lecce,Ugento,Fuori Abitato,Strada Provinciale,Rettilineo,Incidente a veicolo isolato,1,0
2020,Lecce,Ugento,Fuori Abitato,Strada Provinciale,Rettilineo,Incidente tra veicoli,2,0
2020,Lecce,Nardò,Fuori Abitato,Strada Provinciale,Rettilineo,Incidente tra veicoli,1,0
2020,Lecce,Patù,Nell'Abitato,Strada Urbana,Rettilineo,Incidente a veicolo isolato,1,0
2020,Lecce,Calimera,Nell'Abitato,Strada Urbana,Incrocio,Incidente tra veicoli,1,0
2020,Lecce,Gallipoli,Nell'Abitato,Strada Urbana,Rettilineo,Incidente a veicolo isolato,1,0
2020,Lecce,Veglie,Fuori Abitato,Strada Provinciale,Rettilineo,Incidente a veicolo isolato,2,0
2020,Lecce,Racale,Nell'Abitato,Strada Urbana,Incrocio,Incidente tra veicoli,3,0
2020,Lecce,Porto Cesareo,Fuori Abitato,Strada Provinciale,Rettilineo,Incidente a veicolo isolato,1,0
2020,Lecce,Galatone,Fuori Abitato,Strada Statale,Curva,Incidente tra veicoli,3,0
2020,Lecce,Tricase,Nell'Abitato,Strada Urbana,Incrocio,Incidente a veicolo isolato,1,0
2020,Lecce,Gallipoli,Nell'Abitato,Strada Urbana,Incrocio,Incidente tra veicoli,2,0
2020,Lecce,Campi Salentina,Nell'Abitato,Strada Urbana,Incrocio,Incidente a veicolo isolato,1,0
2020,Lecce,San Cassiano,Nell'Abitato,Strada Urbana,Rettilineo,Incidente tra veicoli,1,0
2020,Lecce,Surano,Fuori Abitato,Strada Statale,Rettilineo,Incidente tra veicoli,2,0
2020,Lecce,Spongano,Nell'Abitato,Strada Urbana,Rettilineo,Incidente tra veicoli,0,1
2020,Lecce,Lecce,Nell'Abitato,Strada Urbana,Rettilineo,Incidente a veicolo isolato,2,0
2020,Lecce,Scorrano,Fuori Abitato,Strada Provinciale,Rettilineo,Investimento di pedone,2,0
2020,Lecce,San Cesario di Lecce,Nell'Abitato,Strada Provinciale,Incrocio,Incidente tra veicoli,1,0
2020,Lecce,Matino,Fuori Abitato,Strada Provinciale,Rettilineo,Incidente a veicolo isolato,1,0
2020,Lecce,San Pietro in Lama,Nell'Abitato,Strada Urbana,Curva,Incidente a veicolo isolato,1,0
2020,Lecce,Ruffano,Nell'Abitato,Strada Urbana,Rettilineo,Incidente a veicolo isolato,1,0
2020,Lecce,Squinzano,Nell'Abitato,Strada Provinciale,Rettilineo,Incidente a veicolo isolato,2,0
2020,Lecce,Novoli,Nell'Abitato,Strada Provinciale,Curva,Incidente a veicolo isolato,1,0
2020,Lecce,Andrano,Nell'Abitato,Strada Provinciale,Curva,Incidente a veicolo isolato,5,0
2020,Lecce,Porto Cesareo,Fuori Abitato,Strada Provinciale,Rettilineo,Incidente a veicolo isolato,3,0
2020,Lecce,Leverano,Fuori Abitato,Strada Provinciale,Rettilineo,Incidente tra veicoli,1,0
2020,Lecce,Gallipoli,Nell'Abitato,Strada Urbana,Incrocio,Incidente tra veicoli,2,0
2020,Lecce,Diso,Nell'Abitato,Strada Urbana,Incrocio,Incidente tra veicoli,1,0
2020,Lecce,Gallipoli,Nell'Abitato,Strada Urbana,Incrocio,Incidente tra veicoli,1,0
2020,Lecce,Porto Cesareo,Nell'Abitato,Strada Urbana,Curva,Incidente tra veicoli,1,0
2020,Lecce,Uggiano la Chiesa,Nell'Abitato,Strada Urbana,Incrocio,Incidente tra veicoli,1,0
2020,Lecce,Galatone,Nell'Abitato,Strada Urbana,Incrocio,Incidente tra veicoli,1,0
2020,Lecce,Maglie,Fuori Abitato,Strada Provinciale,Curva,Incidente tra veicoli,1,0
2020,Lecce,Casarano,Nell'Abitato,Strada Urbana,Incrocio,Incidente tra veicoli,2,0
2020,Lecce,Lecce,Fuori Abitato,Strada Provinciale,Curva,Incidente tra veicoli,2,0
2020,Lecce,Otranto,Fuori Abitato,Strada Provinciale,Rettilineo,Incidente tra veicoli,1,0
2020,Lecce,Corigliano d 'Otranto,Fuori Abitato,Strada Provinciale,Rettilineo,Incidente tra veicoli,1,0
2020,Lecce,Racale,Nell'Abitato,Strada Urbana,Incrocio,Incidente tra veicoli,1,0
2020,Lecce,Presicce-Acquarica,Nell'Abitato,Strada Urbana,Incrocio,Incidente tra veicoli,3,0
2020,Lecce,Nardò,Fuori Abitato,Strada Provinciale,Rettilineo,Incidente tra veicoli,1,0
2020,Lecce,Galatina,Fuori Abitato,Strada Provinciale,Rotatoria,Incidente tra veicoli,1,0
2020,Lecce,Tricase,Nell'Abitato,Strada Statale,Rettilineo,Incidente tra veicoli,1,0
2020,Lecce,Soleto,Fuori Abitato,Strada Provinciale,Rettilineo,Incidente tra veicoli,1,0
2020,Lecce,Poggiardo,Fuori Abitato,Strada Provinciale,Rettilineo,Incidente tra veicoli,2,0
2020,Lecce,Novoli,Fuori Abitato,Strada Provinciale,Rettilineo,Incidente tra veicoli,1,0
2020,Lecce,Squinzano,Nell'Abitato,Strada Urbana,Incrocio,Incidente tra veicoli,2,0
2020,Lecce,Cutrofiano,Nell'Abitato,Strada Urbana,Incrocio,Incidente tra veicoli,2,0
2020,Lecce,Sannicola,Fuori Abitato,Strada Provinciale,Rettilineo,Incidente tra veicoli,1,0
2020,Lecce,Melissano,Fuori Abitato,Strada Provinciale,Rettilineo,Incidente tra veicoli,1,0
2020,Lecce,Santa Cesarea Terme,Nell'Abitato,Strada Urbana,Incrocio,Incidente tra veicoli,1,0
2020,Lecce,Porto Cesareo,Nell'Abitato,Strada Urbana,Incrocio,Incidente tra veicoli,2,0
2020,Lecce,Tricase,Nell'Abitato,Strada Urbana,Incrocio,Incidente tra veicoli,3,0
2020,Lecce,Galatina,Fuori Abitato,Strada Statale,Rettilineo,Incidente tra veicoli,1,0
2020,Lecce,Surano,Fuori Abitato,Strada Statale,Rettilineo,Incidente tra veicoli,2,0
2020,Lecce,Monteroni di Lecce,Nell'Abitato,Strada Urbana,Incrocio,Incidente tra veicoli,2,0
2020,Lecce,Galatone,Nell'Abitato,Strada Urbana,Incrocio,Incidente tra veicoli,5,0
2020,Lecce,Martignano,Fuori Abitato,Strada Provinciale,Rettilineo,Incidente tra veicoli,1,0
2020,Lecce,Giuggianello,Fuori Abitato,Strada Provinciale,Rettilineo,Incidente tra veicoli,2,0
2020,Lecce,Lecce,Nell'Abitato,Strada Provinciale,Incrocio,Incidente tra veicoli,2,0
2020,Lecce,Lequile,Fuori Abitato,Strada Statale,Rettilineo,Incidente tra veicoli,1,0
2020,Lecce,Scorrano,Nell'Abitato,Strada Urbana,Incrocio,Incidente tra veicoli,1,0
2020,Lecce,Squinzano,Nell'Abitato,Strada Urbana,Rettilineo,Incidente a veicolo isolato,1,0
2020,Lecce,Vernole,Fuori Abitato,Strada Provinciale,Incrocio,Incidente tra veicoli,2,0
2020,Lecce,Squinzano,Nell'Abitato,Strada Urbana,Incrocio,Incidente tra veicoli,1,0
2020,Lecce,Parabita,Nell'Abitato,Strada Urbana,Rettilineo,Incidente a veicolo isolato,1,0
2020,Lecce,Miggiano,Nell'Abitato,Strada Urbana,Rettilineo,Incidente tra veicoli,1,0
2020,Lecce,Presicce-Acquarica,Nell'Abitato,Strada Urbana,Incrocio,Incidente tra veicoli,1,0
2020,Lecce,Ugento,Fuori Abitato,Strada Provinciale,Rettilineo,Incidente tra veicoli,2,0
2020,Lecce,Surbo,Nell'Abitato,Strada Urbana,Rettilineo,Incidente tra veicoli,2,0
2020,Lecce,Lequile,Fuori Abitato,Strada Statale,Rettilineo,Incidente tra veicoli,6,0
2020,Lecce,Scorrano,Fuori Abitato,Altra strada,Incrocio,Incidente tra veicoli,1,0
2020,Lecce,Martano,Nell'Abitato,Strada Urbana,Incrocio,Incidente tra veicoli,1,0
2020,Lecce,Parabita,Nell'Abitato,Strada Urbana,Rettilineo,Incidente tra veicoli,1,0
2020,Lecce,Vernole,Fuori Abitato,Strada Provinciale,Rettilineo,Incidente tra veicoli,2,0
2020,Lecce,Gagliano del Capo,Fuori Abitato,Strada Provinciale,Rettilineo,Incidente tra veicoli,4,0
2020,Lecce,Ruffano,Nell'Abitato,Strada Urbana,Incrocio,Incidente tra veicoli,1,0
2020,Lecce,Lecce,Nell'Abitato,Strada Urbana,Rettilineo,Incidente a veicolo isolato,1,0
2020,Lecce,Lecce,Fuori Abitato,Strada Provinciale,Rettilineo,Incidente tra veicoli,5,0
2020,Lecce,Cutrofiano,Nell'Abitato,Strada Provinciale,Incrocio,Incidente tra veicoli,1,0
2020,Lecce,Lecce,Nell'Abitato,Strada Urbana,Rettilineo,Incidente a veicolo isolato,2,0
2020,Lecce,Lecce,Nell'Abitato,Strada Urbana,Incrocio,Incidente a veicolo isolato,1,0
2020,Lecce,Lecce,Nell'Abitato,Strada Urbana,Curva,Incidente tra veicoli,2,0
2020,Lecce,Lecce,Nell'Abitato,Strada Urbana,Incrocio,Incidente tra veicoli,2,0
2020,Lecce,Lecce,Nell'Abitato,Strada Urbana,Incrocio,Investimento di pedone,1,0
2020,Lecce,Lecce,Nell'Abitato,Strada Urbana,Incrocio,Investimento di pedone,1,0
2020,Lecce,Lecce,Nell'Abitato,Strada Urbana,Incrocio,Investimento di pedone,1,0
2020,Lecce,Lecce,Nell'Abitato,Strada Urbana,Rettilineo,Investimento di pedone,1,0
2020,Lecce,Lecce,Nell'Abitato,Strada Urbana,Incrocio,Incidente tra veicoli,1,0
2020,Lecce,Lecce,Nell'Abitato,Strada Urbana,Incrocio,Incidente tra veicoli,1,0
2020,Lecce,Lecce,Nell'Abitato,Strada Urbana,Rettilineo,Incidente tra veicoli,2,0
2020,Lecce,Lecce,Nell'Abitato,Strada Urbana,Incrocio,Incidente tra veicoli,2,0
2020,Lecce,Lecce,Nell'Abitato,Strada Urbana,Incrocio,Incidente tra veicoli,1,0
2020,Lecce,Lecce,Nell'Abitato,Strada Urbana,Incrocio,Incidente tra veicoli,1,0
2020,Lecce,Lecce,Nell'Abitato,Strada Urbana,Incrocio,Incidente tra veicoli,3,0
2020,Lecce,Lecce,Nell'Abitato,Strada Urbana,Incrocio,Incidente tra veicoli,3,0
2020,Lecce,Lecce,Nell'Abitato,Strada Urbana,Incrocio,Incidente tra veicoli,2,0
2020,Lecce,Lecce,Nell'Abitato,Strada Urbana,Incrocio,Incidente tra veicoli,1,0
2020,Lecce,Lecce,Nell'Abitato,Strada Urbana,Rettilineo,Incidente tra veicoli,1,0
2020,Lecce,Lecce,Nell'Abitato,Strada Urbana,Rettilineo,Incidente tra veicoli,2,0
2020,Lecce,Lecce,Nell'Abitato,Strada Urbana,Rettilineo,Incidente tra veicoli,1,0
2020,Lecce,Corsano,Nell'Abitato,Strada Urbana,Incrocio,Incidente tra veicoli,1,0
2020,Lecce,Cutrofiano,Nell'Abitato,Strada Urbana,Incrocio,Incidente tra veicoli,2,0
2020,Lecce,Lequile,Nell'Abitato,Strada Urbana,Rettilineo,Incidente tra veicoli,1,0
2020,Lecce,Taurisano,Nell'Abitato,Strada Urbana,Incrocio,Incidente tra veicoli,1,0
2020,Lecce,Taurisano,Nell'Abitato,Strada Urbana,Rettilineo,Incidente tra veicoli,3,0
2020,Lecce,Otranto,Nell'Abitato,Strada Urbana,Incrocio,Incidente tra veicoli,1,0
2020,Lecce,Veglie,Nell'Abitato,Strada Urbana,Incrocio,Incidente tra veicoli,1,0
2020,Lecce,Taviano,Nell'Abitato,Strada Urbana,Incrocio,Incidente tra veicoli,1,0
2020,Lecce,Nardò,Nell'Abitato,Strada Urbana,Incrocio,Incidente tra veicoli,1,0
2020,Lecce,Nardò,Nell'Abitato,Strada Urbana,Incrocio,Incidente tra veicoli,3,0
2020,Lecce,Nardò,Nell'Abitato,Strada Urbana,Rettilineo,Incidente tra veicoli,1,0
2020,Lecce,Nardò,Nell'Abitato,Strada Urbana,Incrocio,Incidente tra veicoli,1,0
2020,Lecce,Copertino,Nell'Abitato,Strada Urbana,Incrocio,Incidente tra veicoli,2,0
2020,Lecce,Copertino,Nell'Abitato,Strada Urbana,Incrocio,Incidente tra veicoli,1,0
2020,Lecce,Copertino,Nell'Abitato,Strada Urbana,Incrocio,Incidente tra veicoli,1,0
2020,Lecce,Copertino,Nell'Abitato,Strada Urbana,Incrocio,Incidente tra veicoli,1,0
2020,Lecce,Nardò,Nell'Abitato,Strada Urbana,Incrocio,Incidente tra veicoli,2,0
2020,Lecce,Nardò,Nell'Abitato,Strada Urbana,Incrocio,Incidente tra veicoli,2,0
2020,Lecce,Nardò,Nell'Abitato,Strada Urbana,Incrocio,Incidente tra veicoli,1,0
2020,Lecce,Porto Cesareo,Nell'Abitato,Strada Provinciale,Incrocio,Incidente tra veicoli,1,0
2020,Lecce,Porto Cesareo,Nell'Abitato,Strada Urbana,Incrocio,Incidente tra veicoli,2,0
2020,Lecce,Porto Cesareo,Nell'Abitato,Strada Urbana,Incrocio,Incidente tra veicoli,1,0
2020,Lecce,Porto Cesareo,Nell'Abitato,Strada Urbana,Incrocio,Incidente tra veicoli,1,0
2020,Lecce,Gallipoli,Nell'Abitato,Strada Urbana,Incrocio,Incidente tra veicoli,2,0
2020,Lecce,Surbo,Nell'Abitato,Strada Urbana,Incrocio,Incidente tra veicoli,1,0
2020,Lecce,Tricase,Nell'Abitato,Strada Provinciale,Curva,Incidente a veicolo isolato,0,1
2020,Lecce,Tricase,Fuori Abitato,Strada comunale extraurbana,Rettilineo,Incidente a veicolo isolato,1,0
2020,Lecce,Gallipoli,Nell'Abitato,Strada Urbana,Rettilineo,Incidente tra veicoli,1,0
2020,Lecce,Melendugno,Nell'Abitato,Strada Provinciale,Rettilineo,Incidente tra veicoli,1,0
2020,Lecce,Melendugno,Nell'Abitato,Strada Urbana,Rettilineo,Incidente tra veicoli,1,0
2020,Lecce,Casarano,Nell'Abitato,Strada Urbana,Incrocio,Incidente tra veicoli,3,0
2020,Lecce,Cutrofiano,Fuori Abitato,Strada comunale extraurbana,Incrocio,Incidente tra veicoli,2,0
2020,Lecce,Vernole,Fuori Abitato,Strada Provinciale,Incrocio,Incidente tra veicoli,2,0
2020,Lecce,Tricase,Nell'Abitato,Strada Provinciale,Rettilineo,Incidente tra veicoli,2,0
2020,Lecce,Racale,Nell'Abitato,Strada Urbana,Incrocio,Incidente tra veicoli,1,0
2020,Lecce,Galatone,Nell'Abitato,Strada Urbana,Incrocio,Incidente tra veicoli,1,0
2020,Lecce,Galatina,Fuori Abitato,Strada Provinciale,Incrocio,Incidente a veicolo isolato,1,0
2020,Lecce,Casarano,Nell'Abitato,Strada Urbana,Incrocio,Investimento di pedone,1,0
2020,Lecce,Squinzano,Nell'Abitato,Strada Urbana,Incrocio,Incidente tra veicoli,3,0
2020,Lecce,Melpignano,Nell'Abitato,Strada Provinciale,Incrocio,Incidente tra veicoli,1,0
2020,Lecce,Neviano,Nell'Abitato,Strada Urbana,Incrocio,Incidente tra veicoli,3,0
2020,Lecce,Sogliano Cavour,Fuori Abitato,Strada Provinciale,Rettilineo,Incidente tra veicoli,1,0
2020,Lecce,Galatone,Fuori Abitato,Strada Provinciale,Incrocio,Incidente tra veicoli,1,0
2020,Lecce,Trepuzzi,Nell'Abitato,Strada Urbana,Rettilineo,Incidente tra veicoli,1,0
2020,Lecce,Parabita,Nell'Abitato,Strada Urbana,Incrocio,Incidente tra veicoli,1,0
2020,Lecce,Maglie,Nell'Abitato,Strada Urbana,Incrocio,Incidente tra veicoli,1,0
2020,Lecce,Galatone,Nell'Abitato,Strada Urbana,Rettilineo,Incidente tra veicoli,1,0
2020,Lecce,Ugento,Fuori Abitato,Strada Provinciale,Incrocio,Incidente tra veicoli,2,0
2020,Lecce,Novoli,Nell'Abitato,Strada Urbana,Incrocio,Incidente tra veicoli,3,0
2020,Lecce,Galatina,Nell'Abitato,Strada Urbana,Incrocio,Incidente tra veicoli,1,0
2020,Lecce,Ugento,Fuori Abitato,Strada Provinciale,Incrocio,Incidente tra veicoli,3,0
2020,Lecce,Galatina,Nell'Abitato,Strada Urbana,Incrocio,Incidente tra veicoli,2,0
2020,Lecce,Racale,Nell'Abitato,Strada Urbana,Incrocio,Incidente tra veicoli,2,0
2020,Lecce,Lequile,Fuori Abitato,Strada Statale,Curva,Incidente tra veicoli,1,0
2020,Lecce,Aradeo,Nell'Abitato,Strada Urbana,Incrocio,Incidente tra veicoli,1,0
2020,Lecce,Campi Salentina,Nell'Abitato,Strada Urbana,Incrocio,Incidente tra veicoli,1,0
2020,Lecce,Galatina,Nell'Abitato,Strada Urbana,Incrocio,Incidente tra veicoli,1,0
2020,Lecce,Aradeo,Nell'Abitato,Strada Urbana,Incrocio,Incidente tra veicoli,1,0
2020,Lecce,Melissano,Nell'Abitato,Strada Provinciale,Incrocio,Incidente tra veicoli,1,0
2020,Lecce,Galatone,Nell'Abitato,Strada Urbana,Incrocio,Incidente tra veicoli,2,0
2020,Lecce,Matino,Nell'Abitato,Strada Urbana,Incrocio,Incidente tra veicoli,1,0
2020,Lecce,Taviano,Fuori Abitato,Strada Provinciale,Rettilineo,Incidente tra veicoli,1,0
2020,Lecce,Giurdignano,Nell'Abitato,Strada Provinciale,Rettilineo,Incidente tra veicoli,1,0
2020,Lecce,Parabita,Nell'Abitato,Strada Urbana,Incrocio,Incidente tra veicoli,1,0
2020,Lecce,Galatina,Nell'Abitato,Strada Urbana,Incrocio,Incidente tra veicoli,1,0
2020,Lecce,Trepuzzi,Nell'Abitato,Strada Urbana,Incrocio,Incidente tra veicoli,1,0
2020,Lecce,Arnesano,Fuori Abitato,Strada Provinciale,Incrocio,Incidente tra veicoli,3,0
2020,Lecce,Squinzano,Nell'Abitato,Strada Urbana,Incrocio,Incidente tra veicoli,1,0
2020,Lecce,Lecce,Nell'Abitato,Strada Urbana,Rettilineo,Incidente tra veicoli,1,0
2020,Lecce,Corsano,Nell'Abitato,Strada Urbana,Incrocio,Incidente tra veicoli,1,0
2020,Lecce,Novoli,Nell'Abitato,Strada Urbana,Incrocio,Incidente tra veicoli,1,0
2020,Lecce,Ugento,Fuori Abitato,Strada comunale extraurbana,Rettilineo,Incidente tra veicoli,2,0
2020,Lecce,Nardò,Nell'Abitato,Strada Urbana,Curva,Incidente a veicolo isolato,2,0
2020,Lecce,Lequile,Fuori Abitato,Strada Statale,Curva,Incidente a veicolo isolato,1,0
2020,Lecce,Galatone,Fuori Abitato,Strada Provinciale,Rettilineo,Investimento di pedone,2,0
2020,Lecce,Lecce,Fuori Abitato,Strada Statale,Rettilineo,Incidente tra veicoli,2,0
2020,Lecce,Cavallino,Nell'Abitato,Strada Statale,Curva,Incidente a veicolo isolato,1,0
2020,Lecce,Lequile,Fuori Abitato,Strada Statale,Incrocio,Incidente a veicolo isolato,4,0
2020,Lecce,Gagliano del Capo,Fuori Abitato,Strada Provinciale,Rettilineo,Incidente a veicolo isolato,1,0
2020,Lecce,Galatone,Fuori Abitato,Strada Statale,Rettilineo,Incidente tra veicoli,0,1
2020,Lecce,Lequile,Fuori Abitato,Strada Provinciale,Rettilineo,Incidente tra veicoli,1,0
2020,Lecce,Taurisano,Nell'Abitato,Strada Urbana,Incrocio,Incidente tra veicoli,1,0
2020,Lecce,Porto Cesareo,Nell'Abitato,Strada Urbana,Incrocio,Incidente tra veicoli,1,0
2020,Lecce,Gallipoli,Nell'Abitato,Strada Urbana,Incrocio,Incidente tra veicoli,6,0
2020,Lecce,Veglie,Nell'Abitato,Strada Urbana,Incrocio,Incidente tra veicoli,3,0
2020,Lecce,Maglie,Fuori Abitato,Strada Provinciale,Rettilineo,Incidente tra veicoli,3,0
2020,Lecce,Porto Cesareo,Nell'Abitato,Strada Urbana,Incrocio,Incidente tra veicoli,1,0
2020,Lecce,Gallipoli,Nell'Abitato,Strada Provinciale,Incrocio,Incidente tra veicoli,1,0
2020,Lecce,Porto Cesareo,Nell'Abitato,Strada Urbana,Rettilineo,Incidente tra veicoli,1,0
2020,Lecce,Nardò,Nell'Abitato,Strada Urbana,Incrocio,Incidente tra veicoli,1,0
2020,Lecce,Squinzano,Fuori Abitato,Strada Provinciale,Curva,Incidente a veicolo isolato,2,0
2020,Lecce,Veglie,Fuori Abitato,Strada Provinciale,Incrocio,Incidente tra veicoli,2,0
2020,Lecce,Muro Leccese,Fuori Abitato,Strada Provinciale,Curva,Incidente a veicolo isolato,1,0
2020,Lecce,Gallipoli,Nell'Abitato,Strada Urbana,Rettilineo,Incidente tra veicoli,4,0
2020,Lecce,Castrignano del Capo,Fuori Abitato,Strada Statale,Rettilineo,Incidente a veicolo isolato,1,0
2020,Lecce,Uggiano la Chiesa,Nell'Abitato,Strada Urbana,Incrocio,Incidente a veicolo isolato,1,0
2020,Lecce,Arnesano,Fuori Abitato,Strada Provinciale,Rettilineo,Incidente a veicolo isolato,1,0
2020,Lecce,Porto Cesareo,Nell'Abitato,Strada Urbana,Curva,Incidente a veicolo isolato,2,0
2020,Lecce,Gallipoli,Nell'Abitato,Strada Urbana,Rettilineo,Incidente a veicolo isolato,1,0
2020,Lecce,Spongano,Nell'Abitato,Strada Provinciale,Rettilineo,Incidente a veicolo isolato,1,0
2020,Lecce,Martano,Nell'Abitato,Strada Provinciale,Incrocio,Investimento di pedone,2,0
2020,Lecce,Vernole,Fuori Abitato,Strada Provinciale,Rettilineo,Incidente tra veicoli,1,0
2020,Lecce,Castro,Nell'Abitato,Strada Provinciale,Rettilineo,Incidente tra veicoli,2,0
2020,Lecce,Porto Cesareo,Fuori Abitato,Strada Provinciale,Rettilineo,Incidente a veicolo isolato,1,0
2020,Lecce,Otranto,Fuori Abitato,Strada Provinciale,Rettilineo,Incidente a veicolo isolato,0,1
2020,Lecce,Gallipoli,Fuori Abitato,Strada Provinciale,Rettilineo,Incidente a veicolo isolato,1,0
2020,Lecce,Presicce-Acquarica,Fuori Abitato,Strada Provinciale,Rettilineo,Incidente a veicolo isolato,2,0
2020,Lecce,Galatone,Nell'Abitato,Strada Urbana,Rettilineo,Investimento di pedone,1,0
2020,Lecce,Veglie,Fuori Abitato,Strada Provinciale,Rettilineo,Incidente a veicolo isolato,1,0
2020,Lecce,Nociglia,Fuori Abitato,Strada Statale,Rettilineo,Incidente a veicolo isolato,4,0
2020,Lecce,Tricase,Fuori Abitato,Strada comunale extraurbana,Rettilineo,Incidente tra veicoli,1,0
2020,Lecce,Ugento,Nell'Abitato,Strada Provinciale,Curva,Incidente a veicolo isolato,1,0
2020,Lecce,Andrano,Fuori Abitato,Strada Provinciale,Curva,Incidente a veicolo isolato,4,0
2020,Lecce,Melendugno,Fuori Abitato,Strada Provinciale,Rettilineo,Incidente a veicolo isolato,1,0
2020,Lecce,Tricase,Nell'Abitato,Strada Urbana,Curva,Incidente a veicolo isolato,1,0
2020,Lecce,Diso,Nell'Abitato,Strada Provinciale,Rettilineo,Incidente a veicolo isolato,1,0
2020,Lecce,Squinzano,Fuori Abitato,Strada Provinciale,Rettilineo,Incidente tra veicoli,2,0
2020,Lecce,Salve,Nell'Abitato,Strada Provinciale,Rettilineo,Investimento di pedone,1,0
2020,Lecce,Muro Leccese,Nell'Abitato,Strada Urbana,Incrocio,Incidente tra veicoli,1,0
2020,Lecce,Santa Cesarea Terme,Nell'Abitato,Strada Provinciale,Curva,Incidente tra veicoli,2,0
2020,Lecce,Santa Cesarea Terme,Nell'Abitato,Strada Urbana,Curva,Incidente tra veicoli,1,0
2020,Lecce,Trepuzzi,Nell'Abitato,Strada Urbana,Incrocio,Incidente tra veicoli,1,0
2020,Lecce,Lequile,Nell'Abitato,Strada Urbana,Rettilineo,Incidente tra veicoli,1,0
2020,Lecce,Melendugno,Nell'Abitato,Strada Urbana,Rettilineo,Incidente tra veicoli,2,0
2020,Lecce,Campi Salentina,Nell'Abitato,Strada Urbana,Incrocio,Incidente tra veicoli,1,0
2020,Lecce,Lizzanello,Fuori Abitato,Strada Provinciale,Rettilineo,Incidente tra veicoli,1,0
2020,Lecce,Scorrano,Nell'Abitato,Strada Urbana,Incrocio,Incidente tra veicoli,1,0
2020,Lecce,Lequile,Nell'Abitato,Strada Urbana,Incrocio,Incidente tra veicoli,1,0
2020,Lecce,Porto Cesareo,Nell'Abitato,Strada Urbana,Rettilineo,Incidente tra veicoli,3,0
2020,Lecce,Tricase,Fuori Abitato,Strada Provinciale,Rettilineo,Incidente tra veicoli,1,0
2020,Lecce,Guagnano,Nell'Abitato,Strada Urbana,Incrocio,Incidente tra veicoli,2,0
2020,Lecce,Matino,Nell'Abitato,Strada Urbana,Incrocio,Incidente tra veicoli,1,0
2020,Lecce,Novoli,Fuori Abitato,Strada Provinciale,Incrocio,Incidente tra veicoli,1,0
2020,Lecce,Squinzano,Nell'Abitato,Strada Urbana,Rettilineo,Incidente tra veicoli,6,0
2020,Lecce,Santa Cesarea Terme,Fuori Abitato,Strada Provinciale,Curva,Incidente tra veicoli,1,0
2020,Lecce,Spongano,Fuori Abitato,Strada Provinciale,Curva,Incidente tra veicoli,2,0
2020,Lecce,Parabita,Nell'Abitato,Strada Provinciale,Incrocio,Incidente tra veicoli,3,0
2020,Lecce,Otranto,Fuori Abitato,Strada Statale,Rettilineo,Incidente tra veicoli,1,0
2020,Lecce,Carmiano,Nell'Abitato,Strada Urbana,Incrocio,Incidente tra veicoli,4,0
2020,Lecce,Miggiano,Fuori Abitato,Strada Provinciale,Rettilineo,Incidente a veicolo isolato,1,0
2020,Lecce,Porto Cesareo,Nell'Abitato,Strada Provinciale,Incrocio,Incidente tra veicoli,3,0
2020,Lecce,Arnesano,Fuori Abitato,Altra strada,Curva,Incidente tra veicoli,1,0
2020,Lecce,Squinzano,Nell'Abitato,Strada Urbana,Incrocio,Incidente tra veicoli,1,0
2020,Lecce,Veglie,Nell'Abitato,Strada Urbana,Rettilineo,Incidente tra veicoli,2,0
2020,Lecce,Surbo,Nell'Abitato,Strada Urbana,Incrocio,Incidente tra veicoli,2,0
2020,Lecce,Martano,Nell'Abitato,Strada Provinciale,Rettilineo,Incidente tra veicoli,1,0
2020,Lecce,Melendugno,Nell'Abitato,Strada Urbana,Incrocio,Incidente tra veicoli,1,0
2020,Lecce,Alezio,Nell'Abitato,Strada Urbana,Curva,Incidente tra veicoli,2,0
2020,Lecce,Neviano,Nell'Abitato,Strada Urbana,Incrocio,Incidente tra veicoli,2,0
2020,Lecce,Nardò,Nell'Abitato,Strada Urbana,Rettilineo,Incidente tra veicoli,1,0
2020,Lecce,Otranto,Nell'Abitato,Strada Urbana,Rettilineo,Incidente tra veicoli,2,0
2020,Lecce,Morciano di Leuca,Fuori Abitato,Strada Statale,Rettilineo,Incidente tra veicoli,1,0
2020,Lecce,Soleto,Nell'Abitato,Strada Urbana,Incrocio,Incidente tra veicoli,1,0
2020,Lecce,Melendugno,Nell'Abitato,Strada Provinciale,Rettilineo,Incidente tra veicoli,3,0
2020,Lecce,Carmiano,Nell'Abitato,Strada Urbana,Incrocio,Incidente tra veicoli,2,0
2020,Lecce,Galatina,Nell'Abitato,Strada Urbana,Incrocio,Incidente tra veicoli,1,0
2020,Lecce,Collepasso,Nell'Abitato,Strada Urbana,Incrocio,Incidente tra veicoli,4,0
2020,Lecce,Taviano,Nell'Abitato,Strada Provinciale,Incrocio,Incidente tra veicoli,2,0
2020,Lecce,Presicce-Acquarica,Nell'Abitato,Strada Urbana,Incrocio,Incidente tra veicoli,2,0
2020,Lecce,Otranto,Fuori Abitato,Strada Provinciale,Rettilineo,Incidente tra veicoli,1,0
2020,Lecce,Ugento,Fuori Abitato,Strada Provinciale,Rettilineo,Incidente tra veicoli,2,0
2020,Lecce,Specchia,Fuori Abitato,Strada Provinciale,Rettilineo,Incidente tra veicoli,3,0
2020,Lecce,Sanarica,Nell'Abitato,Strada Provinciale,Rettilineo,Incidente tra veicoli,2,0
2020,Lecce,Galatone,Nell'Abitato,Strada Urbana,Incrocio,Incidente tra veicoli,1,0
2020,Lecce,Cutrofiano,Nell'Abitato,Strada Urbana,Incrocio,Incidente tra veicoli,1,0
2020,Lecce,Castrignano de' Greci,Fuori Abitato,Strada Provinciale,Rettilineo,Incidente tra veicoli,2,0
2020,Lecce,Sannicola,Nell'Abitato,Strada Urbana,Incrocio,Incidente tra veicoli,2,0
2020,Lecce,Salve,Nell'Abitato,Strada Urbana,Incrocio,Incidente tra veicoli,4,0
2020,Lecce,Carmiano,Nell'Abitato,Strada Urbana,Incrocio,Incidente tra veicoli,3,0
2020,Lecce,San Cassiano,Nell'Abitato,Strada Urbana,Incrocio,Incidente tra veicoli,3,0
2020,Lecce,Surano,Fuori Abitato,Strada Statale,Rettilineo,Incidente tra veicoli,4,0
2020,Lecce,Corigliano d 'Otranto,Fuori Abitato,Strada comunale extraurbana,Rettilineo,Incidente tra veicoli,2,0
2020,Lecce,Campi Salentina,Fuori Abitato,Strada Statale,Rettilineo,Incidente tra veicoli,1,0
2020,Lecce,Porto Cesareo,Nell'Abitato,Strada Urbana,Incrocio,Incidente tra veicoli,1,0
2020,Lecce,Botrugno,Fuori Abitato,Strada Statale,Rettilineo,Incidente tra veicoli,1,0
2020,Lecce,Porto Cesareo,Fuori Abitato,Strada Provinciale,Rettilineo,Incidente tra veicoli,3,0
2020,Lecce,Surbo,Fuori Abitato,Strada Statale,Rettilineo,Incidente tra veicoli,2,0
2020,Lecce,Cavallino,Fuori Abitato,Strada Statale,Rettilineo,Incidente tra veicoli,8,0
2020,Lecce,Lecce,Nell'Abitato,Strada Urbana,Rettilineo,Investimento di pedone,2,0
2020,Lecce,Cutrofiano,Nell'Abitato,Strada Urbana,Incrocio,Incidente tra veicoli,1,0
2020,Lecce,Lecce,Nell'Abitato,Strada Urbana,Incrocio,Incidente tra veicoli,1,0
2020,Lecce,Lecce,Fuori Abitato,Strada Provinciale,Rettilineo,Incidente tra veicoli,1,0
2020,Lecce,Lecce,Nell'Abitato,Strada Urbana,Incrocio,Incidente tra veicoli,1,0
2020,Lecce,Lecce,Fuori Abitato,Strada comunale extraurbana,Rettilineo,Incidente tra veicoli,1,0
2020,Lecce,Lecce,Nell'Abitato,Strada Urbana,Rettilineo,Investimento di pedone,1,0
2020,Lecce,Lecce,Nell'Abitato,Strada Urbana,Incrocio,Incidente tra veicoli,1,0
2020,Lecce,Lecce,Nell'Abitato,Strada Urbana,Rettilineo,Incidente tra veicoli,1,0
2020,Lecce,Lecce,Nell'Abitato,Strada Urbana,Rettilineo,Incidente tra veicoli,1,0
2020,Lecce,Lecce,Nell'Abitato,Strada Urbana,Rettilineo,Incidente tra veicoli,1,0
2020,Lecce,Lecce,Nell'Abitato,Strada Urbana,Incrocio,Incidente tra veicoli,1,0
2020,Lecce,Lecce,Nell'Abitato,Strada Urbana,Rotatoria,Incidente tra veicoli,1,0
2020,Lecce,Lecce,Fuori Abitato,Strada Provinciale,Rettilineo,Incidente tra veicoli,1,0
2020,Lecce,Lecce,Fuori Abitato,Strada Provinciale,Incrocio,Incidente tra veicoli,3,0
2020,Lecce,Lecce,Nell'Abitato,Strada Urbana,Rettilineo,Incidente tra veicoli,2,0
2020,Lecce,Lecce,Nell'Abitato,Strada Urbana,Rettilineo,Incidente tra veicoli,1,0
2020,Lecce,Lecce,Nell'Abitato,Strada Urbana,Incrocio,Incidente tra veicoli,3,0
2020,Lecce,Lecce,Nell'Abitato,Strada Urbana,Rettilineo,Incidente tra veicoli,1,0
2020,Lecce,Lecce,Nell'Abitato,Strada Urbana,Incrocio,Incidente tra veicoli,2,0
2020,Lecce,Vernole,Nell'Abitato,Strada Urbana,Incrocio,Incidente tra veicoli,1,0
2020,Lecce,Vernole,Nell'Abitato,Strada Urbana,Incrocio,Incidente tra veicoli,1,0
2020,Lecce,Vernole,Nell'Abitato,Strada Urbana,Rettilineo,Incidente tra veicoli,3,0
2020,Lecce,Vernole,Nell'Abitato,Strada Urbana,Rettilineo,Incidente tra veicoli,1,0
2020,Lecce,Taurisano,Nell'Abitato,Strada Urbana,Rettilineo,Incidente tra veicoli,1,0
2020,Lecce,Matino,Nell'Abitato,Strada Provinciale,Curva,Incidente tra veicoli,1,0
2020,Lecce,Veglie,Fuori Abitato,Strada Provinciale,Rotatoria,Incidente tra veicoli,2,0
2020,Lecce,Nardò,Nell'Abitato,Strada Urbana,Rettilineo,Incidente a veicolo isolato,1,0
2020,Lecce,Nardò,Nell'Abitato,Strada Urbana,Incrocio,Investimento di pedone,1,0
2020,Lecce,Nardò,Nell'Abitato,Strada Urbana,Incrocio,Incidente tra veicoli,1,0
2020,Lecce,Nardò,Nell'Abitato,Strada Urbana,Incrocio,Incidente tra veicoli,1,0
2020,Lecce,Nardò,Nell'Abitato,Strada Urbana,Incrocio,Incidente tra veicoli,1,0
2020,Lecce,Nardò,Nell'Abitato,Strada Urbana,Incrocio,Incidente tra veicoli,2,0
2020,Lecce,Nardò,Nell'Abitato,Strada Urbana,Incrocio,Incidente tra veicoli,2,0
2020,Lecce,Nardò,Nell'Abitato,Strada Urbana,Incrocio,Incidente tra veicoli,1,0
2020,Lecce,Nardò,Nell'Abitato,Strada Urbana,Incrocio,Incidente tra veicoli,1,0
2020,Lecce,Nardò,Nell'Abitato,Strada Urbana,Incrocio,Incidente tra veicoli,2,0
2020,Lecce,Nardò,Nell'Abitato,Strada Provinciale,Rettilineo,Incidente tra veicoli,1,0
2020,Lecce,Sannicola,Nell'Abitato,Strada Urbana,Incrocio,Incidente tra veicoli,1,0
2020,Lecce,Melendugno,Nell'Abitato,Strada Urbana,Incrocio,Incidente tra veicoli,1,0
2020,Lecce,Porto Cesareo,Nell'Abitato,Strada Urbana,Incrocio,Incidente tra veicoli,1,0
2020,Lecce,Porto Cesareo,Nell'Abitato,Strada Provinciale,Incrocio,Incidente tra veicoli,2,0
2020,Lecce,Porto Cesareo,Nell'Abitato,Strada Provinciale,Rettilineo,Incidente tra veicoli,2,0
2020,Lecce,Porto Cesareo,Nell'Abitato,Strada Provinciale,Incrocio,Investimento di pedone,1,0
2020,Lecce,Gallipoli,Nell'Abitato,Strada Urbana,Incrocio,Incidente tra veicoli,1,0
2020,Lecce,Gallipoli,Nell'Abitato,Strada Provinciale,Incrocio,Incidente tra veicoli,1,0
2020,Lecce,Gallipoli,Nell'Abitato,Strada Provinciale,Rettilineo,Incidente a veicolo isolato,1,0
2020,Lecce,Gallipoli,Nell'Abitato,Strada Provinciale,Rettilineo,Incidente tra veicoli,1,0
2020,Lecce,Gallipoli,Nell'Abitato,Strada Urbana,Incrocio,Incidente tra veicoli,1,0
2020,Lecce,Gallipoli,Nell'Abitato,Strada Provinciale,Curva,Incidente tra veicoli,1,0
2020,Lecce,Racale,Nell'Abitato,Strada Provinciale,Curva,Incidente tra veicoli,1,0
2020,Lecce,Surbo,Nell'Abitato,Strada Urbana,Rotatoria,Incidente tra veicoli,1,0
2020,Lecce,Ugento,Fuori Abitato,Strada Provinciale,Incrocio,Incidente tra veicoli,1,0
2020,Lecce,Racale,Nell'Abitato,Strada Urbana,Incrocio,Incidente tra veicoli,1,0
2020,Lecce,Maglie,Nell'Abitato,Strada Urbana,Incrocio,Incidente tra veicoli,4,0
2020,Lecce,Maglie,Nell'Abitato,Strada Urbana,Incrocio,Incidente tra veicoli,1,0
2020,Lecce,Maglie,Nell'Abitato,Strada Urbana,Incrocio,Incidente tra veicoli,1,0
2020,Lecce,Galatone,Nell'Abitato,Strada Urbana,Incrocio,Incidente tra veicoli,1,0
2020,Lecce,Melendugno,Fuori Abitato,Strada Provinciale,Curva,Incidente tra veicoli,2,1
2020,Lecce,Melendugno,Nell'Abitato,Strada Provinciale,Incrocio,Incidente tra veicoli,4,0
2020,Lecce,Melendugno,Nell'Abitato,Strada Urbana,Incrocio,Incidente tra veicoli,1,0
2020,Lecce,Galatone,Nell'Abitato,Strada Urbana,Rettilineo,Investimento di pedone,1,0
2020,Lecce,Galatone,Fuori Abitato,Strada Provinciale,Incrocio,Incidente tra veicoli,3,0
2020,Lecce,Monteroni di Lecce,Nell'Abitato,Strada Urbana,Incrocio,Incidente tra veicoli,2,0
2020,Lecce,Nardò,Fuori Abitato,Strada Provinciale,Incrocio,Incidente tra veicoli,1,0
2020,Lecce,Otranto,Fuori Abitato,Strada Provinciale,Incrocio,Incidente tra veicoli,1,0
2020,Lecce,Nardò,Nell'Abitato,Strada Provinciale,Incrocio,Incidente tra veicoli,2,0
2020,Lecce,Nardò,Nell'Abitato,Strada Provinciale,Curva,Incidente tra veicoli,2,0
2020,Lecce,Casarano,Fuori Abitato,Strada Provinciale,Rettilineo,Incidente a veicolo isolato,1,0
2020,Lecce,Galatina,Nell'Abitato,Strada Urbana,Incrocio,Incidente tra veicoli,1,0
2020,Lecce,Taviano,Nell'Abitato,Strada Urbana,Rotatoria,Incidente tra veicoli,1,0
2020,Lecce,Aradeo,Nell'Abitato,Strada Urbana,Incrocio,Incidente tra veicoli,1,0
2020,Lecce,Trepuzzi,Nell'Abitato,Strada Urbana,Incrocio,Incidente tra veicoli,2,0
2020,Lecce,Taviano,Fuori Abitato,Strada Provinciale,Incrocio,Incidente tra veicoli,1,0
2020,Lecce,Ugento,Fuori Abitato,Strada Provinciale,Rettilineo,Incidente tra veicoli,2,0
2020,Lecce,Ugento,Nell'Abitato,Strada Urbana,Rettilineo,Incidente tra veicoli,1,0
2020,Lecce,Aradeo,Nell'Abitato,Strada Urbana,Incrocio,Incidente tra veicoli,4,0
2020,Lecce,Trepuzzi,Nell'Abitato,Strada Urbana,Incrocio,Incidente tra veicoli,2,0
2020,Lecce,Casarano,Nell'Abitato,Strada Urbana,Incrocio,Incidente tra veicoli,2,0
2020,Lecce,Campi Salentina,Nell'Abitato,Strada Statale,Rettilineo,Incidente tra veicoli,1,0
2020,Lecce,Racale,Nell'Abitato,Strada Urbana,Incrocio,Incidente tra veicoli,2,0
2020,Lecce,Racale,Nell'Abitato,Strada Urbana,Incrocio,Incidente tra veicoli,1,0
2020,Lecce,Galatone,Nell'Abitato,Strada Urbana,Incrocio,Incidente tra veicoli,2,0
2020,Lecce,Alezio,Nell'Abitato,Strada Urbana,Incrocio,Incidente tra veicoli,1,0
2020,Lecce,Campi Salentina,Nell'Abitato,Strada Urbana,Incrocio,Incidente tra veicoli,1,0
2020,Lecce,Corsano,Nell'Abitato,Strada Urbana,Incrocio,Incidente tra veicoli,3,0
2020,Lecce,Parabita,Nell'Abitato,Strada Urbana,Incrocio,Incidente tra veicoli,1,0
2020,Lecce,Aradeo,Nell'Abitato,Strada Urbana,Incrocio,Incidente tra veicoli,1,0
2020,Lecce,Tuglie,Nell'Abitato,Strada Urbana,Incrocio,Incidente tra veicoli,2,0
2020,Lecce,Tuglie,Fuori Abitato,Strada comunale extraurbana,Incrocio,Incidente tra veicoli,1,0
2020,Lecce,Ugento,Nell'Abitato,Strada Urbana,Incrocio,Incidente tra veicoli,1,0
2020,Lecce,Parabita,Nell'Abitato,Strada Urbana,Incrocio,Incidente tra veicoli,2,0
2020,Lecce,Lecce,Fuori Abitato,Strada Provinciale,Incrocio,Incidente tra veicoli,4,0
2020,Lecce,Lecce,Fuori Abitato,Strada Statale,Rettilineo,Incidente tra veicoli,4,0
2020,Lecce,Novoli,Nell'Abitato,Strada Urbana,Incrocio,Incidente tra veicoli,1,0
2020,Lecce,Ugento,Nell'Abitato,Strada Urbana,Incrocio,Incidente tra veicoli,2,0
2020,Lecce,Ugento,Nell'Abitato,Strada Urbana,Rettilineo,Incidente tra veicoli,0,1
2020,Lecce,Taurisano,Nell'Abitato,Strada Urbana,Incrocio,Investimento di pedone,1,0
2020,Lecce,Nardò,Nell'Abitato,Strada Urbana,Incrocio,Incidente tra veicoli,1,0
2020,Lecce,Lecce,Fuori Abitato,Strada Provinciale,Rettilineo,Incidente tra veicoli,1,0
2020,Lecce,Galatina,Fuori Abitato,Strada Provinciale,Incrocio,Incidente tra veicoli,2,0
2020,Lecce,Galatone,Fuori Abitato,Strada Statale,Curva,Incidente a veicolo isolato,1,0
2020,Lecce,Lecce,Fuori Abitato,Strada Statale,Rettilineo,Incidente tra veicoli,2,0
2020,Lecce,Castrignano del Capo,Nell'Abitato,Strada Provinciale,Curva,Incidente a veicolo isolato,1,0
2020,Lecce,Otranto,Fuori Abitato,Strada Provinciale,Rettilineo,Incidente tra veicoli,1,0
2020,Lecce,Taurisano,Fuori Abitato,Strada Provinciale,Rettilineo,Incidente a veicolo isolato,2,0
2020,Lecce,Otranto,Fuori Abitato,Strada Provinciale,Rettilineo,Incidente tra veicoli,1,0
2020,Lecce,Palmariggi,Fuori Abitato,Strada Statale,Rettilineo,Incidente tra veicoli,2,0
2020,Lecce,Taurisano,Nell'Abitato,Strada Urbana,Incrocio,Incidente tra veicoli,1,0
2020,Lecce,Porto Cesareo,Nell'Abitato,Strada Urbana,Incrocio,Incidente tra veicoli,3,0
2020,Lecce,Porto Cesareo,Nell'Abitato,Strada Urbana,Rettilineo,Incidente a veicolo isolato,1,0
2020,Lecce,Arnesano,Fuori Abitato,Strada Provinciale,Rettilineo,Investimento di pedone,1,0
2020,Lecce,Salice Salentino,Fuori Abitato,Strada Statale,Rettilineo,Incidente tra veicoli,0,1
2020,Lecce,Galatone,Nell'Abitato,Strada Urbana,Rettilineo,Investimento di pedone,1,0
2020,Lecce,Leverano,Fuori Abitato,Strada Provinciale,Rettilineo,Incidente a veicolo isolato,1,0
2020,Lecce,Ruffano,Fuori Abitato,Strada Provinciale,Rettilineo,Incidente a veicolo isolato,1,0
2020,Lecce,Ugento,Fuori Abitato,Strada Provinciale,Rettilineo,Incidente a veicolo isolato,1,0
2020,Lecce,Cursi,Nell'Abitato,Strada Urbana,Incrocio,Incidente tra veicoli,1,0
2020,Lecce,San Pietro in Lama,Fuori Abitato,Strada Provinciale,Rettilineo,Incidente a veicolo isolato,2,0
2020,Lecce,Squinzano,Nell'Abitato,Strada Urbana,Rettilineo,Incidente tra veicoli,3,0
2020,Lecce,Gagliano del Capo,Fuori Abitato,Strada comunale extraurbana,Curva,Investimento di pedone,1,0
2020,Lecce,Salice Salentino,Fuori Abitato,Strada Provinciale,Rettilineo,Incidente a veicolo isolato,1,0
2020,Lecce,Andrano,Nell'Abitato,Strada Provinciale,Incrocio,Incidente a veicolo isolato,2,0
2020,Lecce,Melendugno,Nell'Abitato,Strada Urbana,Curva,Incidente a veicolo isolato,1,0
2020,Lecce,Castrignano de' Greci,Nell'Abitato,Strada Urbana,Incrocio,Investimento di pedone,2,0
2020,Lecce,Vernole,Nell'Abitato,Strada Urbana,Curva,Incidente tra veicoli,1,0
2020,Lecce,Veglie,Fuori Abitato,Strada comunale extraurbana,Rettilineo,Investimento di pedone,0,1
2020,Lecce,Gallipoli,Nell'Abitato,Strada Urbana,Rettilineo,Incidente tra veicoli,1,0
2020,Lecce,Presicce-Acquarica,Fuori Abitato,Strada Statale,Rettilineo,Incidente tra veicoli,2,0
2020,Lecce,Carmiano,Nell'Abitato,Strada Urbana,Rettilineo,Incidente tra veicoli,1,0
2020,Lecce,Maglie,Nell'Abitato,Strada Urbana,Incrocio,Incidente tra veicoli,1,0
2020,Lecce,Surbo,Nell'Abitato,Strada Urbana,Rettilineo,Incidente tra veicoli,1,0
2020,Lecce,Sternatia,Nell'Abitato,Strada Urbana,Incrocio,Incidente tra veicoli,1,0
2020,Lecce,Lizzanello,Nell'Abitato,Strada Provinciale,Rettilineo,Incidente tra veicoli,3,0
2020,Lecce,Gagliano del Capo,Nell'Abitato,Strada Provinciale,Rettilineo,Incidente tra veicoli,2,0
2020,Lecce,Montesano Salentino,Fuori Abitato,Strada Statale,Rettilineo,Incidente tra veicoli,1,0
2020,Lecce,Monteroni di Lecce,Nell'Abitato,Strada Urbana,Incrocio,Incidente tra veicoli,1,0
2020,Lecce,San Cesario di Lecce,Nell'Abitato,Strada Urbana,Incrocio,Incidente tra veicoli,1,0
2020,Lecce,Porto Cesareo,Nell'Abitato,Strada Provinciale,Incrocio,Incidente tra veicoli,1,0
2020,Lecce,Sogliano Cavour,Nell'Abitato,Strada Urbana,Incrocio,Incidente tra veicoli,1,0
2020,Lecce,Porto Cesareo,Nell'Abitato,Strada Provinciale,Incrocio,Incidente tra veicoli,1,0
2020,Lecce,Matino,Fuori Abitato,Strada Provinciale,Curva,Incidente tra veicoli,3,0
2020,Lecce,Presicce-Acquarica,Fuori Abitato,Strada Provinciale,Rettilineo,Incidente tra veicoli,1,0
2020,Lecce,Soleto,Fuori Abitato,Strada Provinciale,Rotatoria,Incidente tra veicoli,1,0
2020,Lecce,Calimera,Nell'Abitato,Strada Urbana,Incrocio,Incidente tra veicoli,1,0
2020,Lecce,Nardò,Nell'Abitato,Strada Urbana,Incrocio,Incidente tra veicoli,1,0
2020,Lecce,Maglie,Nell'Abitato,Strada Urbana,Rettilineo,Incidente a veicolo isolato,1,0
2020,Lecce,Squinzano,Nell'Abitato,Strada Urbana,Incrocio,Incidente tra veicoli,2,0
2020,Lecce,Gagliano del Capo,Nell'Abitato,Strada Statale,Rettilineo,Incidente tra veicoli,3,0
2020,Lecce,Alezio,Nell'Abitato,Strada Urbana,Curva,Incidente tra veicoli,2,0
2020,Lecce,Castri di Lecce,Fuori Abitato,Strada comunale extraurbana,Curva,Incidente tra veicoli,2,0
2020,Lecce,Alliste,Fuori Abitato,Strada Provinciale,Rettilineo,Incidente tra veicoli,1,0
2020,Lecce,Alessano,Fuori Abitato,Strada Statale,Rettilineo,Incidente tra veicoli,3,0
2020,Lecce,Sannicola,Nell'Abitato,Strada Urbana,Incrocio,Incidente tra veicoli,1,0
2020,Lecce,Monteroni di Lecce,Nell'Abitato,Strada Urbana,Incrocio,Incidente tra veicoli,3,0
2020,Lecce,Melpignano,Fuori Abitato,Altra strada,Rettilineo,Incidente tra veicoli,2,0
2020,Lecce,Arnesano,Fuori Abitato,Strada Provinciale,Rettilineo,Incidente tra veicoli,1,0
2020,Lecce,Alezio,Fuori Abitato,Strada Provinciale,Rettilineo,Incidente tra veicoli,1,0
2020,Lecce,Salice Salentino,Nell'Abitato,Strada Urbana,Incrocio,Incidente tra veicoli,2,0
2020,Lecce,Poggiardo,Nell'Abitato,Strada Urbana,Incrocio,Incidente tra veicoli,5,0
2020,Lecce,Presicce-Acquarica,Fuori Abitato,Strada Statale,Rettilineo,Incidente tra veicoli,2,0
2020,Lecce,Galatina,Fuori Abitato,Strada Statale,Rettilineo,Incidente tra veicoli,2,0
2020,Lecce,Gagliano del Capo,Fuori Abitato,Strada Provinciale,Rettilineo,Incidente tra veicoli,2,0
2020,Lecce,Nardò,Nell'Abitato,Strada Provinciale,Curva,Investimento di pedone,1,0
2020,Lecce,Porto Cesareo,Nell'Abitato,Strada Urbana,Incrocio,Incidente tra veicoli,2,0
2020,Lecce,Carpignano Salentino,Fuori Abitato,Strada Provinciale,Incrocio,Incidente tra veicoli,2,0
2020,Lecce,Lecce,Fuori Abitato,Strada Provinciale,Curva,Incidente tra veicoli,1,0
2020,Lecce,Lecce,Nell'Abitato,Strada Urbana,Rettilineo,Incidente tra veicoli,2,0
2020,Lecce,Lecce,Fuori Abitato,Strada comunale extraurbana,Curva,Incidente a veicolo isolato,1,0
2020,Lecce,Lecce,Nell'Abitato,Strada Urbana,Incrocio,Incidente tra veicoli,1,0
2020,Lecce,Lecce,Nell'Abitato,Strada Urbana,Incrocio,Incidente tra veicoli,1,0
2020,Lecce,Lecce,Fuori Abitato,Strada Provinciale,Rettilineo,Incidente a veicolo isolato,2,0
2020,Lecce,Lecce,Nell'Abitato,Strada Urbana,Rettilineo,Investimento di pedone,1,0
2020,Lecce,Lecce,Nell'Abitato,Strada Urbana,Curva,Incidente tra veicoli,1,0
2020,Lecce,Lecce,Nell'Abitato,Strada Urbana,Incrocio,Incidente tra veicoli,1,0
2020,Lecce,Lecce,Nell'Abitato,Strada Urbana,Rotatoria,Incidente a veicolo isolato,1,0
2020,Lecce,Lecce,Nell'Abitato,Strada Urbana,Curva,Incidente tra veicoli,3,0
2020,Lecce,Lecce,Fuori Abitato,Strada Statale,Rettilineo,Incidente a veicolo isolato,1,0
2020,Lecce,Lecce,Nell'Abitato,Strada Urbana,Incrocio,Incidente tra veicoli,1,0
2020,Lecce,Lecce,Nell'Abitato,Strada Urbana,Incrocio,Incidente tra veicoli,1,0
2020,Lecce,Lecce,Nell'Abitato,Strada Urbana,Incrocio,Incidente tra veicoli,1,0
2020,Lecce,Lecce,Nell'Abitato,Strada Urbana,Rettilineo,Incidente tra veicoli,1,0
2020,Lecce,Lecce,Nell'Abitato,Strada Urbana,Incrocio,Incidente tra veicoli,1,0
2020,Lecce,Lecce,Nell'Abitato,Strada Urbana,Incrocio,Incidente tra veicoli,1,0
2020,Lecce,Lecce,Nell'Abitato,Strada Urbana,Rettilineo,Incidente tra veicoli,1,0
2020,Lecce,Lecce,Fuori Abitato,Strada Statale,Rettilineo,Incidente tra veicoli,1,0
2020,Lecce,Lecce,Nell'Abitato,Strada Urbana,Incrocio,Incidente tra veicoli,2,0
2020,Lecce,Lecce,Nell'Abitato,Strada Urbana,Rettilineo,Incidente tra veicoli,1,0
2020,Lecce,Lecce,Nell'Abitato,Strada Urbana,Incrocio,Incidente tra veicoli,1,0
2020,Lecce,Lecce,Nell'Abitato,Strada Urbana,Incrocio,Incidente tra veicoli,1,0
2020,Lecce,Lecce,Nell'Abitato,Strada Urbana,Rettilineo,Incidente tra veicoli,2,0
2020,Lecce,Lecce,Nell'Abitato,Strada Urbana,Incrocio,Incidente tra veicoli,1,0
2020,Lecce,Lecce,Nell'Abitato,Strada Urbana,Rotatoria,Incidente tra veicoli,1,0
2020,Lecce,Lecce,Fuori Abitato,Strada Provinciale,Incrocio,Incidente tra veicoli,3,0
2020,Lecce,Lecce,Fuori Abitato,Strada Statale,Curva,Incidente tra veicoli,2,0
2020,Lecce,Lecce,Nell'Abitato,Strada Urbana,Incrocio,Incidente tra veicoli,2,0
2020,Lecce,Lecce,Nell'Abitato,Strada Urbana,Incrocio,Incidente tra veicoli,2,0
2020,Lecce,Lecce,Nell'Abitato,Strada Urbana,Incrocio,Incidente tra veicoli,1,0
2020,Lecce,Lecce,Nell'Abitato,Strada Urbana,Incrocio,Incidente tra veicoli,1,0
2020,Lecce,Lecce,Fuori Abitato,Strada Provinciale,Curva,Incidente tra veicoli,2,0
2020,Lecce,Diso,Nell'Abitato,Strada Urbana,Incrocio,Incidente tra veicoli,1,0
2020,Lecce,Taurisano,Nell'Abitato,Strada Urbana,Incrocio,Incidente tra veicoli,2,0
2020,Lecce,Veglie,Fuori Abitato,Strada Provinciale,Incrocio,Incidente tra veicoli,2,0
2020,Lecce,Otranto,Nell'Abitato,Strada Urbana,Rettilineo,Incidente tra veicoli,1,0
2020,Lecce,Scorrano,Nell'Abitato,Strada Urbana,Rettilineo,Incidente tra veicoli,1,0
2020,Lecce,Lizzanello,Nell'Abitato,Strada Urbana,Incrocio,Incidente tra veicoli,4,0
2020,Lecce,Lizzanello,Nell'Abitato,Strada Urbana,Incrocio,Incidente tra veicoli,1,0
2020,Lecce,Carmiano,Nell'Abitato,Strada Urbana,Incrocio,Incidente tra veicoli,1,0
2020,Lecce,Nardò,Nell'Abitato,Strada Urbana,Incrocio,Incidente tra veicoli,1,0
2020,Lecce,Nardò,Nell'Abitato,Strada Urbana,Rettilineo,Incidente tra veicoli,1,0
2020,Lecce,Nardò,Nell'Abitato,Strada Urbana,Incrocio,Incidente tra veicoli,1,0
2020,Lecce,Nardò,Nell'Abitato,Strada Urbana,Incrocio,Incidente tra veicoli,1,0
2020,Lecce,Nardò,Nell'Abitato,Strada Provinciale,Incrocio,Incidente tra veicoli,2,0
2020,Lecce,Nardò,Nell'Abitato,Strada Urbana,Rettilineo,Incidente tra veicoli,1,0
2020,Lecce,Nardò,Nell'Abitato,Strada Urbana,Incrocio,Incidente tra veicoli,1,0
2020,Lecce,Copertino,Nell'Abitato,Strada Urbana,Incrocio,Incidente tra veicoli,1,0
2020,Lecce,Copertino,Nell'Abitato,Strada Provinciale,Rettilineo,Incidente tra veicoli,2,0
2020,Lecce,Corigliano d 'Otranto,Nell'Abitato,Strada Urbana,Incrocio,Incidente tra veicoli,1,0
2020,Lecce,Melendugno,Fuori Abitato,Strada Provinciale,Incrocio,Incidente tra veicoli,1,0
2020,Lecce,Porto Cesareo,Nell'Abitato,Strada Urbana,Incrocio,Incidente tra veicoli,1,0
2020,Lecce,Porto Cesareo,Nell'Abitato,Strada Provinciale,Rettilineo,Incidente tra veicoli,1,0
2020,Lecce,Porto Cesareo,Nell'Abitato,Strada Provinciale,Incrocio,Incidente tra veicoli,6,0
2020,Lecce,Gallipoli,Nell'Abitato,Strada Urbana,Rettilineo,Incidente tra veicoli,2,0
2020,Lecce,Gallipoli,Nell'Abitato,Strada Urbana,Incrocio,Incidente tra veicoli,1,0
2020,Lecce,Surbo,Nell'Abitato,Strada Urbana,Incrocio,Incidente tra veicoli,1,0
2020,Lecce,Tricase,Nell'Abitato,Strada Urbana,Incrocio,Incidente tra veicoli,1,0
2020,Lecce,Leverano,Nell'Abitato,Strada Urbana,Incrocio,Incidente tra veicoli,1,0
2020,Lecce,Galatone,Nell'Abitato,Strada Urbana,Rettilineo,Incidente tra veicoli,1,0
2020,Lecce,Leverano,Nell'Abitato,Strada Provinciale,Incrocio,Incidente a veicolo isolato,1,0
2020,Lecce,Galatone,Fuori Abitato,Strada Provinciale,Rettilineo,Incidente tra veicoli,3,0
2020,Lecce,Vernole,Nell'Abitato,Strada Provinciale,Incrocio,Incidente tra veicoli,1,0
2020,Lecce,Novoli,Fuori Abitato,Strada Provinciale,Rotatoria,Incidente a veicolo isolato,1,0
2020,Lecce,Racale,Nell'Abitato,Strada Urbana,Rettilineo,Incidente tra veicoli,1,0
2020,Lecce,Casarano,Nell'Abitato,Strada Urbana,Rettilineo,Incidente tra veicoli,1,0
2020,Lecce,Galatina,Nell'Abitato,Strada Provinciale,Rettilineo,Incidente tra veicoli,1,0
2020,Lecce,Corsano,Nell'Abitato,Strada Urbana,Incrocio,Incidente tra veicoli,3,0
2020,Lecce,Galatina,Fuori Abitato,Strada Provinciale,Incrocio,Incidente tra veicoli,2,0
2020,Lecce,Galatina,Nell'Abitato,Strada Urbana,Rettilineo,Incidente tra veicoli,1,0
2020,Lecce,Campi Salentina,Nell'Abitato,Strada Statale,Rotatoria,Incidente tra veicoli,1,0
2020,Lecce,Squinzano,Nell'Abitato,Strada Urbana,Incrocio,Incidente tra veicoli,1,0
2020,Lecce,Campi Salentina,Nell'Abitato,Strada Statale,Rettilineo,Incidente tra veicoli,1,0
2020,Lecce,Trepuzzi,Fuori Abitato,Strada Statale,Curva,Incidente tra veicoli,1,0
2020,Lecce,Galatina,Nell'Abitato,Strada Urbana,Incrocio,Incidente tra veicoli,2,0
2020,Lecce,Poggiardo,Nell'Abitato,Strada Urbana,Incrocio,Incidente tra veicoli,4,0
2020,Lecce,Ruffano,Nell'Abitato,Strada Urbana,Rettilineo,Incidente tra veicoli,1,0
2020,Lecce,Ugento,Fuori Abitato,Strada Provinciale,Rettilineo,Incidente tra veicoli,2,0
2020,Lecce,Novoli,Nell'Abitato,Strada Urbana,Incrocio,Incidente tra veicoli,2,0
2020,Lecce,Aradeo,Nell'Abitato,Strada Urbana,Incrocio,Incidente tra veicoli,1,0
2020,Lecce,Galatina,Nell'Abitato,Strada Urbana,Incrocio,Incidente tra veicoli,1,0
2020,Lecce,Guagnano,Nell'Abitato,Strada Statale,Incrocio,Incidente tra veicoli,1,0
2020,Lecce,Parabita,Fuori Abitato,Strada Provinciale,Rettilineo,Incidente tra veicoli,1,0
2020,Lecce,Lecce,Fuori Abitato,Strada comunale extraurbana,Incrocio,Incidente tra veicoli,4,0
2020,Lecce,Taviano,Nell'Abitato,Strada Urbana,Incrocio,Incidente tra veicoli,1,0
2020,Lecce,Novoli,Nell'Abitato,Strada Urbana,Incrocio,Incidente tra veicoli,3,0
2020,Lecce,San Cesario di Lecce,Nell'Abitato,Strada Urbana,Incrocio,Incidente tra veicoli,1,0
2020,Lecce,Galatina,Fuori Abitato,Strada comunale extraurbana,Curva,Incidente a veicolo isolato,1,0
2020,Lecce,Sogliano Cavour,Nell'Abitato,Strada Urbana,Incrocio,Incidente tra veicoli,1,0
2020,Lecce,Otranto,Nell'Abitato,Strada Provinciale,Curva,Incidente a veicolo isolato,1,0
2020,Lecce,Lecce,Fuori Abitato,Strada comunale extraurbana,Curva,Incidente a veicolo isolato,1,0
2020,Lecce,Soleto,Fuori Abitato,Strada comunale extraurbana,Rettilineo,Incidente a veicolo isolato,1,0
2020,Lecce,Galatone,Fuori Abitato,Strada Statale,Curva,Incidente a veicolo isolato,0,1
2020,Lecce,Lecce,Fuori Abitato,Strada Statale,Rettilineo,Incidente a veicolo isolato,1,0
2020,Lecce,Sternatia,Fuori Abitato,Strada Statale,Rettilineo,Incidente tra veicoli,1,0
2020,Lecce,Trepuzzi,Fuori Abitato,Strada Statale,Rettilineo,Incidente tra veicoli,1,0
2020,Lecce,Melpignano,Fuori Abitato,Strada Statale,Rettilineo,Incidente tra veicoli,1,0
2020,Lecce,Maglie,Nell'Abitato,Strada Urbana,Incrocio,Incidente a veicolo isolato,1,0
2020,Lecce,Galatina,Nell'Abitato,Strada Urbana,Rettilineo,Incidente tra veicoli,1,0
2020,Lecce,Galatone,Nell'Abitato,Strada Urbana,Curva,Investimento di pedone,2,0
2020,Lecce,Tricase,Fuori Abitato,Strada Provinciale,Rettilineo,Incidente a veicolo isolato,1,0
2020,Lecce,Muro Leccese,Fuori Abitato,Strada Statale,Curva,Incidente a veicolo isolato,1,0
2020,Lecce,Spongano,Fuori Abitato,Strada Provinciale,Curva,Incidente a veicolo isolato,1,0
2020,Lecce,Porto Cesareo,Nell'Abitato,Strada Urbana,Incrocio,Investimento di pedone,1,0
2020,Lecce,Galatone,Nell'Abitato,Strada Urbana,Incrocio,Incidente tra veicoli,2,0
2020,Lecce,Porto Cesareo,Nell'Abitato,Strada Provinciale,Rettilineo,Incidente tra veicoli,1,0
2020,Lecce,Neviano,Nell'Abitato,Strada Urbana,Rettilineo,Investimento di pedone,1,0
2020,Lecce,Carmiano,Fuori Abitato,Strada Provinciale,Curva,Incidente a veicolo isolato,1,0
2020,Lecce,Patù,Nell'Abitato,Strada Urbana,Rettilineo,Incidente a veicolo isolato,1,0
2020,Lecce,Campi Salentina,Fuori Abitato,Strada Statale,Rettilineo,Incidente a veicolo isolato,1,0
2020,Lecce,Matino,Fuori Abitato,Strada Provinciale,Rettilineo,Incidente tra veicoli,1,0
2020,Lecce,Carmiano,Nell'Abitato,Strada Urbana,Incrocio,Incidente tra veicoli,1,0
2020,Lecce,Campi Salentina,Nell'Abitato,Strada Urbana,Incrocio,Incidente tra veicoli,1,0
2020,Lecce,Poggiardo,Fuori Abitato,Strada Provinciale,Incrocio,Incidente tra veicoli,1,0
2020,Lecce,Surbo,Nell'Abitato,Strada Urbana,Incrocio,Incidente tra veicoli,1,0
2020,Lecce,Miggiano,Fuori Abitato,Strada Statale,Incrocio,Incidente tra veicoli,1,0
2020,Lecce,Surano,Fuori Abitato,Strada Provinciale,Rettilineo,Incidente tra veicoli,3,0
2020,Lecce,Uggiano la Chiesa,Nell'Abitato,Strada Urbana,Rettilineo,Incidente tra veicoli,1,0
2020,Lecce,Surano,Fuori Abitato,Strada Statale,Incrocio,Incidente tra veicoli,1,0
2020,Lecce,Tricase,Nell'Abitato,Strada Urbana,Incrocio,Incidente tra veicoli,1,0
2020,Lecce,Gallipoli,Nell'Abitato,Strada Urbana,Incrocio,Incidente tra veicoli,1,0
2020,Lecce,Carmiano,Fuori Abitato,Strada Provinciale,Incrocio,Incidente tra veicoli,2,0
2020,Lecce,Lecce,Nell'Abitato,Strada Urbana,Rettilineo,Incidente tra veicoli,1,0
2020,Lecce,Otranto,Nell'Abitato,Strada Urbana,Rettilineo,Incidente tra veicoli,1,0
2020,Lecce,Melpignano,Fuori Abitato,Strada Statale,Curva,Incidente tra veicoli,2,0
2020,Lecce,Gagliano del Capo,Nell'Abitato,Strada Urbana,Rettilineo,Incidente tra veicoli,1,0
2020,Lecce,Maglie,Nell'Abitato,Strada Urbana,Incrocio,Incidente tra veicoli,2,0
2020,Lecce,Cutrofiano,Fuori Abitato,Strada Provinciale,Rettilineo,Incidente tra veicoli,2,0
2020,Lecce,Monteroni di Lecce,Nell'Abitato,Strada Urbana,Incrocio,Incidente tra veicoli,3,0
2020,Lecce,Gagliano del Capo,Fuori Abitato,Strada Provinciale,Rettilineo,Incidente tra veicoli,1,0
2020,Lecce,Monteroni di Lecce,Nell'Abitato,Strada Urbana,Incrocio,Incidente tra veicoli,4,0
2020,Lecce,Monteroni di Lecce,Nell'Abitato,Strada Urbana,Incrocio,Incidente tra veicoli,1,0
2020,Lecce,Salice Salentino,Fuori Abitato,Strada Provinciale,Rettilineo,Incidente tra veicoli,1,0
2020,Lecce,Lecce,Fuori Abitato,Strada comunale extraurbana,Rettilineo,Incidente a veicolo isolato,3,0
2020,Lecce,Lecce,Nell'Abitato,Strada Urbana,Rettilineo,Investimento di pedone,1,0
2020,Lecce,Lecce,Nell'Abitato,Strada Urbana,Rotatoria,Incidente a veicolo isolato,1,0
2020,Lecce,Lecce,Nell'Abitato,Strada Urbana,Rettilineo,Incidente tra veicoli,1,0
2020,Lecce,Lecce,Nell'Abitato,Strada Urbana,Rettilineo,Incidente tra veicoli,1,0
2020,Lecce,Lecce,Nell'Abitato,Strada Urbana,Rotatoria,Incidente tra veicoli,1,0
2020,Lecce,Lecce,Nell'Abitato,Strada Urbana,Incrocio,Incidente tra veicoli,2,0
2020,Lecce,Lecce,Nell'Abitato,Strada Urbana,Rettilineo,Investimento di pedone,1,0
2020,Lecce,Lecce,Nell'Abitato,Strada Urbana,Incrocio,Incidente tra veicoli,1,0
2020,Lecce,Lecce,Nell'Abitato,Strada Urbana,Incrocio,Incidente tra veicoli,1,0
2020,Lecce,Lecce,Nell'Abitato,Strada Urbana,Incrocio,Incidente tra veicoli,1,0
2020,Lecce,Lecce,Nell'Abitato,Strada Urbana,Incrocio,Incidente tra veicoli,1,0
2020,Lecce,Lecce,Nell'Abitato,Strada Urbana,Incrocio,Incidente tra veicoli,1,0
2020,Lecce,Lecce,Nell'Abitato,Strada Urbana,Rotatoria,Incidente tra veicoli,2,0
2020,Lecce,Lecce,Fuori Abitato,Strada Provinciale,Incrocio,Incidente tra veicoli,3,0
2020,Lecce,Lecce,Fuori Abitato,Strada comunale extraurbana,Curva,Incidente tra veicoli,1,0
2020,Lecce,Lecce,Nell'Abitato,Strada Urbana,Incrocio,Incidente tra veicoli,1,0
2020,Lecce,Lecce,Nell'Abitato,Strada Urbana,Incrocio,Incidente tra veicoli,1,0
2020,Lecce,Lecce,Nell'Abitato,Strada Urbana,Incrocio,Incidente tra veicoli,2,0
2020,Lecce,Lecce,Nell'Abitato,Strada Urbana,Incrocio,Incidente tra veicoli,1,0
2020,Lecce,Lecce,Nell'Abitato,Strada Urbana,Rotatoria,Incidente tra veicoli,1,0
2020,Lecce,Lecce,Fuori Abitato,Strada Provinciale,Rettilineo,Incidente tra veicoli,3,0
2020,Lecce,Lecce,Nell'Abitato,Strada Urbana,Incrocio,Incidente tra veicoli,1,0
2020,Lecce,Lecce,Fuori Abitato,Strada Provinciale,Rettilineo,Incidente tra veicoli,2,0
2020,Lecce,Lecce,Nell'Abitato,Strada Urbana,Curva,Incidente tra veicoli,2,0
2020,Lecce,Lecce,Fuori Abitato,Strada Statale,Rettilineo,Incidente tra veicoli,2,0
2020,Lecce,Lecce,Nell'Abitato,Strada Urbana,Incrocio,Incidente tra veicoli,1,0
2020,Lecce,Lecce,Nell'Abitato,Strada Urbana,Rettilineo,Incidente tra veicoli,3,0
2020,Lecce,Taurisano,Nell'Abitato,Strada Urbana,Incrocio,Incidente tra veicoli,1,0
2020,Lecce,Taurisano,Nell'Abitato,Strada Urbana,Incrocio,Incidente tra veicoli,1,0
2020,Lecce,Veglie,Nell'Abitato,Strada Urbana,Incrocio,Incidente tra veicoli,1,0
2020,Lecce,Nardò,Nell'Abitato,Strada Provinciale,Incrocio,Incidente tra veicoli,1,1
2020,Lecce,Nardò,Nell'Abitato,Strada Urbana,Incrocio,Incidente tra veicoli,2,0
2020,Lecce,Nardò,Nell'Abitato,Strada Urbana,Rotatoria,Incidente tra veicoli,1,0
2020,Lecce,Nardò,Nell'Abitato,Strada Urbana,Incrocio,Incidente tra veicoli,1,0
2020,Lecce,Nardò,Nell'Abitato,Strada Urbana,Rettilineo,Investimento di pedone,1,0
2020,Lecce,Nardò,Nell'Abitato,Strada Urbana,Incrocio,Incidente tra veicoli,2,0
2020,Lecce,Copertino,Nell'Abitato,Strada Provinciale,Rettilineo,Incidente a veicolo isolato,1,0
2020,Lecce,Copertino,Nell'Abitato,Strada Urbana,Rettilineo,Incidente tra veicoli,1,0
2020,Lecce,Copertino,Nell'Abitato,Strada Urbana,Incrocio,Incidente tra veicoli,1,0
2020,Lecce,Melendugno,Nell'Abitato,Strada Provinciale,Incrocio,Incidente tra veicoli,3,0
2020,Lecce,Gallipoli,Nell'Abitato,Strada Provinciale,Rettilineo,Incidente tra veicoli,1,0
2020,Lecce,Gallipoli,Nell'Abitato,Strada Urbana,Rettilineo,Incidente tra veicoli,2,0
2020,Lecce,Casarano,Nell'Abitato,Strada Urbana,Rettilineo,Incidente tra veicoli,3,0
2020,Lecce,Tricase,Nell'Abitato,Strada Urbana,Incrocio,Investimento di pedone,1,0
2020,Lecce,Tricase,Nell'Abitato,Strada Urbana,Rettilineo,Incidente a veicolo isolato,1,0
2020,Lecce,Galatone,Nell'Abitato,Strada Urbana,Incrocio,Incidente tra veicoli,1,0
2020,Lecce,Surbo,Nell'Abitato,Strada Urbana,Incrocio,Incidente tra veicoli,1,0
2020,Lecce,Surbo,Nell'Abitato,Strada Urbana,Incrocio,Incidente tra veicoli,1,0
2020,Lecce,Ugento,Nell'Abitato,Strada Urbana,Incrocio,Incidente tra veicoli,1,0
2020,Lecce,Galatone,Fuori Abitato,Strada Provinciale,Rettilineo,Incidente a veicolo isolato,1,0
2020,Lecce,Carmiano,Fuori Abitato,Strada Provinciale,Incrocio,Incidente tra veicoli,1,0
2020,Lecce,San Cesario di Lecce,Nell'Abitato,Strada Urbana,Incrocio,Incidente tra veicoli,1,0
2020,Lecce,Galatina,Fuori Abitato,Strada Provinciale,Incrocio,Incidente tra veicoli,1,0
2020,Lecce,Matino,Nell'Abitato,Strada Urbana,Incrocio,Incidente tra veicoli,1,0
2020,Lecce,Guagnano,Nell'Abitato,Strada Provinciale,Incrocio,Incidente tra veicoli,2,0
2020,Lecce,Novoli,Nell'Abitato,Strada Urbana,Incrocio,Incidente tra veicoli,1,0
2020,Lecce,Maglie,Nell'Abitato,Strada Urbana,Incrocio,Incidente tra veicoli,1,0
2020,Lecce,Galatina,Nell'Abitato,Strada Urbana,Incrocio,Incidente tra veicoli,1,0
2020,Lecce,Ruffano,Nell'Abitato,Strada Urbana,Incrocio,Incidente tra veicoli,1,0
2020,Lecce,Ugento,Nell'Abitato,Strada Urbana,Incrocio,Incidente tra veicoli,1,0
2020,Lecce,Lecce,Fuori Abitato,Strada Provinciale,Rettilineo,Incidente tra veicoli,1,0
2020,Lecce,Lecce,Fuori Abitato,Strada Statale,Rettilineo,Incidente tra veicoli,2,0
2020,Lecce,Galatina,Nell'Abitato,Strada Urbana,Incrocio,Incidente tra veicoli,1,0
2020,Lecce,Lequile,Fuori Abitato,Strada Statale,Curva,Incidente a veicolo isolato,1,0
2020,Lecce,Lequile,Fuori Abitato,Strada Statale,Rettilineo,Incidente tra veicoli,2,0
2020,Lecce,Parabita,Fuori Abitato,Strada Provinciale,Rettilineo,Incidente tra veicoli,2,0
2020,Lecce,Nardò,Nell'Abitato,Strada Urbana,Rettilineo,Incidente a veicolo isolato,1,0
2020,Lecce,Maglie,Fuori Abitato,Strada comunale extraurbana,Rettilineo,Incidente a veicolo isolato,1,0
2020,Lecce,Taurisano,Nell'Abitato,Strada Urbana,Incrocio,Incidente tra veicoli,2,0
2020,Lecce,Ugento,Fuori Abitato,Strada Provinciale,Curva,Incidente tra veicoli,2,0
2020,Lecce,Neviano,Nell'Abitato,Strada Urbana,Incrocio,Incidente tra veicoli,2,0
2020,Lecce,Salice Salentino,Fuori Abitato,Strada Statale,Curva,Incidente a veicolo isolato,1,0
2020,Lecce,Alessano,Nell'Abitato,Strada Urbana,Rettilineo,Incidente a veicolo isolato,1,0
2020,Lecce,Campi Salentina,Nell'Abitato,Strada Urbana,Rettilineo,Incidente a veicolo isolato,1,0
2020,Lecce,Campi Salentina,Fuori Abitato,Strada comunale extraurbana,Rettilineo,Incidente tra veicoli,1,0
2020,Lecce,Neviano,Nell'Abitato,Strada Urbana,Incrocio,Incidente a veicolo isolato,1,0
2020,Lecce,Soleto,Nell'Abitato,Strada Urbana,Curva,Incidente a veicolo isolato,1,0
2020,Lecce,Nardò,Fuori Abitato,Strada Provinciale,Curva,Incidente a veicolo isolato,1,0
2020,Lecce,Novoli,Fuori Abitato,Strada Statale,Rettilineo,Incidente tra veicoli,1,0
2020,Lecce,Tricase,Nell'Abitato,Strada Provinciale,Rettilineo,Incidente a veicolo isolato,1,0
2020,Lecce,Porto Cesareo,Nell'Abitato,Strada Provinciale,Rettilineo,Incidente a veicolo isolato,1,0
2020,Lecce,Carmiano,Nell'Abitato,Strada Urbana,Incrocio,Investimento di pedone,1,0
2020,Lecce,Maglie,Nell'Abitato,Strada Urbana,Incrocio,Incidente tra veicoli,1,0
2020,Lecce,Giurdignano,Fuori Abitato,Strada Statale,Rettilineo,Incidente tra veicoli,2,0
2020,Lecce,Taviano,Fuori Abitato,Strada Provinciale,Incrocio,Incidente tra veicoli,1,0
2020,Lecce,Presicce-Acquarica,Fuori Abitato,Strada Statale,Rettilineo,Incidente tra veicoli,1,0
2020,Lecce,Lizzanello,Fuori Abitato,Strada Provinciale,Incrocio,Incidente tra veicoli,1,0
2020,Lecce,Cursi,Nell'Abitato,Strada Urbana,Incrocio,Incidente tra veicoli,1,0
2020,Lecce,Specchia,Fuori Abitato,Strada Statale,Rettilineo,Incidente tra veicoli,2,0
2020,Lecce,Racale,Fuori Abitato,Strada Provinciale,Incrocio,Incidente tra veicoli,1,0
2020,Lecce,Alessano,Nell'Abitato,Strada Statale,Rettilineo,Incidente tra veicoli,1,0
2020,Lecce,Lecce,Nell'Abitato,Strada Urbana,Rettilineo,Incidente a veicolo isolato,1,0
2020,Lecce,Lecce,Nell'Abitato,Strada Urbana,Rettilineo,Incidente tra veicoli,1,0
2020,Lecce,Lecce,Fuori Abitato,Strada Provinciale,Rettilineo,Incidente tra veicoli,2,0
2020,Lecce,Lecce,Nell'Abitato,Strada Urbana,Curva,Incidente a veicolo isolato,2,0
2020,Lecce,Lecce,Nell'Abitato,Strada Urbana,Incrocio,Incidente tra veicoli,1,0
2020,Lecce,Lecce,Nell'Abitato,Strada Urbana,Rotatoria,Incidente tra veicoli,2,0
2020,Lecce,Lecce,Nell'Abitato,Strada Urbana,Incrocio,Incidente tra veicoli,1,0
2020,Lecce,Lecce,Nell'Abitato,Strada Urbana,Incrocio,Incidente tra veicoli,1,0
2020,Lecce,Lecce,Nell'Abitato,Strada Urbana,Rettilineo,Incidente tra veicoli,2,0
2020,Lecce,Lecce,Nell'Abitato,Strada Urbana,Incrocio,Incidente tra veicoli,1,0
2020,Lecce,Lecce,Nell'Abitato,Strada Urbana,Incrocio,Incidente tra veicoli,1,0
2020,Lecce,Lecce,Nell'Abitato,Strada Urbana,Rettilineo,Incidente a veicolo isolato,1,0
2020,Lecce,Lecce,Fuori Abitato,Strada Provinciale,Incrocio,Incidente tra veicoli,2,0
2020,Lecce,Lecce,Nell'Abitato,Strada Urbana,Rotatoria,Incidente tra veicoli,1,0
2020,Lecce,Lecce,Fuori Abitato,Strada Provinciale,Incrocio,Incidente tra veicoli,1,0
2020,Lecce,Lecce,Fuori Abitato,Strada comunale extraurbana,Incrocio,Incidente tra veicoli,2,0
2020,Lecce,Lecce,Nell'Abitato,Strada Urbana,Incrocio,Incidente tra veicoli,1,0
2020,Lecce,Lizzanello,Nell'Abitato,Strada Urbana,Incrocio,Incidente tra veicoli,2,0
2020,Lecce,Veglie,Nell'Abitato,Strada Urbana,Incrocio,Incidente tra veicoli,4,0
2020,Lecce,Nardò,Nell'Abitato,Strada Urbana,Rettilineo,Incidente tra veicoli,2,0
2020,Lecce,Nardò,Nell'Abitato,Strada Urbana,Rettilineo,Incidente tra veicoli,1,0
2020,Lecce,Nardò,Nell'Abitato,Strada Urbana,Rettilineo,Incidente a veicolo isolato,1,0
2020,Lecce,Copertino,Nell'Abitato,Strada Urbana,Incrocio,Incidente tra veicoli,3,0
2020,Lecce,Copertino,Nell'Abitato,Strada Urbana,Incrocio,Incidente tra veicoli,1,0
2020,Lecce,Galatone,Nell'Abitato,Strada Urbana,Incrocio,Incidente tra veicoli,1,0
2020,Lecce,Melendugno,Nell'Abitato,Strada Urbana,Incrocio,Incidente tra veicoli,1,0
2020,Lecce,Melendugno,Nell'Abitato,Strada Provinciale,Incrocio,Incidente tra veicoli,2,0
2020,Lecce,Gallipoli,Nell'Abitato,Strada Urbana,Incrocio,Incidente tra veicoli,1,0
2020,Lecce,Leverano,Nell'Abitato,Strada Urbana,Incrocio,Incidente tra veicoli,2,0
2020,Lecce,Galatone,Nell'Abitato,Strada Urbana,Incrocio,Incidente tra veicoli,3,0
2020,Lecce,Nardò,Nell'Abitato,Strada Provinciale,Rotatoria,Incidente tra veicoli,3,0
2020,Lecce,Melpignano,Nell'Abitato,Strada Urbana,Incrocio,Incidente tra veicoli,1,0
2020,Lecce,Galatina,Nell'Abitato,Strada Urbana,Incrocio,Incidente tra veicoli,1,0
2020,Lecce,Ugento,Fuori Abitato,Strada Provinciale,Rettilineo,Incidente tra veicoli,1,0
2020,Lecce,Aradeo,Nell'Abitato,Strada Urbana,Incrocio,Incidente tra veicoli,1,0
2020,Lecce,Sogliano Cavour,Nell'Abitato,Strada Urbana,Incrocio,Incidente tra veicoli,1,0
2020,Lecce,Campi Salentina,Nell'Abitato,Strada Statale,Rotatoria,Incidente tra veicoli,3,0
2020,Lecce,Matino,Nell'Abitato,Strada Urbana,Incrocio,Incidente tra veicoli,1,0
2020,Lecce,Galatina,Nell'Abitato,Strada Urbana,Rettilineo,Incidente tra veicoli,1,0
2020,Lecce,Taviano,Nell'Abitato,Strada Urbana,Incrocio,Incidente tra veicoli,1,0
2020,Lecce,Squinzano,Nell'Abitato,Strada Urbana,Incrocio,Incidente tra veicoli,4,0
2020,Lecce,Poggiardo,Fuori Abitato,Strada Provinciale,Rettilineo,Incidente tra veicoli,2,0
2020,Lecce,Trepuzzi,Nell'Abitato,Strada Urbana,Incrocio,Incidente tra veicoli,1,0
2020,Lecce,Lecce,Nell'Abitato,Strada Urbana,Rettilineo,Incidente tra veicoli,3,0
2020,Lecce,Nardò,Nell'Abitato,Strada Urbana,Incrocio,Incidente tra veicoli,3,0
2020,Lecce,Nardò,Fuori Abitato,Strada comunale extraurbana,Curva,Incidente tra veicoli,1,0
2020,Lecce,Lecce,Fuori Abitato,Strada Statale,Curva,Incidente a veicolo isolato,1,0
2020,Lecce,Nociglia,Fuori Abitato,Strada Statale,Rettilineo,Incidente a veicolo isolato,1,0
2020,Lecce,Galatone,Fuori Abitato,Strada Statale,Rettilineo,Incidente tra veicoli,1,0
2020,Lecce,Lequile,Nell'Abitato,Strada Urbana,Incrocio,Incidente tra veicoli,2,0
2020,Lecce,Calimera,Fuori Abitato,Strada Provinciale,Rettilineo,Incidente a veicolo isolato,1,0
2020,Lecce,Castrignano del Capo,Nell'Abitato,Strada Urbana,Incrocio,Incidente tra veicoli,1,0
2020,Lecce,Sternatia,Fuori Abitato,Strada Provinciale,Rettilineo,Incidente a veicolo isolato,1,0
2020,Lecce,Castrignano del Capo,Fuori Abitato,Strada Statale,Rettilineo,Incidente tra veicoli,2,0
2020,Lecce,Ruffano,Fuori Abitato,Strada Provinciale,Rettilineo,Incidente a veicolo isolato,2,0
2020,Lecce,Sannicola,Fuori Abitato,Strada Provinciale,Rettilineo,Incidente a veicolo isolato,1,0
2020,Lecce,Casarano,Fuori Abitato,Strada Provinciale,Rettilineo,Incidente tra veicoli,1,0
2020,Lecce,Tricase,Nell'Abitato,Strada Urbana,Rettilineo,Incidente a veicolo isolato,2,0
2020,Lecce,Morciano di Leuca,Fuori Abitato,Strada comunale extraurbana,Rettilineo,Incidente a veicolo isolato,1,0
2020,Lecce,Alessano,Nell'Abitato,Strada Urbana,Rettilineo,Incidente a veicolo isolato,2,0
2020,Lecce,Salve,Nell'Abitato,Strada Urbana,Incrocio,Incidente tra veicoli,1,0
2020,Lecce,Galatone,Nell'Abitato,Strada Urbana,Incrocio,Incidente a veicolo isolato,3,0
2020,Lecce,Casarano,Nell'Abitato,Strada Urbana,Incrocio,Incidente tra veicoli,1,0
2020,Lecce,Galatone,Nell'Abitato,Strada Urbana,Incrocio,Incidente tra veicoli,1,0
2020,Lecce,Monteroni di Lecce,Nell'Abitato,Strada Urbana,Rettilineo,Incidente tra veicoli,0,1
2020,Lecce,Squinzano,Nell'Abitato,Strada Urbana,Incrocio,Incidente tra veicoli,1,0
2020,Lecce,Poggiardo,Nell'Abitato,Strada Urbana,Incrocio,Incidente tra veicoli,1,0
2020,Lecce,Ruffano,Nell'Abitato,Strada Urbana,Incrocio,Incidente tra veicoli,3,0
2020,Lecce,Tiggiano,Nell'Abitato,Strada Provinciale,Rettilineo,Incidente tra veicoli,2,0
2020,Lecce,Maglie,Nell'Abitato,Strada Urbana,Incrocio,Incidente tra veicoli,1,0
2020,Lecce,Matino,Fuori Abitato,Strada Provinciale,Curva,Incidente tra veicoli,2,0
2020,Lecce,Ruffano,Fuori Abitato,Strada Provinciale,Rettilineo,Incidente tra veicoli,3,0
2020,Lecce,Melissano,Nell'Abitato,Strada Urbana,Rettilineo,Incidente tra veicoli,1,0
2020,Lecce,Casarano,Nell'Abitato,Strada Urbana,Rettilineo,Incidente tra veicoli,2,0
2020,Lecce,Poggiardo,Nell'Abitato,Strada Urbana,Rettilineo,Incidente tra veicoli,1,0
2020,Lecce,Casarano,Nell'Abitato,Strada Urbana,Incrocio,Incidente tra veicoli,2,0
2020,Lecce,Lecce,Nell'Abitato,Strada Urbana,Rettilineo,Incidente tra veicoli,1,0
2020,Lecce,Lecce,Nell'Abitato,Strada Urbana,Incrocio,Investimento di pedone,1,0
2020,Lecce,Lecce,Nell'Abitato,Strada Urbana,Rotatoria,Incidente a veicolo isolato,1,0
2020,Lecce,Lecce,Nell'Abitato,Strada Urbana,Rettilineo,Incidente tra veicoli,1,0
2020,Lecce,Lecce,Nell'Abitato,Strada Urbana,Incrocio,Incidente tra veicoli,1,0
2020,Lecce,Lecce,Nell'Abitato,Strada Urbana,Rettilineo,Investimento di pedone,1,0
2020,Lecce,Lecce,Nell'Abitato,Strada Urbana,Rettilineo,Incidente tra veicoli,1,0
2020,Lecce,Lecce,Nell'Abitato,Strada Urbana,Incrocio,Investimento di pedone,1,0
2020,Lecce,Lecce,Fuori Abitato,Strada Statale,Rettilineo,Incidente a veicolo isolato,1,0
2020,Lecce,Lecce,Nell'Abitato,Strada Urbana,Incrocio,Incidente tra veicoli,2,0
2020,Lecce,Lecce,Nell'Abitato,Strada Urbana,Rettilineo,Investimento di pedone,1,0
2020,Lecce,Lecce,Nell'Abitato,Strada Urbana,Rettilineo,Incidente tra veicoli,1,0
2020,Lecce,Lecce,Nell'Abitato,Strada Urbana,Incrocio,Incidente tra veicoli,2,0
2020,Lecce,Lecce,Nell'Abitato,Strada Urbana,Rettilineo,Incidente tra veicoli,1,0
2020,Lecce,Lecce,Nell'Abitato,Strada Urbana,Rettilineo,Incidente tra veicoli,1,0
2020,Lecce,Lecce,Nell'Abitato,Strada Urbana,Incrocio,Incidente tra veicoli,2,0
2020,Lecce,Lecce,Fuori Abitato,Strada Provinciale,Rettilineo,Incidente tra veicoli,1,0
2020,Lecce,Lecce,Nell'Abitato,Strada Urbana,Rettilineo,Incidente tra veicoli,1,0
2020,Lecce,Lecce,Fuori Abitato,Strada Statale,Rettilineo,Incidente tra veicoli,1,0
2020,Lecce,Lecce,Nell'Abitato,Strada Urbana,Incrocio,Incidente tra veicoli,1,0
2020,Lecce,Lecce,Fuori Abitato,Strada Statale,Rettilineo,Incidente tra veicoli,1,0
2020,Lecce,Lecce,Nell'Abitato,Strada Urbana,Incrocio,Incidente tra veicoli,1,0
2020,Lecce,Lecce,Nell'Abitato,Strada Urbana,Rettilineo,Incidente tra veicoli,1,0
2020,Lecce,Veglie,Fuori Abitato,Strada Provinciale,Rotatoria,Incidente tra veicoli,1,0
2020,Lecce,Nardò,Nell'Abitato,Strada Urbana,Rettilineo,Incidente tra veicoli,1,0
2020,Lecce,Nardò,Nell'Abitato,Strada Urbana,Incrocio,Incidente tra veicoli,1,0
2020,Lecce,Nardò,Nell'Abitato,Strada Urbana,Rettilineo,Investimento di pedone,1,0
2020,Lecce,Nardò,Nell'Abitato,Strada Urbana,Incrocio,Incidente tra veicoli,2,0
2020,Lecce,Nardò,Nell'Abitato,Strada Urbana,Incrocio,Incidente tra veicoli,2,0
2020,Lecce,Nardò,Nell'Abitato,Strada Urbana,Incrocio,Incidente tra veicoli,1,0
2020,Lecce,Nardò,Nell'Abitato,Strada Urbana,Incrocio,Investimento di pedone,1,0
2020,Lecce,Nardò,Nell'Abitato,Strada Urbana,Incrocio,Incidente tra veicoli,2,0
2020,Lecce,Taviano,Nell'Abitato,Strada Urbana,Incrocio,Incidente tra veicoli,2,0
2020,Lecce,Taviano,Nell'Abitato,Strada Urbana,Incrocio,Incidente tra veicoli,2,0
2020,Lecce,Tricase,Nell'Abitato,Strada Urbana,Incrocio,Incidente tra veicoli,1,0
2020,Lecce,Copertino,Nell'Abitato,Strada Urbana,Incrocio,Incidente tra veicoli,1,0
2020,Lecce,Arnesano,Nell'Abitato,Strada Urbana,Rettilineo,Incidente tra veicoli,1,0
2020,Lecce,Galatone,Nell'Abitato,Strada Urbana,Incrocio,Incidente tra veicoli,1,0
2020,Lecce,Soleto,Nell'Abitato,Strada Urbana,Incrocio,Incidente tra veicoli,2,0
2020,Lecce,Surbo,Nell'Abitato,Strada Urbana,Rettilineo,Incidente tra veicoli,2,0
2020,Lecce,Surbo,Nell'Abitato,Strada Urbana,Incrocio,Incidente tra veicoli,1,0
2020,Lecce,Gallipoli,Nell'Abitato,Strada Urbana,Rettilineo,Incidente tra veicoli,1,0
2020,Lecce,Squinzano,Nell'Abitato,Strada Urbana,Rettilineo,Investimento di pedone,1,0
2020,Lecce,Galatina,Nell'Abitato,Strada Urbana,Rettilineo,Incidente tra veicoli,1,0
2020,Lecce,San Cesario di Lecce,Nell'Abitato,Strada Urbana,Rettilineo,Incidente tra veicoli,1,0
2020,Lecce,Aradeo,Nell'Abitato,Strada Urbana,Incrocio,Incidente tra veicoli,1,0
2020,Lecce,Maglie,Nell'Abitato,Strada Urbana,Rettilineo,Investimento di pedone,1,0
2020,Lecce,Corsano,Nell'Abitato,Strada Urbana,Incrocio,Incidente a veicolo isolato,1,0
2020,Lecce,San Cesario di Lecce,Nell'Abitato,Strada Urbana,Incrocio,Incidente tra veicoli,1,0
2020,Lecce,Parabita,Nell'Abitato,Strada Urbana,Incrocio,Incidente tra veicoli,1,0
2020,Lecce,Campi Salentina,Nell'Abitato,Strada Urbana,Incrocio,Incidente tra veicoli,1,0
2020,Lecce,Ugento,Fuori Abitato,Strada Provinciale,Incrocio,Incidente tra veicoli,1,0
2020,Lecce,Ugento,Fuori Abitato,Strada Provinciale,Incrocio,Incidente tra veicoli,1,0
2020,Lecce,Maglie,Nell'Abitato,Strada Urbana,Incrocio,Incidente tra veicoli,2,0
2020,Lecce,Campi Salentina,Fuori Abitato,Strada Provinciale,Rotatoria,Incidente tra veicoli,2,0
2020,Lecce,Aradeo,Nell'Abitato,Strada Urbana,Incrocio,Incidente tra veicoli,2,0
2020,Lecce,Galatina,Fuori Abitato,Strada Provinciale,Rettilineo,Incidente tra veicoli,1,0
2020,Lecce,Galatina,Nell'Abitato,Strada Urbana,Incrocio,Incidente tra veicoli,1,0
2020,Lecce,Alezio,Nell'Abitato,Strada Urbana,Rettilineo,Incidente tra veicoli,1,0
2020,Lecce,Poggiardo,Fuori Abitato,Strada Provinciale,Incrocio,Incidente tra veicoli,1,0
2020,Lecce,Corsano,Nell'Abitato,Strada Urbana,Incrocio,Incidente tra veicoli,1,0
2020,Lecce,Galatina,Nell'Abitato,Strada Urbana,Incrocio,Incidente tra veicoli,1,0
2020,Lecce,Maglie,Nell'Abitato,Strada Urbana,Incrocio,Incidente tra veicoli,1,0
2020,Lecce,Ugento,Nell'Abitato,Strada Urbana,Incrocio,Incidente tra veicoli,1,0
2020,Lecce,Ugento,Nell'Abitato,Strada Urbana,Rotatoria,Incidente tra veicoli,1,0
2020,Lecce,Aradeo,Nell'Abitato,Strada Urbana,Incrocio,Incidente tra veicoli,1,0
2020,Lecce,Lecce,Nell'Abitato,Strada Urbana,Rettilineo,Incidente tra veicoli,4,0
2020,Lecce,Salice Salentino,Fuori Abitato,Strada Provinciale,Incrocio,Incidente tra veicoli,1,0
2020,BAT,Trani,Nell'Abitato,Strada Urbana,Incrocio,Incidente tra veicoli,2,0
2020,BAT,Andria,Fuori Abitato,Autostrada,Rettilineo,Incidente tra veicoli,1,0
2020,BAT,Bisceglie,Fuori Abitato,Autostrada,Rettilineo,Incidente tra veicoli,2,0
2020,BAT,Trani,Fuori Abitato,Strada Provinciale,Rettilineo,Incidente a veicolo isolato,0,1
2020,BAT,Canosa di Puglia,Nell'Abitato,Strada Urbana,Incrocio,Incidente a veicolo isolato,0,1
2020,BAT,Canosa di Puglia,Fuori Abitato,Strada Statale,Rettilineo,Incidente a veicolo isolato,1,0
2020,BAT,Trinitapoli,Fuori Abitato,Strada Provinciale,Rettilineo,Incidente a veicolo isolato,0,1
2020,BAT,Bisceglie,Fuori Abitato,Strada Provinciale,Rettilineo,Incidente tra veicoli,2,0
2020,BAT,Bisceglie,Fuori Abitato,Strada Provinciale,Curva,Incidente tra veicoli,4,0
2020,BAT,San Ferdinando di Puglia,Nell'Abitato,Strada Urbana,Incrocio,Incidente tra veicoli,3,0
2020,BAT,Trani,Nell'Abitato,Strada Urbana,Rettilineo,Incidente tra veicoli,2,0
2020,BAT,Barletta,Nell'Abitato,Strada Urbana,Incrocio,Incidente tra veicoli,3,0
2020,BAT,Trani,Nell'Abitato,Strada Urbana,Rettilineo,Incidente tra veicoli,1,0
2020,BAT,Trani,Nell'Abitato,Strada Urbana,Incrocio,Incidente tra veicoli,5,0
2020,BAT,Trani,Nell'Abitato,Strada Urbana,Rettilineo,Incidente tra veicoli,4,0
2020,BAT,Andria,Nell'Abitato,Strada Urbana,Incrocio,Investimento di pedone,2,0
2020,BAT,Andria,Nell'Abitato,Strada Urbana,Incrocio,Incidente tra veicoli,2,0
2020,BAT,Trani,Nell'Abitato,Strada Urbana,Rettilineo,Incidente tra veicoli,1,0
2020,BAT,Andria,Nell'Abitato,Strada Urbana,Incrocio,Incidente tra veicoli,1,0
2020,BAT,San Ferdinando di Puglia,Nell'Abitato,Strada Urbana,Rettilineo,Investimento di pedone,1,0
2020,BAT,Andria,Nell'Abitato,Strada Urbana,Incrocio,Incidente tra veicoli,1,0
2020,BAT,Trinitapoli,Nell'Abitato,Strada Urbana,Rettilineo,Investimento di pedone,1,0
2020,BAT,Andria,Nell'Abitato,Strada Urbana,Rettilineo,Investimento di pedone,1,0
2020,BAT,Andria,Nell'Abitato,Strada Urbana,Rettilineo,Incidente tra veicoli,1,0
2020,BAT,Barletta,Nell'Abitato,Strada Urbana,Incrocio,Incidente tra veicoli,1,0
2020,BAT,Andria,Nell'Abitato,Strada Urbana,Incrocio,Incidente tra veicoli,3,0
2020,BAT,Trinitapoli,Nell'Abitato,Strada Urbana,Incrocio,Incidente tra veicoli,2,0
2020,BAT,Andria,Nell'Abitato,Strada Urbana,Incrocio,Investimento di pedone,1,0
2020,BAT,Trinitapoli,Nell'Abitato,Strada Urbana,Incrocio,Incidente tra veicoli,4,0
2020,BAT,Trani,Fuori Abitato,Strada Provinciale,Rotatoria,Incidente a veicolo isolato,1,0
2020,BAT,Trani,Nell'Abitato,Strada Urbana,Rettilineo,Investimento di pedone,1,0
2020,BAT,Trani,Nell'Abitato,Strada Urbana,Incrocio,Incidente tra veicoli,1,0
2020,BAT,Andria,Fuori Abitato,Strada Provinciale,Incrocio,Incidente tra veicoli,3,0
2020,BAT,Trani,Nell'Abitato,Strada Urbana,Rettilineo,Incidente tra veicoli,1,0
2020,BAT,Andria,Fuori Abitato,Strada Provinciale,Incrocio,Incidente tra veicoli,3,0
2020,BAT,Andria,Nell'Abitato,Strada Urbana,Rettilineo,Incidente tra veicoli,1,0
2020,BAT,Andria,Nell'Abitato,Strada Urbana,Incrocio,Incidente tra veicoli,3,0
2020,BAT,Trani,Fuori Abitato,Strada Provinciale,Rettilineo,Incidente tra veicoli,1,0
2020,BAT,Spinazzola,Fuori Abitato,Strada Provinciale,Rettilineo,Incidente tra veicoli,2,0
2020,BAT,Trani,Fuori Abitato,Strada Statale,Rettilineo,Incidente tra veicoli,5,0
2020,BAT,Andria,Fuori Abitato,Strada Provinciale,Rettilineo,Incidente tra veicoli,3,0
2020,BAT,Barletta,Nell'Abitato,Strada Urbana,Incrocio,Investimento di pedone,1,0
2020,BAT,Margherita di Savoia,Nell'Abitato,Strada Urbana,Rettilineo,Investimento di pedone,1,0
2020,BAT,Barletta,Fuori Abitato,Strada Statale,Rettilineo,Incidente tra veicoli,3,0
2020,BAT,Barletta,Nell'Abitato,Strada Urbana,Incrocio,Investimento di pedone,1,0
2020,BAT,Bisceglie,Nell'Abitato,Strada Urbana,Rettilineo,Incidente tra veicoli,1,0
2020,BAT,Bisceglie,Fuori Abitato,Strada comunale extraurbana,Incrocio,Incidente tra veicoli,4,0
2020,BAT,Bisceglie,Nell'Abitato,Strada Urbana,Incrocio,Incidente tra veicoli,1,0
2020,BAT,Barletta,Nell'Abitato,Strada Urbana,Incrocio,Incidente tra veicoli,1,0
2020,BAT,Barletta,Nell'Abitato,Strada Urbana,Incrocio,Incidente tra veicoli,1,0
2020,BAT,Barletta,Nell'Abitato,Strada Urbana,Incrocio,Incidente tra veicoli,1,0
2020,BAT,Barletta,Nell'Abitato,Strada Urbana,Incrocio,Incidente tra veicoli,1,0
2020,BAT,Barletta,Nell'Abitato,Strada Urbana,Rettilineo,Incidente tra veicoli,1,0
2020,BAT,Barletta,Nell'Abitato,Strada Urbana,Incrocio,Incidente tra veicoli,1,0
2020,BAT,Margherita di Savoia,Nell'Abitato,Strada Urbana,Incrocio,Incidente tra veicoli,5,0
2020,BAT,Barletta,Nell'Abitato,Strada Urbana,Incrocio,Incidente tra veicoli,1,0
2020,BAT,Trani,Nell'Abitato,Strada Urbana,Rettilineo,Incidente tra veicoli,1,0
2020,BAT,Andria,Nell'Abitato,Strada Urbana,Rettilineo,Incidente tra veicoli,2,0
2020,BAT,Canosa di Puglia,Nell'Abitato,Strada Urbana,Incrocio,Incidente tra veicoli,3,0
2020,BAT,Barletta,Nell'Abitato,Strada Urbana,Incrocio,Incidente tra veicoli,1,0
2020,BAT,Andria,Fuori Abitato,Strada Provinciale,Curva,Incidente a veicolo isolato,2,0
2020,BAT,Andria,Fuori Abitato,Strada Provinciale,Curva,Incidente tra veicoli,2,0
2020,BAT,Barletta,Fuori Abitato,Strada Statale,Rettilineo,Incidente a veicolo isolato,2,0
2020,BAT,Trani,Fuori Abitato,Strada Statale,Rettilineo,Incidente a veicolo isolato,1,0
2020,BAT,Barletta,Fuori Abitato,Strada Statale,Rettilineo,Incidente a veicolo isolato,3,0
2020,BAT,Trani,Fuori Abitato,Strada Statale,Rettilineo,Incidente tra veicoli,2,0
2020,BAT,Trani,Fuori Abitato,Strada Statale,Rettilineo,Incidente tra veicoli,1,0
2020,BAT,Bisceglie,Nell'Abitato,Strada Urbana,Rettilineo,Incidente a veicolo isolato,4,0
2020,BAT,Trani,Fuori Abitato,Strada Statale,Rettilineo,Investimento di pedone,1,0
2020,BAT,San Ferdinando di Puglia,Nell'Abitato,Strada Urbana,Incrocio,Incidente tra veicoli,3,0
2020,BAT,Trani,Nell'Abitato,Strada Urbana,Rettilineo,Investimento di pedone,1,0
2020,BAT,Trinitapoli,Fuori Abitato,Strada Provinciale,Rettilineo,Incidente a veicolo isolato,1,1
2020,BAT,Andria,Fuori Abitato,Strada Provinciale,Curva,Incidente a veicolo isolato,1,0
2020,BAT,Trinitapoli,Fuori Abitato,Strada Statale,Rettilineo,Incidente tra veicoli,1,1
2020,BAT,Andria,Nell'Abitato,Strada Urbana,Rettilineo,Incidente tra veicoli,2,0
2020,BAT,Bisceglie,Fuori Abitato,Strada comunale extraurbana,Incrocio,Incidente tra veicoli,3,0
2020,BAT,Bisceglie,Nell'Abitato,Strada Urbana,Incrocio,Incidente tra veicoli,1,0
2020,BAT,San Ferdinando di Puglia,Nell'Abitato,Strada Urbana,Rettilineo,Incidente tra veicoli,1,0
2020,BAT,Trani,Nell'Abitato,Strada Urbana,Rettilineo,Incidente tra veicoli,1,0
2020,BAT,Trinitapoli,Nell'Abitato,Strada Urbana,Rettilineo,Incidente a veicolo isolato,1,0
2020,BAT,Trani,Fuori Abitato,Strada Provinciale,Incrocio,Incidente tra veicoli,1,0
2020,BAT,San Ferdinando di Puglia,Nell'Abitato,Strada Urbana,Incrocio,Incidente tra veicoli,2,0
2020,BAT,Andria,Nell'Abitato,Strada Urbana,Incrocio,Incidente tra veicoli,1,0
2020,BAT,Andria,Nell'Abitato,Strada Urbana,Rettilineo,Incidente tra veicoli,1,0
2020,BAT,Andria,Fuori Abitato,Strada Statale,Rettilineo,Incidente a veicolo isolato,3,0
2020,BAT,Andria,Nell'Abitato,Strada Urbana,Incrocio,Incidente tra veicoli,1,0
2020,BAT,Andria,Nell'Abitato,Strada Urbana,Incrocio,Incidente tra veicoli,2,0
2020,BAT,Andria,Nell'Abitato,Strada Urbana,Incrocio,Incidente tra veicoli,1,0
2020,BAT,Trani,Nell'Abitato,Strada Urbana,Incrocio,Incidente tra veicoli,3,0
2020,BAT,Canosa di Puglia,Nell'Abitato,Strada Urbana,Rettilineo,Incidente tra veicoli,2,0
2020,BAT,Barletta,Nell'Abitato,Strada Urbana,Rettilineo,Incidente tra veicoli,3,0
2020,BAT,Barletta,Nell'Abitato,Strada Urbana,Rettilineo,Incidente a veicolo isolato,3,0
2020,BAT,Trinitapoli,Nell'Abitato,Strada Urbana,Rettilineo,Incidente tra veicoli,1,0
2020,BAT,San Ferdinando di Puglia,Nell'Abitato,Strada Urbana,Incrocio,Incidente tra veicoli,1,0
2020,BAT,Trani,Nell'Abitato,Strada Urbana,Incrocio,Investimento di pedone,1,0
2020,BAT,Canosa di Puglia,Nell'Abitato,Strada Urbana,Incrocio,Incidente tra veicoli,1,0
2020,BAT,Trani,Nell'Abitato,Strada Urbana,Curva,Incidente tra veicoli,1,0
2020,BAT,Andria,Nell'Abitato,Strada Urbana,Incrocio,Incidente tra veicoli,1,0
2020,BAT,Andria,Nell'Abitato,Strada Urbana,Rettilineo,Incidente a veicolo isolato,1,0
2020,BAT,Trani,Nell'Abitato,Strada Urbana,Rettilineo,Incidente a veicolo isolato,1,0
2020,BAT,Canosa di Puglia,Nell'Abitato,Strada Urbana,Rettilineo,Incidente tra veicoli,1,0
2020,BAT,Canosa di Puglia,Fuori Abitato,Strada Statale,Rettilineo,Incidente tra veicoli,2,0
2020,BAT,Trani,Fuori Abitato,Strada Provinciale,Rettilineo,Incidente a veicolo isolato,1,0
2020,BAT,Andria,Fuori Abitato,Strada Provinciale,Rettilineo,Incidente tra veicoli,3,0
2020,BAT,Canosa di Puglia,Fuori Abitato,Strada Statale,Rettilineo,Incidente tra veicoli,5,0
2020,BAT,Bisceglie,Fuori Abitato,Strada Provinciale,Rettilineo,Incidente tra veicoli,1,1
2020,BAT,Barletta,Nell'Abitato,Strada Urbana,Incrocio,Incidente a veicolo isolato,1,0
2020,BAT,Barletta,Fuori Abitato,Strada Statale,Curva,Incidente a veicolo isolato,1,0
2020,BAT,Trinitapoli,Fuori Abitato,Strada Provinciale,Rettilineo,Incidente a veicolo isolato,1,0
2020,BAT,Barletta,Nell'Abitato,Strada Urbana,Rettilineo,Incidente a veicolo isolato,1,0
2020,BAT,Margherita di Savoia,Nell'Abitato,Strada Urbana,Incrocio,Investimento di pedone,1,0
2020,BAT,Bisceglie,Fuori Abitato,Strada Provinciale,Incrocio,Incidente tra veicoli,2,0
2020,BAT,Bisceglie,Nell'Abitato,Strada Urbana,Rettilineo,Incidente tra veicoli,1,0
2020,BAT,Barletta,Nell'Abitato,Strada Urbana,Rettilineo,Incidente tra veicoli,3,0
2020,BAT,Barletta,Nell'Abitato,Strada Urbana,Rotatoria,Incidente tra veicoli,1,0
2020,BAT,Barletta,Nell'Abitato,Strada Urbana,Curva,Incidente tra veicoli,2,0
2020,BAT,Barletta,Nell'Abitato,Strada Urbana,Rettilineo,Incidente tra veicoli,1,0
2020,BAT,Barletta,Nell'Abitato,Strada Urbana,Rettilineo,Incidente tra veicoli,1,0
2020,BAT,Barletta,Nell'Abitato,Strada Urbana,Rettilineo,Incidente tra veicoli,1,0
2020,BAT,Barletta,Nell'Abitato,Strada Urbana,Rotatoria,Incidente tra veicoli,1,0
2020,BAT,Barletta,Nell'Abitato,Strada Urbana,Rettilineo,Incidente tra veicoli,2,0
2020,BAT,Bisceglie,Fuori Abitato,Strada Provinciale,Rettilineo,Incidente tra veicoli,2,0
2020,BAT,Barletta,Nell'Abitato,Strada Urbana,Rettilineo,Incidente tra veicoli,5,1
2020,BAT,Barletta,Nell'Abitato,Strada Urbana,Rettilineo,Incidente tra veicoli,1,0
2020,BAT,Canosa di Puglia,Fuori Abitato,Strada Provinciale,Rettilineo,Incidente a veicolo isolato,1,0
2020,BAT,Canosa di Puglia,Fuori Abitato,Strada Provinciale,Incrocio,Incidente tra veicoli,1,0
2020,BAT,Margherita di Savoia,Nell'Abitato,Strada Provinciale,Incrocio,Incidente tra veicoli,1,0
2020,BAT,Canosa di Puglia,Nell'Abitato,Strada Urbana,Rettilineo,Incidente tra veicoli,2,0
2020,BAT,Trani,Nell'Abitato,Strada Urbana,Incrocio,Incidente tra veicoli,1,0
2020,BAT,Canosa di Puglia,Nell'Abitato,Strada Urbana,Incrocio,Incidente tra veicoli,1,0
2020,BAT,Barletta,Nell'Abitato,Strada Urbana,Rettilineo,Incidente a veicolo isolato,2,0
2020,BAT,Trani,Nell'Abitato,Strada Urbana,Rettilineo,Incidente tra veicoli,1,0
2020,BAT,Trani,Nell'Abitato,Strada Urbana,Rotatoria,Incidente a veicolo isolato,1,0
2020,BAT,Trinitapoli,Nell'Abitato,Strada Urbana,Incrocio,Incidente tra veicoli,1,0
2020,BAT,Andria,Nell'Abitato,Strada Urbana,Rettilineo,Incidente tra veicoli,2,0
2020,BAT,Trinitapoli,Nell'Abitato,Strada Urbana,Rettilineo,Incidente tra veicoli,1,0
2020,BAT,Andria,Nell'Abitato,Strada Urbana,Incrocio,Investimento di pedone,1,0
2020,BAT,Canosa di Puglia,Nell'Abitato,Strada Urbana,Rettilineo,Incidente tra veicoli,1,0
2020,BAT,Canosa di Puglia,Nell'Abitato,Strada Urbana,Incrocio,Incidente tra veicoli,1,0
2020,BAT,Andria,Fuori Abitato,Strada Provinciale,Rettilineo,Incidente tra veicoli,1,0
2020,BAT,Canosa di Puglia,Nell'Abitato,Strada Urbana,Incrocio,Incidente tra veicoli,1,0
2020,BAT,Canosa di Puglia,Nell'Abitato,Strada Urbana,Incrocio,Incidente tra veicoli,1,0
2020,BAT,Andria,Fuori Abitato,Strada Provinciale,Curva,Incidente tra veicoli,1,0
2020,BAT,Barletta,Fuori Abitato,Strada Statale,Rettilineo,Incidente a veicolo isolato,1,0
2020,BAT,Barletta,Fuori Abitato,Strada comunale extraurbana,Rettilineo,Incidente a veicolo isolato,1,1
2020,BAT,Bisceglie,Nell'Abitato,Strada Urbana,Incrocio,Incidente tra veicoli,1,0
2020,BAT,Bisceglie,Nell'Abitato,Strada Urbana,Incrocio,Incidente tra veicoli,1,0
2020,BAT,Barletta,Nell'Abitato,Strada Urbana,Rotatoria,Incidente tra veicoli,1,0
2020,BAT,Barletta,Nell'Abitato,Strada Urbana,Rettilineo,Incidente tra veicoli,1,0
2020,BAT,Barletta,Nell'Abitato,Strada Urbana,Rotatoria,Incidente tra veicoli,1,0
2020,BAT,Barletta,Nell'Abitato,Strada Urbana,Rettilineo,Incidente tra veicoli,1,0
2020,BAT,Bisceglie,Nell'Abitato,Strada Urbana,Rettilineo,Incidente tra veicoli,1,0
2020,BAT,Barletta,Fuori Abitato,Strada Statale,Rettilineo,Incidente tra veicoli,2,0
2020,BAT,Trani,Nell'Abitato,Strada Urbana,Incrocio,Incidente tra veicoli,1,0
2020,BAT,Barletta,Fuori Abitato,Strada Statale,Rettilineo,Incidente tra veicoli,0,1
2020,BAT,Barletta,Nell'Abitato,Strada Urbana,Incrocio,Incidente tra veicoli,3,0
2020,BAT,Trani,Nell'Abitato,Strada Urbana,Rettilineo,Incidente tra veicoli,4,0
2020,BAT,Andria,Nell'Abitato,Strada Urbana,Incrocio,Investimento di pedone,1,0
2020,BAT,Canosa di Puglia,Nell'Abitato,Strada Urbana,Rettilineo,Investimento di pedone,1,0
2020,BAT,Andria,Nell'Abitato,Strada Urbana,Rettilineo,Incidente tra veicoli,1,0
2020,BAT,Trinitapoli,Fuori Abitato,Strada Provinciale,Rettilineo,Incidente a veicolo isolato,1,0
2020,BAT,Andria,Fuori Abitato,Strada Provinciale,Rettilineo,Incidente tra veicoli,1,0
2020,BAT,Canosa di Puglia,Fuori Abitato,Strada Provinciale,Rettilineo,Incidente tra veicoli,2,0
2020,BAT,Bisceglie,Nell'Abitato,Strada Urbana,Rettilineo,Investimento di pedone,2,0
2020,BAT,Trinitapoli,Nell'Abitato,Strada Urbana,Incrocio,Incidente tra veicoli,1,0
2020,BAT,Barletta,Nell'Abitato,Strada Urbana,Incrocio,Incidente tra veicoli,1,0
2020,BAT,Bisceglie,Nell'Abitato,Strada Urbana,Incrocio,Incidente tra veicoli,1,0
2020,BAT,Bisceglie,Nell'Abitato,Strada Urbana,Incrocio,Incidente tra veicoli,1,0
2020,BAT,Bisceglie,Nell'Abitato,Strada Urbana,Incrocio,Incidente tra veicoli,1,0
2020,BAT,Barletta,Fuori Abitato,Strada Statale,Rettilineo,Incidente tra veicoli,1,1
2020,BAT,Margherita di Savoia,Nell'Abitato,Strada Urbana,Incrocio,Incidente tra veicoli,1,0
2020,BAT,Barletta,Nell'Abitato,Strada Urbana,Incrocio,Incidente tra veicoli,1,0
2020,BAT,Barletta,Nell'Abitato,Strada Urbana,Rettilineo,Incidente tra veicoli,1,0
2020,BAT,Andria,Fuori Abitato,Strada Provinciale,Curva,Incidente tra veicoli,2,0
2020,BAT,Canosa di Puglia,Fuori Abitato,Strada Statale,Curva,Incidente tra veicoli,2,0
2020,BAT,Minervino Murge,Nell'Abitato,Strada Urbana,Rettilineo,Incidente tra veicoli,4,0
2020,BAT,Bisceglie,Nell'Abitato,Strada Urbana,Incrocio,Incidente tra veicoli,1,0
2020,BAT,Andria,Fuori Abitato,Strada Provinciale,Rettilineo,Incidente a veicolo isolato,2,0
2020,BAT,Margherita di Savoia,Nell'Abitato,Strada Urbana,Incrocio,Incidente tra veicoli,4,0
2020,BAT,Bisceglie,Nell'Abitato,Strada Urbana,Incrocio,Incidente tra veicoli,2,0
2020,BAT,Trani,Fuori Abitato,Strada Provinciale,Incrocio,Incidente tra veicoli,1,0
2020,BAT,Andria,Fuori Abitato,Altra strada,Rettilineo,Incidente tra veicoli,1,0
2020,BAT,Barletta,Nell'Abitato,Strada Urbana,Incrocio,Investimento di pedone,1,0
2020,BAT,Andria,Nell'Abitato,Strada Urbana,Incrocio,Incidente tra veicoli,1,0
2020,BAT,Trani,Fuori Abitato,Strada Statale,Curva,Incidente a veicolo isolato,1,0
2020,BAT,Barletta,Nell'Abitato,Strada Urbana,Incrocio,Incidente tra veicoli,2,0
2020,BAT,Andria,Nell'Abitato,Strada Urbana,Rettilineo,Incidente tra veicoli,5,0
2020,BAT,Andria,Nell'Abitato,Strada Urbana,Incrocio,Incidente tra veicoli,1,0
2020,BAT,Trani,Nell'Abitato,Strada Urbana,Incrocio,Incidente tra veicoli,2,0
2020,BAT,Andria,Nell'Abitato,Strada Urbana,Incrocio,Incidente tra veicoli,2,0
2020,BAT,Barletta,Nell'Abitato,Strada Urbana,Incrocio,Incidente tra veicoli,2,0
2020,BAT,Andria,Fuori Abitato,Strada Statale,Incrocio,Incidente tra veicoli,3,0
2020,BAT,Canosa di Puglia,Nell'Abitato,Strada Urbana,Rettilineo,Incidente tra veicoli,1,0
2020,BAT,Andria,Nell'Abitato,Strada Urbana,Incrocio,Incidente tra veicoli,1,0
2020,BAT,Trani,Nell'Abitato,Strada Urbana,Rettilineo,Investimento di pedone,1,0
2020,BAT,Trani,Nell'Abitato,Strada Urbana,Rettilineo,Incidente a veicolo isolato,1,0
2020,BAT,Andria,Fuori Abitato,Strada comunale extraurbana,Curva,Incidente a veicolo isolato,1,1
2020,BAT,Andria,Fuori Abitato,Strada comunale extraurbana,Curva,Incidente tra veicoli,3,0
2020,BAT,Bisceglie,Nell'Abitato,Strada Statale,Rettilineo,Incidente a veicolo isolato,1,0
2020,BAT,Bisceglie,Fuori Abitato,Strada Provinciale,Incrocio,Incidente tra veicoli,1,0
2020,BAT,Barletta,Nell'Abitato,Strada Urbana,Rettilineo,Investimento di pedone,1,0
2020,BAT,Bisceglie,Fuori Abitato,Strada Provinciale,Incrocio,Incidente tra veicoli,2,0
2020,BAT,Bisceglie,Fuori Abitato,Strada comunale extraurbana,Rettilineo,Incidente tra veicoli,2,0
2020,BAT,Bisceglie,Nell'Abitato,Strada Urbana,Rotatoria,Incidente tra veicoli,2,0
2020,BAT,Barletta,Nell'Abitato,Strada Urbana,Incrocio,Incidente tra veicoli,1,0
2020,BAT,Barletta,Nell'Abitato,Strada Urbana,Rettilineo,Incidente tra veicoli,2,0
2020,BAT,Barletta,Nell'Abitato,Strada Urbana,Incrocio,Incidente tra veicoli,1,0
2020,BAT,Barletta,Nell'Abitato,Strada Urbana,Rettilineo,Incidente tra veicoli,1,0
2020,BAT,Trinitapoli,Nell'Abitato,Strada Urbana,Rettilineo,Incidente tra veicoli,2,0
2020,BAT,Barletta,Nell'Abitato,Strada Urbana,Incrocio,Incidente tra veicoli,1,0
2020,BAT,Barletta,Nell'Abitato,Strada Urbana,Incrocio,Incidente tra veicoli,1,0
2020,BAT,Margherita di Savoia,Nell'Abitato,Strada Urbana,Rettilineo,Incidente tra veicoli,2,0
2020,BAT,Trani,Nell'Abitato,Strada Urbana,Incrocio,Incidente tra veicoli,2,0
2020,BAT,Trani,Nell'Abitato,Strada Urbana,Incrocio,Incidente tra veicoli,8,0
2020,BAT,Barletta,Nell'Abitato,Strada Urbana,Rettilineo,Incidente tra veicoli,1,0
2020,BAT,Andria,Fuori Abitato,Strada Statale,Rettilineo,Incidente a veicolo isolato,1,0
2020,BAT,Andria,Fuori Abitato,Strada Provinciale,Rettilineo,Incidente tra veicoli,1,0
2020,BAT,Andria,Fuori Abitato,Autostrada,Rettilineo,Incidente tra veicoli,1,0
2020,BAT,Canosa di Puglia,Fuori Abitato,Autostrada,Rettilineo,Incidente a veicolo isolato,1,0
2020,BAT,Barletta,Nell'Abitato,Strada Urbana,Curva,Investimento di pedone,1,0
2020,BAT,Barletta,Fuori Abitato,Strada comunale extraurbana,Rettilineo,Incidente a veicolo isolato,2,0
2020,BAT,Margherita di Savoia,Nell'Abitato,Strada Urbana,Incrocio,Investimento di pedone,1,0
2020,BAT,Trani,Fuori Abitato,Strada comunale extraurbana,Rettilineo,Incidente tra veicoli,2,0
2020,BAT,Trinitapoli,Fuori Abitato,Strada Provinciale,Rettilineo,Incidente tra veicoli,1,1
2020,BAT,Minervino Murge,Nell'Abitato,Strada Urbana,Rettilineo,Incidente tra veicoli,1,0
2020,BAT,Bisceglie,Nell'Abitato,Strada Urbana,Incrocio,Incidente tra veicoli,3,0
2020,BAT,Andria,Nell'Abitato,Strada Urbana,Incrocio,Incidente tra veicoli,1,0
2020,BAT,San Ferdinando di Puglia,Fuori Abitato,Strada Provinciale,Rettilineo,Incidente tra veicoli,1,0
2020,BAT,Andria,Nell'Abitato,Strada Urbana,Incrocio,Incidente tra veicoli,1,0
2020,BAT,Trani,Fuori Abitato,Strada Statale,Rettilineo,Incidente tra veicoli,5,0
2020,BAT,Trani,Nell'Abitato,Strada Urbana,Incrocio,Incidente tra veicoli,1,0
2020,BAT,Trani,Fuori Abitato,Strada comunale extraurbana,Incrocio,Incidente tra veicoli,1,0
2020,BAT,Andria,Nell'Abitato,Strada Urbana,Rettilineo,Incidente tra veicoli,1,0
2020,BAT,Andria,Nell'Abitato,Strada Urbana,Rettilineo,Incidente tra veicoli,1,0
2020,BAT,Barletta,Nell'Abitato,Strada Urbana,Rettilineo,Incidente tra veicoli,1,0
2020,BAT,Andria,Nell'Abitato,Strada Urbana,Incrocio,Incidente tra veicoli,1,0
2020,BAT,Andria,Nell'Abitato,Strada Urbana,Rettilineo,Investimento di pedone,1,0
2020,BAT,Andria,Fuori Abitato,Strada Provinciale,Rettilineo,Incidente a veicolo isolato,1,0
2020,BAT,Trani,Nell'Abitato,Strada Urbana,Incrocio,Incidente tra veicoli,1,0
2020,BAT,Trinitapoli,Nell'Abitato,Strada Urbana,Incrocio,Incidente tra veicoli,3,0
2020,BAT,Andria,Nell'Abitato,Strada Urbana,Incrocio,Incidente tra veicoli,2,0
2020,BAT,Andria,Nell'Abitato,Strada Urbana,Rettilineo,Incidente tra veicoli,1,0
2020,BAT,Trani,Nell'Abitato,Strada Urbana,Incrocio,Incidente tra veicoli,1,0
2020,BAT,Andria,Fuori Abitato,Strada comunale extraurbana,Incrocio,Incidente a veicolo isolato,1,0
2020,BAT,Trinitapoli,Nell'Abitato,Strada Urbana,Rettilineo,Investimento di pedone,1,0
2020,BAT,Trani,Nell'Abitato,Strada Urbana,Incrocio,Incidente tra veicoli,2,0
2020,BAT,San Ferdinando di Puglia,Fuori Abitato,Strada Provinciale,Incrocio,Incidente tra veicoli,3,0
2020,BAT,Andria,Nell'Abitato,Strada Urbana,Incrocio,Incidente tra veicoli,1,0
2020,BAT,Barletta,Nell'Abitato,Strada Urbana,Rettilineo,Incidente tra veicoli,1,0
2020,BAT,Trinitapoli,Fuori Abitato,Strada Provinciale,Incrocio,Incidente tra veicoli,1,0
2020,BAT,Trani,Nell'Abitato,Strada Urbana,Incrocio,Investimento di pedone,1,0
2020,BAT,Bisceglie,Nell'Abitato,Strada Urbana,Incrocio,Investimento di pedone,1,0
2020,BAT,Andria,Fuori Abitato,Strada Statale,Incrocio,Incidente tra veicoli,2,0
2020,BAT,Trani,Fuori Abitato,Strada Provinciale,Rettilineo,Incidente tra veicoli,1,0
2020,BAT,Andria,Fuori Abitato,Strada Statale,Curva,Incidente tra veicoli,2,0
2020,BAT,Bisceglie,Nell'Abitato,Strada Urbana,Rettilineo,Incidente tra veicoli,1,0
2020,BAT,Trinitapoli,Nell'Abitato,Strada Urbana,Incrocio,Incidente tra veicoli,1,0
2020,BAT,Barletta,Nell'Abitato,Strada Urbana,Rettilineo,Investimento di pedone,1,0
2020,BAT,Trinitapoli,Nell'Abitato,Strada Urbana,Incrocio,Incidente tra veicoli,2,0
2020,BAT,Barletta,Nell'Abitato,Strada Urbana,Incrocio,Incidente tra veicoli,1,0
2020,BAT,Bisceglie,Nell'Abitato,Strada Urbana,Incrocio,Incidente tra veicoli,1,0
2020,BAT,Bisceglie,Nell'Abitato,Strada Urbana,Rotatoria,Incidente tra veicoli,2,0
2020,BAT,Bisceglie,Fuori Abitato,Strada comunale extraurbana,Incrocio,Incidente tra veicoli,1,0
2020,BAT,Bisceglie,Nell'Abitato,Strada Urbana,Incrocio,Incidente tra veicoli,1,0
2020,BAT,Bisceglie,Nell'Abitato,Strada Urbana,Incrocio,Incidente tra veicoli,1,0
2020,BAT,Bisceglie,Nell'Abitato,Strada Urbana,Incrocio,Incidente tra veicoli,2,0
2020,BAT,Barletta,Nell'Abitato,Strada Urbana,Rettilineo,Incidente tra veicoli,1,0
2020,BAT,Barletta,Nell'Abitato,Strada Urbana,Incrocio,Incidente tra veicoli,1,0
2020,BAT,Barletta,Nell'Abitato,Strada Urbana,Rettilineo,Incidente tra veicoli,1,0
2020,BAT,Barletta,Nell'Abitato,Strada Urbana,Rettilineo,Incidente tra veicoli,1,0
2020,BAT,Barletta,Nell'Abitato,Strada Urbana,Rettilineo,Incidente tra veicoli,2,0
2020,BAT,Barletta,Fuori Abitato,Strada Statale,Rettilineo,Incidente tra veicoli,2,0
2020,BAT,Barletta,Fuori Abitato,Strada Statale,Rettilineo,Incidente tra veicoli,1,0
2020,BAT,Margherita di Savoia,Nell'Abitato,Strada Urbana,Rettilineo,Incidente tra veicoli,1,0
2020,BAT,Barletta,Nell'Abitato,Strada Urbana,Rettilineo,Incidente tra veicoli,3,0
2020,BAT,Barletta,Nell'Abitato,Strada Urbana,Incrocio,Incidente tra veicoli,3,0
2020,BAT,Margherita di Savoia,Fuori Abitato,Strada Provinciale,Rettilineo,Incidente tra veicoli,2,0
2020,BAT,Andria,Nell'Abitato,Strada Urbana,Rettilineo,Incidente tra veicoli,2,0
2020,BAT,Canosa di Puglia,Nell'Abitato,Strada Urbana,Rettilineo,Incidente tra veicoli,3,0
2020,BAT,Barletta,Nell'Abitato,Strada Urbana,Incrocio,Incidente tra veicoli,1,0
2020,BAT,Barletta,Nell'Abitato,Strada Urbana,Incrocio,Incidente tra veicoli,2,0
2020,BAT,Barletta,Nell'Abitato,Strada Urbana,Incrocio,Incidente tra veicoli,1,0
2020,BAT,Barletta,Nell'Abitato,Strada Urbana,Incrocio,Incidente tra veicoli,1,0
2020,BAT,Barletta,Fuori Abitato,Strada Statale,Rettilineo,Incidente tra veicoli,1,3
2020,BAT,Trani,Nell'Abitato,Strada Urbana,Incrocio,Incidente tra veicoli,1,0
2020,BAT,Bisceglie,Nell'Abitato,Strada Urbana,Incrocio,Incidente tra veicoli,1,0
2020,BAT,Canosa di Puglia,Nell'Abitato,Strada Urbana,Incrocio,Incidente tra veicoli,1,0
2020,BAT,Andria,Nell'Abitato,Strada Urbana,Incrocio,Investimento di pedone,1,0
2020,BAT,Bisceglie,Nell'Abitato,Strada Provinciale,Rotatoria,Incidente tra veicoli,1,0
2020,BAT,Bisceglie,Nell'Abitato,Strada Urbana,Rettilineo,Incidente tra veicoli,1,0
2020,BAT,Andria,Nell'Abitato,Strada Provinciale,Rettilineo,Incidente tra veicoli,4,0
2020,BAT,Trani,Nell'Abitato,Strada Urbana,Curva,Incidente a veicolo isolato,2,0
2020,BAT,Trinitapoli,Nell'Abitato,Strada Provinciale,Rettilineo,Incidente tra veicoli,5,0
2020,BAT,Andria,Fuori Abitato,Strada comunale extraurbana,Curva,Incidente tra veicoli,1,0
2020,BAT,Trani,Nell'Abitato,Strada Urbana,Incrocio,Incidente tra veicoli,1,0
2020,BAT,Barletta,Nell'Abitato,Strada Urbana,Incrocio,Investimento di pedone,2,0
2020,BAT,Andria,Nell'Abitato,Strada Urbana,Incrocio,Incidente tra veicoli,2,0
2020,BAT,Barletta,Nell'Abitato,Strada Urbana,Rotatoria,Incidente tra veicoli,1,0
2020,BAT,Trani,Nell'Abitato,Strada Urbana,Incrocio,Incidente tra veicoli,1,0
2020,BAT,Barletta,Nell'Abitato,Strada Urbana,Incrocio,Investimento di pedone,1,0
2020,BAT,Andria,Nell'Abitato,Strada Urbana,Rotatoria,Incidente tra veicoli,1,0
2020,BAT,Andria,Nell'Abitato,Strada Urbana,Incrocio,Investimento di pedone,1,0
2020,BAT,Canosa di Puglia,Nell'Abitato,Strada Urbana,Incrocio,Incidente tra veicoli,1,0
2020,BAT,Trani,Nell'Abitato,Strada Urbana,Rettilineo,Incidente tra veicoli,1,0
2020,BAT,Andria,Fuori Abitato,Strada comunale extraurbana,Incrocio,Incidente tra veicoli,3,0
2020,BAT,Andria,Nell'Abitato,Strada Urbana,Incrocio,Incidente tra veicoli,2,0
2020,BAT,Trani,Nell'Abitato,Strada Urbana,Rotatoria,Incidente tra veicoli,1,0
2020,BAT,Trinitapoli,Nell'Abitato,Strada Urbana,Incrocio,Incidente tra veicoli,2,0
2020,BAT,Barletta,Nell'Abitato,Strada Urbana,Rettilineo,Investimento di pedone,1,0
2020,BAT,San Ferdinando di Puglia,Nell'Abitato,Strada Urbana,Incrocio,Incidente tra veicoli,2,0
2020,BAT,Trani,Nell'Abitato,Strada Urbana,Curva,Incidente tra veicoli,1,0
2020,BAT,Barletta,Nell'Abitato,Strada Urbana,Rettilineo,Incidente tra veicoli,1,0
2020,BAT,Andria,Nell'Abitato,Strada Urbana,Incrocio,Incidente tra veicoli,1,0
2020,BAT,Trani,Nell'Abitato,Strada Urbana,Incrocio,Incidente tra veicoli,1,0
2020,BAT,Barletta,Nell'Abitato,Strada Urbana,Incrocio,Incidente tra veicoli,1,0
2020,BAT,Trani,Nell'Abitato,Strada Urbana,Rettilineo,Incidente a veicolo isolato,1,0
2020,BAT,Trinitapoli,Fuori Abitato,Strada Provinciale,Incrocio,Incidente tra veicoli,6,0
2020,BAT,Trinitapoli,Fuori Abitato,Strada Provinciale,Incrocio,Incidente tra veicoli,2,0
2020,BAT,Andria,Nell'Abitato,Strada Urbana,Incrocio,Investimento di pedone,1,0
2020,BAT,Trani,Nell'Abitato,Strada Urbana,Rettilineo,Incidente tra veicoli,2,0
2020,BAT,Trinitapoli,Nell'Abitato,Strada Urbana,Rettilineo,Incidente tra veicoli,1,0
2020,BAT,Trani,Nell'Abitato,Strada Urbana,Rettilineo,Investimento di pedone,1,0
2020,BAT,Trani,Nell'Abitato,Strada Urbana,Rettilineo,Incidente a veicolo isolato,1,0
2020,BAT,San Ferdinando di Puglia,Nell'Abitato,Strada Urbana,Incrocio,Incidente tra veicoli,1,0
2020,BAT,Barletta,Nell'Abitato,Strada Urbana,Incrocio,Incidente tra veicoli,3,0
2020,BAT,Barletta,Nell'Abitato,Strada Urbana,Incrocio,Incidente tra veicoli,1,0
2020,BAT,Andria,Nell'Abitato,Strada Urbana,Rotatoria,Incidente tra veicoli,1,0
2020,BAT,Barletta,Nell'Abitato,Strada Urbana,Incrocio,Incidente tra veicoli,2,0
2020,BAT,Trani,Nell'Abitato,Strada Urbana,Rettilineo,Incidente tra veicoli,1,0
2020,BAT,Andria,Nell'Abitato,Strada Urbana,Incrocio,Incidente tra veicoli,1,0
2020,BAT,Barletta,Nell'Abitato,Strada Urbana,Rettilineo,Incidente tra veicoli,1,0
2020,BAT,Trani,Nell'Abitato,Strada Urbana,Incrocio,Incidente tra veicoli,1,0
2020,BAT,Barletta,Nell'Abitato,Strada Urbana,Incrocio,Incidente tra veicoli,1,0
2020,BAT,Andria,Fuori Abitato,Altra strada,Curva,Incidente a veicolo isolato,1,0
2020,BAT,Trani,Nell'Abitato,Strada Urbana,Incrocio,Incidente tra veicoli,1,0
2020,BAT,Trinitapoli,Nell'Abitato,Strada Urbana,Incrocio,Incidente tra veicoli,1,0
2020,BAT,Bisceglie,Fuori Abitato,Strada Provinciale,Rettilineo,Incidente tra veicoli,2,0
2020,BAT,Trani,Nell'Abitato,Strada Provinciale,Rettilineo,Incidente a veicolo isolato,1,0
2020,BAT,Canosa di Puglia,Fuori Abitato,Strada Statale,Rettilineo,Incidente a veicolo isolato,1,0
2020,BAT,Trani,Nell'Abitato,Strada Provinciale,Rettilineo,Incidente tra veicoli,3,0
2020,BAT,Barletta,Nell'Abitato,Strada Urbana,Rettilineo,Incidente tra veicoli,1,0
2020,BAT,Barletta,Fuori Abitato,Strada Statale,Rettilineo,Incidente a veicolo isolato,1,0
2020,BAT,Barletta,Nell'Abitato,Strada Urbana,Rettilineo,Incidente tra veicoli,1,0
2020,BAT,Barletta,Nell'Abitato,Strada Urbana,Rettilineo,Incidente tra veicoli,1,0
2020,BAT,Barletta,Nell'Abitato,Strada Urbana,Rettilineo,Incidente tra veicoli,1,0
2020,BAT,Barletta,Nell'Abitato,Strada Urbana,Incrocio,Incidente tra veicoli,1,0
2020,BAT,Barletta,Nell'Abitato,Strada Urbana,Incrocio,Incidente tra veicoli,3,0
2020,BAT,Bisceglie,Nell'Abitato,Strada Urbana,Incrocio,Incidente a veicolo isolato,1,0
2020,BAT,Bisceglie,Nell'Abitato,Strada Urbana,Incrocio,Incidente tra veicoli,1,0
2020,BAT,Bisceglie,Nell'Abitato,Strada Urbana,Rettilineo,Incidente tra veicoli,2,0
2020,BAT,Bisceglie,Nell'Abitato,Strada Urbana,Rettilineo,Incidente tra veicoli,2,0
2020,BAT,Barletta,Nell'Abitato,Strada Urbana,Rotatoria,Incidente tra veicoli,2,0
2020,BAT,Barletta,Nell'Abitato,Strada Urbana,Incrocio,Incidente tra veicoli,1,0
2020,BAT,Barletta,Nell'Abitato,Strada Urbana,Rettilineo,Incidente tra veicoli,1,0
2020,BAT,Barletta,Fuori Abitato,Strada Statale,Rettilineo,Incidente tra veicoli,2,0
2020,BAT,Trinitapoli,Nell'Abitato,Strada Urbana,Incrocio,Incidente tra veicoli,2,0
2020,BAT,Barletta,Nell'Abitato,Strada Urbana,Rettilineo,Incidente tra veicoli,2,0
2020,BAT,Barletta,Nell'Abitato,Strada Urbana,Rettilineo,Incidente tra veicoli,1,0
2020,BAT,Barletta,Nell'Abitato,Strada Urbana,Incrocio,Incidente tra veicoli,1,0
2020,BAT,Barletta,Nell'Abitato,Strada Urbana,Rettilineo,Incidente tra veicoli,1,0
2020,BAT,Bisceglie,Nell'Abitato,Strada Urbana,Curva,Incidente tra veicoli,4,0
2020,BAT,Bisceglie,Fuori Abitato,Strada comunale extraurbana,Rettilineo,Incidente tra veicoli,2,0
2020,BAT,Barletta,Nell'Abitato,Strada Urbana,Incrocio,Incidente tra veicoli,1,0
2020,BAT,Barletta,Nell'Abitato,Strada Urbana,Incrocio,Incidente tra veicoli,2,0
2020,BAT,Barletta,Nell'Abitato,Strada Urbana,Incrocio,Incidente tra veicoli,3,0
2020,BAT,Canosa di Puglia,Nell'Abitato,Strada Urbana,Incrocio,Incidente tra veicoli,1,0
2020,BAT,Barletta,Fuori Abitato,Autostrada,Rettilineo,Incidente a veicolo isolato,2,0
2020,BAT,Trani,Fuori Abitato,Strada Statale,Rettilineo,Incidente tra veicoli,1,1
2020,BAT,Trinitapoli,Fuori Abitato,Strada Provinciale,Rettilineo,Investimento di pedone,2,0
2020,BAT,Margherita di Savoia,Nell'Abitato,Strada Urbana,Rettilineo,Incidente a veicolo isolato,0,1
2020,BAT,Barletta,Fuori Abitato,Strada Statale,Rettilineo,Incidente a veicolo isolato,1,0
2020,BAT,Bisceglie,Nell'Abitato,Strada Urbana,Curva,Incidente a veicolo isolato,1,1
2020,BAT,Trinitapoli,Fuori Abitato,Strada Statale,Rettilineo,Incidente a veicolo isolato,2,0
2020,BAT,Trani,Fuori Abitato,Strada Statale,Rettilineo,Incidente a veicolo isolato,1,0
2020,BAT,Trani,Nell'Abitato,Strada Urbana,Incrocio,Incidente tra veicoli,2,0
2020,BAT,Andria,Fuori Abitato,Strada Statale,Rettilineo,Incidente tra veicoli,3,0
2020,BAT,Margherita di Savoia,Nell'Abitato,Strada Urbana,Incrocio,Incidente tra veicoli,1,0
2020,BAT,Bisceglie,Nell'Abitato,Strada Urbana,Rettilineo,Incidente tra veicoli,1,0
2020,BAT,Margherita di Savoia,Fuori Abitato,Strada Provinciale,Rettilineo,Incidente tra veicoli,0,1
2020,BAT,Trani,Nell'Abitato,Strada Urbana,Rotatoria,Incidente tra veicoli,1,0
2020,BAT,Trani,Nell'Abitato,Strada Provinciale,Incrocio,Incidente tra veicoli,1,0
2020,BAT,Trani,Nell'Abitato,Strada Urbana,Rettilineo,Incidente tra veicoli,1,0
2020,BAT,Trani,Nell'Abitato,Strada Urbana,Rettilineo,Incidente tra veicoli,1,0
2020,BAT,Barletta,Nell'Abitato,Strada Urbana,Incrocio,Incidente tra veicoli,1,0
2020,BAT,Andria,Nell'Abitato,Strada Urbana,Rettilineo,Incidente tra veicoli,1,0
2020,BAT,Trani,Nell'Abitato,Strada Urbana,Incrocio,Incidente tra veicoli,1,0
2020,BAT,Trani,Nell'Abitato,Strada Urbana,Incrocio,Incidente tra veicoli,1,0
2020,BAT,Trani,Nell'Abitato,Strada Urbana,Rettilineo,Incidente tra veicoli,1,0
2020,BAT,Trinitapoli,Nell'Abitato,Strada Urbana,Incrocio,Incidente tra veicoli,1,0
2020,BAT,Barletta,Nell'Abitato,Strada Urbana,Rettilineo,Investimento di pedone,1,0
2020,BAT,Barletta,Nell'Abitato,Strada Urbana,Incrocio,Incidente tra veicoli,1,0
2020,BAT,Andria,Nell'Abitato,Strada Urbana,Incrocio,Incidente tra veicoli,1,0
2020,BAT,Canosa di Puglia,Nell'Abitato,Strada Urbana,Rettilineo,Incidente tra veicoli,1,0
2020,BAT,Trani,Nell'Abitato,Strada Urbana,Rettilineo,Incidente tra veicoli,2,0
2020,BAT,Trani,Nell'Abitato,Strada Urbana,Rettilineo,Incidente tra veicoli,1,0
2020,BAT,Barletta,Nell'Abitato,Strada Urbana,Incrocio,Incidente tra veicoli,1,0
2020,BAT,Andria,Nell'Abitato,Strada Urbana,Incrocio,Investimento di pedone,2,0
2020,BAT,Trani,Nell'Abitato,Strada Urbana,Rettilineo,Investimento di pedone,1,0
2020,BAT,Trani,Fuori Abitato,Strada comunale extraurbana,Rettilineo,Incidente tra veicoli,2,0
2020,BAT,Barletta,Nell'Abitato,Strada Urbana,Incrocio,Incidente tra veicoli,2,0
2020,BAT,Trani,Nell'Abitato,Strada Urbana,Incrocio,Incidente tra veicoli,2,0
2020,BAT,Trinitapoli,Nell'Abitato,Strada Urbana,Incrocio,Incidente tra veicoli,1,0
2020,BAT,Trani,Nell'Abitato,Strada Urbana,Incrocio,Incidente tra veicoli,2,0
2020,BAT,Trani,Nell'Abitato,Strada Urbana,Incrocio,Incidente tra veicoli,3,0
2020,BAT,Canosa di Puglia,Fuori Abitato,Strada Provinciale,Rotatoria,Incidente tra veicoli,3,0
2020,BAT,Andria,Fuori Abitato,Strada Provinciale,Rettilineo,Incidente tra veicoli,1,0
2020,BAT,Trani,Fuori Abitato,Strada Provinciale,Rettilineo,Incidente a veicolo isolato,4,0
2020,BAT,Trani,Fuori Abitato,Strada Provinciale,Rettilineo,Incidente a veicolo isolato,1,0
2020,BAT,Bisceglie,Nell'Abitato,Strada Urbana,Rettilineo,Investimento di pedone,5,0
2020,BAT,Barletta,Nell'Abitato,Strada Urbana,Rettilineo,Incidente a veicolo isolato,1,0
2020,BAT,Barletta,Nell'Abitato,Strada Urbana,Rettilineo,Incidente tra veicoli,3,0
2020,BAT,Barletta,Nell'Abitato,Strada Urbana,Incrocio,Incidente tra veicoli,1,0
2020,BAT,Bisceglie,Nell'Abitato,Strada Urbana,Rotatoria,Incidente tra veicoli,1,0
2020,BAT,Bisceglie,Fuori Abitato,Strada Provinciale,Rettilineo,Incidente tra veicoli,4,0
2020,BAT,Barletta,Nell'Abitato,Strada Urbana,Incrocio,Incidente tra veicoli,1,0
2020,BAT,Barletta,Nell'Abitato,Strada Urbana,Incrocio,Incidente tra veicoli,1,0
2020,BAT,Barletta,Nell'Abitato,Strada Urbana,Incrocio,Incidente tra veicoli,1,0
2020,BAT,Barletta,Nell'Abitato,Strada Urbana,Rettilineo,Incidente tra veicoli,1,0
2020,BAT,Barletta,Nell'Abitato,Strada Urbana,Incrocio,Incidente tra veicoli,1,0
2020,BAT,Barletta,Nell'Abitato,Strada Urbana,Incrocio,Incidente tra veicoli,2,0
2020,BAT,Margherita di Savoia,Nell'Abitato,Strada Urbana,Incrocio,Incidente tra veicoli,2,0
2020,BAT,Barletta,Nell'Abitato,Strada Urbana,Incrocio,Incidente tra veicoli,1,0
2020,BAT,Barletta,Fuori Abitato,Strada comunale extraurbana,Rettilineo,Incidente tra veicoli,2,0
2020,BAT,Barletta,Nell'Abitato,Strada Urbana,Incrocio,Incidente tra veicoli,4,0
2020,BAT,Bisceglie,Nell'Abitato,Strada Urbana,Incrocio,Incidente tra veicoli,1,0
2020,BAT,Margherita di Savoia,Fuori Abitato,Strada Provinciale,Rettilineo,Incidente tra veicoli,7,0
2020,BAT,Canosa di Puglia,Nell'Abitato,Strada Urbana,Rettilineo,Incidente tra veicoli,1,0
2020,BAT,Andria,Nell'Abitato,Strada Urbana,Incrocio,Incidente tra veicoli,2,0
2020,BAT,Canosa di Puglia,Fuori Abitato,Strada Statale,Rettilineo,Incidente tra veicoli,6,0
2020,BAT,Trani,Fuori Abitato,Strada Provinciale,Curva,Incidente a veicolo isolato,1,0
2020,BAT,Canosa di Puglia,Fuori Abitato,Autostrada,Rettilineo,Incidente tra veicoli,4,0
2020,BAT,Bisceglie,Nell'Abitato,Strada Urbana,Incrocio,Incidente a veicolo isolato,1,0
2020,BAT,Bisceglie,Fuori Abitato,Strada Statale,Rettilineo,Incidente a veicolo isolato,1,0
2020,BAT,Barletta,Fuori Abitato,Strada Statale,Rettilineo,Incidente a veicolo isolato,2,0
2020,BAT,Bisceglie,Fuori Abitato,Strada Provinciale,Rotatoria,Incidente a veicolo isolato,4,0
2020,BAT,Bisceglie,Nell'Abitato,Strada Urbana,Rettilineo,Incidente tra veicoli,1,0
2020,BAT,Trinitapoli,Nell'Abitato,Strada Urbana,Incrocio,Incidente tra veicoli,1,0
2020,BAT,Trani,Nell'Abitato,Strada Urbana,Rettilineo,Incidente tra veicoli,4,0
2020,BAT,Andria,Nell'Abitato,Strada Urbana,Rettilineo,Incidente tra veicoli,1,0
2020,BAT,Bisceglie,Nell'Abitato,Strada Urbana,Rettilineo,Incidente tra veicoli,1,0
2020,BAT,Andria,Nell'Abitato,Strada Urbana,Incrocio,Incidente tra veicoli,2,0
2020,BAT,Trani,Nell'Abitato,Strada Urbana,Incrocio,Incidente tra veicoli,3,0
2020,BAT,Bisceglie,Fuori Abitato,Strada comunale extraurbana,Rettilineo,Incidente a veicolo isolato,1,0
2020,BAT,Barletta,Nell'Abitato,Strada Urbana,Incrocio,Incidente tra veicoli,1,0
2020,BAT,Andria,Fuori Abitato,Strada Provinciale,Incrocio,Incidente tra veicoli,1,0
2020,BAT,Andria,Nell'Abitato,Strada Urbana,Incrocio,Incidente tra veicoli,1,0
2020,BAT,Trani,Nell'Abitato,Strada Urbana,Incrocio,Incidente tra veicoli,1,0
2020,BAT,Barletta,Nell'Abitato,Strada Urbana,Rettilineo,Incidente a veicolo isolato,1,0
2020,BAT,Andria,Nell'Abitato,Strada Urbana,Incrocio,Incidente tra veicoli,1,0
2020,BAT,Trani,Nell'Abitato,Strada Urbana,Rettilineo,Incidente tra veicoli,1,0
2020,BAT,Minervino Murge,Fuori Abitato,Strada Provinciale,Curva,Incidente a veicolo isolato,0,1
2020,BAT,Trani,Nell'Abitato,Strada Urbana,Incrocio,Incidente tra veicoli,1,0
2020,BAT,Andria,Nell'Abitato,Strada Urbana,Rettilineo,Investimento di pedone,1,0
2020,BAT,Barletta,Nell'Abitato,Strada Urbana,Rettilineo,Investimento di pedone,1,0
2020,BAT,Andria,Nell'Abitato,Strada Urbana,Rettilineo,Incidente tra veicoli,2,0
2020,BAT,Barletta,Nell'Abitato,Strada Urbana,Incrocio,Incidente tra veicoli,3,0
2020,BAT,Andria,Nell'Abitato,Strada Urbana,Incrocio,Investimento di pedone,1,0
2020,BAT,Barletta,Nell'Abitato,Strada Urbana,Incrocio,Incidente tra veicoli,1,0
2020,BAT,Trinitapoli,Fuori Abitato,Strada comunale extraurbana,Incrocio,Incidente tra veicoli,2,0
2020,BAT,Andria,Nell'Abitato,Strada Urbana,Incrocio,Incidente tra veicoli,2,0
2020,BAT,Andria,Nell'Abitato,Strada Urbana,Incrocio,Investimento di pedone,1,0
2020,BAT,Barletta,Nell'Abitato,Strada Urbana,Incrocio,Incidente tra veicoli,1,0
2020,BAT,Trinitapoli,Nell'Abitato,Strada Urbana,Rettilineo,Investimento di pedone,1,0
2020,BAT,Trinitapoli,Nell'Abitato,Strada Urbana,Rettilineo,Incidente tra veicoli,1,0
2020,BAT,Trinitapoli,Nell'Abitato,Strada Urbana,Rettilineo,Incidente a veicolo isolato,1,0
2020,BAT,Trinitapoli,Fuori Abitato,Strada Provinciale,Incrocio,Incidente tra veicoli,1,0
2020,BAT,Andria,Nell'Abitato,Strada Urbana,Incrocio,Investimento di pedone,0,1
2020,BAT,Bisceglie,Nell'Abitato,Strada Urbana,Incrocio,Incidente tra veicoli,1,0
2020,BAT,Barletta,Nell'Abitato,Strada Urbana,Incrocio,Incidente tra veicoli,2,0
2020,BAT,Barletta,Nell'Abitato,Strada Urbana,Rotatoria,Incidente tra veicoli,3,0
2020,BAT,Trinitapoli,Nell'Abitato,Strada Urbana,Incrocio,Incidente tra veicoli,2,0
2020,BAT,Margherita di Savoia,Nell'Abitato,Strada Urbana,Rettilineo,Incidente tra veicoli,1,0
2020,BAT,Trinitapoli,Nell'Abitato,Strada Urbana,Rettilineo,Incidente tra veicoli,2,0
2020,BAT,Bisceglie,Nell'Abitato,Strada Urbana,Incrocio,Incidente tra veicoli,2,0
2020,BAT,Bisceglie,Nell'Abitato,Strada Urbana,Rettilineo,Incidente tra veicoli,1,0
2020,BAT,Bisceglie,Nell'Abitato,Strada Urbana,Incrocio,Incidente tra veicoli,1,0
2020,BAT,Bisceglie,Nell'Abitato,Strada Urbana,Incrocio,Incidente tra veicoli,1,0
2020,BAT,Bisceglie,Fuori Abitato,Strada Provinciale,Rettilineo,Incidente tra veicoli,1,0
2020,BAT,Bisceglie,Nell'Abitato,Strada Urbana,Incrocio,Incidente tra veicoli,1,0
2020,BAT,Bisceglie,Nell'Abitato,Strada Urbana,Rotatoria,Incidente tra veicoli,3,0
2020,BAT,Barletta,Nell'Abitato,Strada Urbana,Rettilineo,Incidente tra veicoli,1,0
2020,BAT,Barletta,Nell'Abitato,Strada Urbana,Incrocio,Incidente tra veicoli,1,0
2020,BAT,Margherita di Savoia,Nell'Abitato,Strada Urbana,Rettilineo,Incidente tra veicoli,1,0
2020,BAT,Barletta,Nell'Abitato,Strada Urbana,Rettilineo,Incidente tra veicoli,1,0
2020,BAT,Barletta,Fuori Abitato,Strada Statale,Rettilineo,Incidente tra veicoli,2,0
2020,BAT,Margherita di Savoia,Nell'Abitato,Strada Urbana,Incrocio,Incidente tra veicoli,9,0
2020,BAT,Margherita di Savoia,Nell'Abitato,Strada Urbana,Incrocio,Incidente tra veicoli,4,0
2020,BAT,Margherita di Savoia,Fuori Abitato,Strada Provinciale,Incrocio,Incidente tra veicoli,1,0
2020,BAT,Barletta,Nell'Abitato,Strada Urbana,Incrocio,Incidente tra veicoli,1,0
2020,BAT,Barletta,Nell'Abitato,Strada Urbana,Rettilineo,Incidente tra veicoli,2,0
2020,BAT,Barletta,Fuori Abitato,Strada Provinciale,Incrocio,Incidente tra veicoli,4,0
2020,BAT,Barletta,Nell'Abitato,Strada Urbana,Rettilineo,Incidente tra veicoli,1,0
2020,BAT,Barletta,Nell'Abitato,Strada Urbana,Incrocio,Incidente tra veicoli,2,0
2020,BAT,Barletta,Nell'Abitato,Strada Urbana,Incrocio,Incidente tra veicoli,1,0
2020,BAT,Bisceglie,Nell'Abitato,Strada Urbana,Incrocio,Incidente tra veicoli,6,0
2020,BAT,Barletta,Nell'Abitato,Strada Urbana,Incrocio,Incidente tra veicoli,3,0
2020,BAT,Barletta,Nell'Abitato,Strada Urbana,Rettilineo,Incidente tra veicoli,1,0
2020,BAT,Barletta,Fuori Abitato,Strada comunale extraurbana,Incrocio,Incidente tra veicoli,2,0
2020,BAT,Andria,Fuori Abitato,Strada Provinciale,Curva,Incidente tra veicoli,2,0
2020,BAT,Barletta,Fuori Abitato,Autostrada,Rettilineo,Incidente tra veicoli,2,0
2020,BAT,Margherita di Savoia,Fuori Abitato,Strada Provinciale,Curva,Incidente tra veicoli,1,0
2020,BAT,Bisceglie,Nell'Abitato,Strada Urbana,Curva,Incidente a veicolo isolato,2,0
2020,BAT,Bisceglie,Fuori Abitato,Strada Statale,Rettilineo,Incidente a veicolo isolato,1,0
2020,BAT,San Ferdinando di Puglia,Fuori Abitato,Strada Provinciale,Rettilineo,Incidente a veicolo isolato,1,0
2020,BAT,Andria,Fuori Abitato,Strada Provinciale,Curva,Incidente a veicolo isolato,1,0
2020,BAT,Trani,Nell'Abitato,Strada Urbana,Incrocio,Incidente tra veicoli,1,0
2020,BAT,Trani,Nell'Abitato,Strada Urbana,Rettilineo,Incidente tra veicoli,1,0
2020,BAT,Barletta,Nell'Abitato,Strada Urbana,Incrocio,Incidente tra veicoli,2,0
2020,BAT,Trani,Nell'Abitato,Strada Urbana,Curva,Incidente a veicolo isolato,3,0
2020,BAT,Minervino Murge,Fuori Abitato,Strada Provinciale,Curva,Incidente tra veicoli,5,0
2020,BAT,Barletta,Nell'Abitato,Strada Urbana,Incrocio,Incidente tra veicoli,2,0
2020,BAT,Bisceglie,Nell'Abitato,Strada Urbana,Rettilineo,Incidente tra veicoli,1,0
2020,BAT,Andria,Nell'Abitato,Strada Urbana,Rettilineo,Investimento di pedone,1,0
2020,BAT,Andria,Fuori Abitato,Strada comunale extraurbana,Rettilineo,Incidente tra veicoli,2,0
2020,BAT,Canosa di Puglia,Nell'Abitato,Strada Urbana,Incrocio,Incidente tra veicoli,1,0
2020,BAT,Canosa di Puglia,Nell'Abitato,Strada Urbana,Rotatoria,Incidente tra veicoli,2,0
2020,BAT,Trani,Nell'Abitato,Strada Urbana,Rettilineo,Investimento di pedone,1,0
2020,BAT,Andria,Nell'Abitato,Strada Urbana,Incrocio,Incidente tra veicoli,1,0
2020,BAT,Trinitapoli,Nell'Abitato,Strada Urbana,Incrocio,Incidente tra veicoli,1,0
2020,BAT,Canosa di Puglia,Nell'Abitato,Strada Urbana,Incrocio,Incidente tra veicoli,3,0
2020,BAT,Andria,Nell'Abitato,Strada Urbana,Curva,Incidente tra veicoli,2,0
2020,BAT,Barletta,Nell'Abitato,Strada Urbana,Incrocio,Incidente tra veicoli,2,0
2020,BAT,Barletta,Nell'Abitato,Strada Urbana,Incrocio,Incidente tra veicoli,1,0
2020,BAT,Trani,Nell'Abitato,Strada Urbana,Incrocio,Incidente tra veicoli,1,0
2020,BAT,Andria,Fuori Abitato,Strada Statale,Curva,Incidente tra veicoli,1,0
2020,BAT,Trani,Fuori Abitato,Strada comunale extraurbana,Rettilineo,Incidente tra veicoli,2,0
2020,BAT,Trinitapoli,Nell'Abitato,Strada Urbana,Incrocio,Incidente tra veicoli,1,0
2020,BAT,Andria,Nell'Abitato,Strada Urbana,Incrocio,Incidente tra veicoli,1,0
2020,BAT,Andria,Nell'Abitato,Strada Urbana,Incrocio,Incidente tra veicoli,3,0
2020,BAT,Trinitapoli,Fuori Abitato,Strada Provinciale,Rettilineo,Incidente a veicolo isolato,1,0
2020,BAT,Barletta,Nell'Abitato,Strada Urbana,Rettilineo,Incidente tra veicoli,1,0
2020,BAT,Trani,Nell'Abitato,Strada Urbana,Incrocio,Incidente tra veicoli,1,0
2020,BAT,Trani,Nell'Abitato,Strada Urbana,Incrocio,Incidente tra veicoli,5,0
2020,BAT,Trani,Nell'Abitato,Strada Urbana,Incrocio,Incidente tra veicoli,1,0
2020,BAT,Trani,Nell'Abitato,Strada Urbana,Rettilineo,Investimento di pedone,1,0
2020,BAT,Trinitapoli,Fuori Abitato,Strada Provinciale,Incrocio,Incidente tra veicoli,2,0
2020,BAT,Trani,Nell'Abitato,Strada Urbana,Incrocio,Incidente tra veicoli,1,0
2020,BAT,Andria,Nell'Abitato,Strada Urbana,Incrocio,Incidente tra veicoli,3,0
2020,BAT,San Ferdinando di Puglia,Fuori Abitato,Strada Provinciale,Incrocio,Incidente tra veicoli,2,0
2020,BAT,San Ferdinando di Puglia,Fuori Abitato,Altra strada,Incrocio,Incidente tra veicoli,2,0
2020,BAT,Canosa di Puglia,Fuori Abitato,Strada Statale,Curva,Incidente tra veicoli,1,0
2020,BAT,Trani,Fuori Abitato,Strada Provinciale,Rotatoria,Incidente a veicolo isolato,1,0
2020,BAT,Canosa di Puglia,Fuori Abitato,Strada Provinciale,Rotatoria,Incidente tra veicoli,1,0
2020,BAT,Minervino Murge,Fuori Abitato,Strada Provinciale,Rettilineo,Incidente a veicolo isolato,1,0
2020,BAT,Spinazzola,Fuori Abitato,Strada Provinciale,Curva,Incidente tra veicoli,2,0
2020,BAT,San Ferdinando di Puglia,Fuori Abitato,Strada Statale,Rettilineo,Incidente tra veicoli,2,0
2020,BAT,Trani,Fuori Abitato,Strada Statale,Rettilineo,Incidente tra veicoli,4,0
2020,BAT,Bisceglie,Nell'Abitato,Strada Urbana,Incrocio,Investimento di pedone,1,0
2020,BAT,Bisceglie,Nell'Abitato,Strada Urbana,Curva,Investimento di pedone,1,0
2020,BAT,Barletta,Nell'Abitato,Strada Urbana,Rettilineo,Investimento di pedone,1,0
2020,BAT,Margherita di Savoia,Nell'Abitato,Strada Urbana,Rotatoria,Incidente tra veicoli,1,0
2020,BAT,Barletta,Nell'Abitato,Strada Urbana,Rettilineo,Incidente a veicolo isolato,1,0
2020,BAT,Barletta,Nell'Abitato,Strada Urbana,Rettilineo,Investimento di pedone,1,0
2020,BAT,Bisceglie,Nell'Abitato,Strada Urbana,Incrocio,Incidente tra veicoli,2,0
2020,BAT,Bisceglie,Nell'Abitato,Strada Urbana,Rettilineo,Incidente tra veicoli,1,0
2020,BAT,Bisceglie,Fuori Abitato,Strada Statale,Rettilineo,Incidente tra veicoli,3,0
2020,BAT,Bisceglie,Fuori Abitato,Strada Statale,Rettilineo,Incidente tra veicoli,3,0
2020,BAT,Bisceglie,Fuori Abitato,Strada Statale,Curva,Incidente tra veicoli,3,0
2020,BAT,Barletta,Nell'Abitato,Strada Urbana,Incrocio,Incidente tra veicoli,4,0
2020,BAT,Barletta,Fuori Abitato,Strada comunale extraurbana,Rettilineo,Incidente tra veicoli,1,0
2020,BAT,Barletta,Nell'Abitato,Strada Urbana,Rettilineo,Incidente tra veicoli,1,0
2020,BAT,Barletta,Nell'Abitato,Strada Urbana,Rettilineo,Incidente tra veicoli,1,0
2020,BAT,Bisceglie,Nell'Abitato,Strada Urbana,Incrocio,Incidente tra veicoli,1,0
2020,BAT,Canosa di Puglia,Nell'Abitato,Strada Urbana,Incrocio,Incidente tra veicoli,1,0
2020,BAT,Andria,Fuori Abitato,Strada Provinciale,Curva,Incidente tra veicoli,2,0
2020,BAT,Minervino Murge,Fuori Abitato,Strada comunale extraurbana,Rettilineo,Incidente tra veicoli,3,0
2020,BAT,Trinitapoli,Nell'Abitato,Strada Urbana,Incrocio,Incidente tra veicoli,3,0
2020,BAT,Trani,Nell'Abitato,Strada Urbana,Incrocio,Incidente tra veicoli,2,0
2020,BAT,Trinitapoli,Nell'Abitato,Strada Urbana,Rettilineo,Investimento di pedone,1,0
2020,BAT,Andria,Nell'Abitato,Strada Urbana,Incrocio,Investimento di pedone,1,0
2020,BAT,Trani,Nell'Abitato,Strada Urbana,Rettilineo,Investimento di pedone,1,0
2020,BAT,Trani,Nell'Abitato,Strada Urbana,Rettilineo,Incidente tra veicoli,1,0
2020,BAT,Trinitapoli,Nell'Abitato,Strada Urbana,Incrocio,Incidente tra veicoli,1,0
2020,BAT,Trinitapoli,Nell'Abitato,Strada Urbana,Incrocio,Incidente tra veicoli,0,1
2020,BAT,San Ferdinando di Puglia,Nell'Abitato,Strada Urbana,Rotatoria,Incidente tra veicoli,1,0
2020,BAT,Spinazzola,Fuori Abitato,Strada Provinciale,Curva,Incidente a veicolo isolato,1,0
2020,BAT,Trani,Nell'Abitato,Strada Statale,Curva,Incidente a veicolo isolato,1,0
2020,BAT,Bisceglie,Nell'Abitato,Strada Urbana,Incrocio,Investimento di pedone,1,0
2020,BAT,Bisceglie,Nell'Abitato,Strada Urbana,Rettilineo,Investimento di pedone,1,0
2020,BAT,Bisceglie,Nell'Abitato,Strada Urbana,Incrocio,Investimento di pedone,1,0
2020,BAT,Barletta,Nell'Abitato,Strada Urbana,Incrocio,Incidente tra veicoli,1,0
2020,BAT,Bisceglie,Nell'Abitato,Strada Urbana,Incrocio,Incidente tra veicoli,1,0
2020,BAT,Barletta,Nell'Abitato,Strada Urbana,Rettilineo,Incidente tra veicoli,1,0
2020,BAT,Barletta,Nell'Abitato,Strada Urbana,Incrocio,Incidente tra veicoli,1,0
2020,BAT,Barletta,Nell'Abitato,Strada Urbana,Rettilineo,Incidente tra veicoli,1,0
2020,BAT,Barletta,Nell'Abitato,Strada Urbana,Incrocio,Incidente tra veicoli,1,0
2020,BAT,Barletta,Nell'Abitato,Strada Urbana,Rettilineo,Incidente tra veicoli,1,0
2020,BAT,Andria,Nell'Abitato,Strada Urbana,Rettilineo,Incidente a veicolo isolato,1,0
2020,BAT,Trani,Nell'Abitato,Strada Urbana,Incrocio,Incidente tra veicoli,1,0
2020,BAT,Bisceglie,Nell'Abitato,Strada Urbana,Incrocio,Incidente tra veicoli,1,0
2020,BAT,Trinitapoli,Fuori Abitato,Strada Statale,Rettilineo,Incidente a veicolo isolato,3,0
2020,BAT,Trani,Fuori Abitato,Strada Provinciale,Rettilineo,Incidente a veicolo isolato,1,0
2020,BAT,Bisceglie,Nell'Abitato,Strada Urbana,Incrocio,Incidente tra veicoli,1,0
2020,BAT,Minervino Murge,Nell'Abitato,Strada Urbana,Rettilineo,Incidente tra veicoli,1,0
2020,BAT,Barletta,Nell'Abitato,Strada Urbana,Rettilineo,Incidente tra veicoli,1,0
2020,BAT,Canosa di Puglia,Nell'Abitato,Strada Urbana,Rettilineo,Investimento di pedone,1,0
2020,BAT,Andria,Nell'Abitato,Strada Urbana,Incrocio,Incidente tra veicoli,1,0
2020,BAT,Trani,Nell'Abitato,Strada Urbana,Rettilineo,Investimento di pedone,1,0
2020,BAT,Trani,Nell'Abitato,Strada Urbana,Incrocio,Incidente tra veicoli,2,0
2020,BAT,Barletta,Nell'Abitato,Strada Urbana,Rettilineo,Incidente tra veicoli,1,0
2020,BAT,Canosa di Puglia,Nell'Abitato,Strada Urbana,Rettilineo,Investimento di pedone,1,0
2020,BAT,Canosa di Puglia,Nell'Abitato,Strada Urbana,Rettilineo,Incidente tra veicoli,1,0
2020,BAT,Andria,Fuori Abitato,Strada comunale extraurbana,Rettilineo,Incidente tra veicoli,1,0
2020,BAT,Andria,Nell'Abitato,Strada Urbana,Incrocio,Incidente tra veicoli,4,0
2020,BAT,Andria,Nell'Abitato,Strada Urbana,Rettilineo,Incidente tra veicoli,1,0
2020,BAT,San Ferdinando di Puglia,Nell'Abitato,Strada Urbana,Incrocio,Incidente tra veicoli,1,0
2020,BAT,Trani,Fuori Abitato,Strada Provinciale,Rettilineo,Incidente a veicolo isolato,1,0
2020,BAT,Andria,Fuori Abitato,Strada Provinciale,Rettilineo,Incidente tra veicoli,2,0
2020,BAT,Spinazzola,Fuori Abitato,Strada Provinciale,Incrocio,Incidente tra veicoli,2,0
2020,BAT,Bisceglie,Nell'Abitato,Strada Urbana,Rettilineo,Investimento di pedone,1,0
2020,BAT,Bisceglie,Nell'Abitato,Strada Urbana,Rettilineo,Incidente tra veicoli,2,0
2020,BAT,Bisceglie,Nell'Abitato,Strada Urbana,Incrocio,Incidente tra veicoli,2,0
2020,BAT,Bisceglie,Fuori Abitato,Strada comunale extraurbana,Incrocio,Incidente tra veicoli,1,0
2020,BAT,Trinitapoli,Fuori Abitato,Strada Provinciale,Incrocio,Incidente tra veicoli,3,0
2020,BAT,Barletta,Nell'Abitato,Strada Urbana,Rettilineo,Incidente tra veicoli,1,0
2020,BAT,Trinitapoli,Nell'Abitato,Strada Urbana,Rettilineo,Incidente tra veicoli,2,0
2020,BAT,Barletta,Nell'Abitato,Strada Urbana,Incrocio,Incidente tra veicoli,1,0
2020,BAT,Barletta,Fuori Abitato,Strada Statale,Rettilineo,Incidente tra veicoli,4,0
2020,Lecce,Cutrofiano,Fuori Abitato,Strada comunale extraurbana,Curva,Incidente a veicolo isolato,1,0
2020,Lecce,Cutrofiano,Fuori Abitato,Strada Provinciale,Incrocio,Incidente tra veicoli,2,0
2020,Lecce,Cutrofiano,Fuori Abitato,Strada Provinciale,Curva,Incidente a veicolo isolato,1,0
2020,Lecce,Cutrofiano,Nell'Abitato,Strada Urbana,Incrocio,Incidente tra veicoli,1,0
2020,Lecce,Cutrofiano,Nell'Abitato,Strada Urbana,Rettilineo,Investimento di pedone,1,0
2020,Foggia,San Giovanni Rotondo,Nell'Abitato,Strada Urbana,Rettilineo,Incidente tra veicoli,1,0
2020,Foggia,San Giovanni Rotondo,Nell'Abitato,Strada Provinciale,Incrocio,Incidente tra veicoli,2,0
2020,Lecce,Sternatia,Nell'Abitato,Strada Urbana,Incrocio,Investimento di pedone,1,0
2020,Taranto,San Giorgio Ionico,Nell'Abitato,Strada Urbana,Rotatoria,Investimento di pedone,1,0
2020,Taranto,San Giorgio Ionico,Nell'Abitato,Strada Urbana,Rettilineo,Incidente tra veicoli,2,0
2020,Taranto,San Giorgio Ionico,Nell'Abitato,Strada Urbana,Incrocio,Incidente tra veicoli,1,0
2020,Taranto,San Giorgio Ionico,Nell'Abitato,Strada Provinciale,Rotatoria,Incidente tra veicoli,2,0
2020,Taranto,San Giorgio Ionico,Nell'Abitato,Strada Urbana,Rettilineo,Incidente tra veicoli,1,0
2020,Taranto,San Giorgio Ionico,Nell'Abitato,Strada Urbana,Incrocio,Incidente tra veicoli,1,0
2020,Brindisi,Oria,Fuori Abitato,Strada Provinciale,Incrocio,Incidente tra veicoli,4,0
2020,Brindisi,Oria,Nell'Abitato,Strada Urbana,Rettilineo,Investimento di pedone,1,0
2020,Brindisi,Oria,Fuori Abitato,Strada Provinciale,Rettilineo,Incidente tra veicoli,1,0
2020,Brindisi,Oria,Nell'Abitato,Strada Urbana,Incrocio,Incidente tra veicoli,1,0
2020,Brindisi,Oria,Nell'Abitato,Strada Urbana,Incrocio,Incidente tra veicoli,3,0
2020,Brindisi,Oria,Nell'Abitato,Strada Urbana,Rettilineo,Incidente a veicolo isolato,1,0
2020,Taranto,San Giorgio Ionico,Nell'Abitato,Strada Urbana,Rotatoria,Incidente tra veicoli,1,0
2020,Brindisi,Oria,Nell'Abitato,Strada Urbana,Incrocio,Incidente tra veicoli,3,0
2020,Taranto,San Giorgio Ionico,Nell'Abitato,Strada Urbana,Incrocio,Incidente tra veicoli,2,0
2020,Brindisi,Oria,Fuori Abitato,Strada Provinciale,Incrocio,Incidente tra veicoli,2,0
2020,Brindisi,Oria,Nell'Abitato,Strada Urbana,Incrocio,Incidente tra veicoli,1,0
2020,Brindisi,Oria,Fuori Abitato,Strada Provinciale,Rettilineo,Incidente tra veicoli,2,0
2020,Taranto,San Giorgio Ionico,Nell'Abitato,Strada Urbana,Incrocio,Incidente tra veicoli,1,0
2020,Brindisi,Oria,Nell'Abitato,Strada Urbana,Incrocio,Incidente tra veicoli,1,0
2020,Brindisi,Oria,Fuori Abitato,Strada comunale extraurbana,Rettilineo,Incidente a veicolo isolato,1,0
2020,Brindisi,Oria,Fuori Abitato,Strada comunale extraurbana,Rettilineo,Incidente a veicolo isolato,1,0
2020,Brindisi,Oria,Fuori Abitato,Strada Provinciale,Curva,Incidente a veicolo isolato,2,0
2020,Brindisi,Oria,Fuori Abitato,Strada comunale extraurbana,Rettilineo,Incidente tra veicoli,1,0
2020,Brindisi,Oria,Fuori Abitato,Strada Provinciale,Rettilineo,Incidente a veicolo isolato,1,0
2020,Taranto,San Giorgio Ionico,Nell'Abitato,Strada Urbana,Incrocio,Incidente tra veicoli,4,0
2020,Taranto,San Giorgio Ionico,Nell'Abitato,Strada Urbana,Incrocio,Incidente tra veicoli,1,0
2020,Brindisi,Oria,Nell'Abitato,Strada Urbana,Rettilineo,Incidente tra veicoli,1,0
2020,Taranto,San Giorgio Ionico,Nell'Abitato,Strada Urbana,Rettilineo,Investimento di pedone,1,0
2020,Taranto,San Giorgio Ionico,Nell'Abitato,Strada Urbana,Rettilineo,Incidente tra veicoli,1,0
2020,Taranto,San Giorgio Ionico,Nell'Abitato,Strada Statale,Rettilineo,Incidente tra veicoli,1,0
2020,Brindisi,Oria,Fuori Abitato,Strada comunale extraurbana,Rettilineo,Incidente tra veicoli,1,0
2020,Brindisi,Oria,Fuori Abitato,Strada Provinciale,Rettilineo,Incidente a veicolo isolato,2,0
2020,Lecce,Nardò,Nell'Abitato,Strada Urbana,Rettilineo,Incidente tra veicoli,1,0
2020,Lecce,Nardò,Nell'Abitato,Strada Urbana,Incrocio,Incidente tra veicoli,1,0
2020,Lecce,Nardò,Nell'Abitato,Strada Urbana,Incrocio,Incidente tra veicoli,2,0
2020,Lecce,Nardò,Nell'Abitato,Strada Urbana,Rettilineo,Incidente tra veicoli,1,0
2020,Lecce,Nardò,Nell'Abitato,Strada Urbana,Rettilineo,Incidente tra veicoli,1,0
2020,Lecce,Nardò,Nell'Abitato,Strada Urbana,Rettilineo,Incidente tra veicoli,1,0
2020,Lecce,Nardò,Nell'Abitato,Strada Urbana,Rettilineo,Incidente tra veicoli,2,0
2020,Lecce,Nardò,Nell'Abitato,Strada Urbana,Incrocio,Incidente tra veicoli,1,0
2020,Lecce,Nardò,Nell'Abitato,Strada Urbana,Incrocio,Incidente tra veicoli,2,0
2020,Lecce,Nardò,Nell'Abitato,Strada Urbana,Rettilineo,Incidente a veicolo isolato,1,0
2020,Lecce,Nardò,Nell'Abitato,Strada Urbana,Rotatoria,Incidente tra veicoli,1,0
2020,Foggia,Foggia,Nell'Abitato,Strada Urbana,Rettilineo,Incidente tra veicoli,1,0
2020,Foggia,Foggia,Nell'Abitato,Strada Urbana,Rotatoria,Incidente tra veicoli,1,0
2020,Foggia,Foggia,Nell'Abitato,Strada Urbana,Incrocio,Incidente tra veicoli,1,0
2020,Foggia,Foggia,Nell'Abitato,Strada Urbana,Incrocio,Incidente tra veicoli,1,0
2020,Foggia,Foggia,Nell'Abitato,Strada Urbana,Incrocio,Incidente tra veicoli,1,0
2020,Foggia,Foggia,Nell'Abitato,Strada Urbana,Incrocio,Incidente tra veicoli,2,0
2020,Foggia,San Severo,Nell'Abitato,Strada Urbana,Incrocio,Incidente a veicolo isolato,1,0
2020,Foggia,Apricena,Fuori Abitato,Strada Provinciale,Rettilineo,Incidente tra veicoli,1,0
2020,Foggia,Foggia,Nell'Abitato,Strada Urbana,Rotatoria,Incidente tra veicoli,1,0
2020,Foggia,Foggia,Nell'Abitato,Strada Urbana,Rettilineo,Investimento di pedone,1,0
2020,Foggia,Foggia,Nell'Abitato,Strada Urbana,Incrocio,Incidente tra veicoli,2,0
2020,Foggia,Foggia,Nell'Abitato,Strada Urbana,Incrocio,Incidente tra veicoli,4,0
2020,Foggia,Foggia,Nell'Abitato,Strada Urbana,Incrocio,Incidente tra veicoli,1,0
2020,Foggia,Cerignola,Nell'Abitato,Strada Urbana,Incrocio,Investimento di pedone,1,0
2020,Foggia,Foggia,Nell'Abitato,Strada Urbana,Incrocio,Incidente tra veicoli,2,0
2020,Foggia,Apricena,Fuori Abitato,Strada Statale,Rettilineo,Incidente tra veicoli,3,0
2020,Foggia,Manfredonia,Nell'Abitato,Strada Urbana,Incrocio,Investimento di pedone,1,0
2020,Foggia,Cerignola,Fuori Abitato,Strada Provinciale,Rettilineo,Incidente tra veicoli,1,0
2020,Foggia,Cerignola,Fuori Abitato,Strada Statale,Curva,Incidente tra veicoli,1,0
2020,Foggia,Cerignola,Nell'Abitato,Strada Urbana,Incrocio,Incidente tra veicoli,4,0
2020,Foggia,Cerignola,Nell'Abitato,Strada Urbana,Rettilineo,Incidente tra veicoli,2,0
2020,Foggia,Cerignola,Nell'Abitato,Strada Urbana,Rettilineo,Incidente tra veicoli,2,0
2020,Foggia,Manfredonia,Nell'Abitato,Strada Urbana,Incrocio,Incidente tra veicoli,3,0
2020,Foggia,San Severo,Fuori Abitato,Strada Provinciale,Incrocio,Incidente tra veicoli,5,0
2020,Foggia,San Severo,Nell'Abitato,Strada Urbana,Incrocio,Incidente tra veicoli,3,0
2020,Foggia,San Severo,Fuori Abitato,Strada Statale,Incrocio,Incidente tra veicoli,2,0
2020,Foggia,San Giovanni Rotondo,Nell'Abitato,Strada Urbana,Incrocio,Incidente tra veicoli,2,0
2020,Foggia,San Severo,Nell'Abitato,Strada Urbana,Incrocio,Incidente tra veicoli,3,0
2020,Foggia,San Severo,Fuori Abitato,Strada Statale,Incrocio,Incidente tra veicoli,2,0
2020,Foggia,San Giovanni Rotondo,Nell'Abitato,Strada Urbana,Incrocio,Incidente tra veicoli,1,0
2020,Foggia,Orta Nova,Nell'Abitato,Strada Urbana,Incrocio,Incidente tra veicoli,1,0
2020,Foggia,San Giovanni Rotondo,Nell'Abitato,Strada Urbana,Incrocio,Incidente tra veicoli,1,0
2020,Foggia,Manfredonia,Nell'Abitato,Strada Urbana,Rettilineo,Incidente tra veicoli,1,0
2020,Foggia,Cerignola,Nell'Abitato,Strada Urbana,Incrocio,Incidente tra veicoli,1,0
2020,Foggia,Cerignola,Nell'Abitato,Strada Urbana,Incrocio,Incidente tra veicoli,4,0
2020,Foggia,Foggia,Fuori Abitato,Strada Statale,Rettilineo,Incidente a veicolo isolato,1,0
2020,Foggia,Foggia,Fuori Abitato,Strada Statale,Rettilineo,Incidente a veicolo isolato,1,0
2020,Foggia,Manfredonia,Fuori Abitato,Strada Statale,Rettilineo,Incidente a veicolo isolato,1,0
2020,Foggia,Foggia,Fuori Abitato,Strada Statale,Rettilineo,Incidente tra veicoli,3,0
2020,Foggia,Cerignola,Fuori Abitato,Autostrada,Rettilineo,Incidente tra veicoli,1,0
2020,Foggia,Castelnuovo della Daunia,Fuori Abitato,Strada Provinciale,Rettilineo,Incidente a veicolo isolato,1,0
2020,Foggia,Lucera,Fuori Abitato,Strada Provinciale,Curva,Incidente a veicolo isolato,1,0
2020,Foggia,Cerignola,Fuori Abitato,Strada Provinciale,Rettilineo,Incidente a veicolo isolato,1,0
2020,Foggia,Cerignola,Nell'Abitato,Strada Urbana,Incrocio,Incidente a veicolo isolato,1,0
2020,Foggia,Candela,Fuori Abitato,Strada Statale,Rettilineo,Incidente tra veicoli,2,0
2020,Foggia,Foggia,Nell'Abitato,Strada Urbana,Rettilineo,Incidente tra veicoli,2,0
2020,Foggia,Cerignola,Fuori Abitato,Strada Statale,Curva,Incidente tra veicoli,2,0
2020,Foggia,Orsara di Puglia,Fuori Abitato,Strada Statale,Curva,Incidente tra veicoli,2,0
2020,Foggia,San Giovanni Rotondo,Nell'Abitato,Strada Urbana,Rettilineo,Incidente tra veicoli,2,0
2020,Foggia,Foggia,Nell'Abitato,Strada Urbana,Incrocio,Incidente tra veicoli,1,0
2020,Foggia,Foggia,Nell'Abitato,Strada Urbana,Incrocio,Incidente tra veicoli,4,0
2020,Foggia,Foggia,Fuori Abitato,Strada Statale,Incrocio,Incidente tra veicoli,2,0
2020,Foggia,Rodi Garganico,Fuori Abitato,Strada comunale extraurbana,Curva,Incidente a veicolo isolato,1,0
2020,Foggia,Foggia,Nell'Abitato,Strada Urbana,Incrocio,Incidente tra veicoli,3,0
2020,Foggia,Foggia,Nell'Abitato,Strada Urbana,Incrocio,Incidente tra veicoli,1,0
2020,Foggia,Vico del Gargano,Nell'Abitato,Strada Urbana,Rettilineo,Investimento di pedone,1,0
2020,Foggia,Foggia,Nell'Abitato,Strada Urbana,Incrocio,Incidente tra veicoli,1,0
2020,Foggia,Foggia,Nell'Abitato,Strada Urbana,Incrocio,Incidente tra veicoli,2,0
2020,Foggia,San Nicandro Garganico,Nell'Abitato,Strada Urbana,Incrocio,Investimento di pedone,1,0
2020,Foggia,Lucera,Nell'Abitato,Strada Urbana,Curva,Incidente tra veicoli,1,0
2020,Foggia,Lucera,Nell'Abitato,Strada Urbana,Incrocio,Incidente tra veicoli,1,0
2020,Foggia,Foggia,Nell'Abitato,Strada Urbana,Rettilineo,Incidente a veicolo isolato,1,0
2020,Foggia,Foggia,Nell'Abitato,Strada Urbana,Incrocio,Incidente tra veicoli,2,0
2020,Foggia,Foggia,Fuori Abitato,Strada Statale,Incrocio,Incidente tra veicoli,1,0
2020,Foggia,Foggia,Nell'Abitato,Strada Urbana,Incrocio,Incidente tra veicoli,3,0
2020,Foggia,Foggia,Nell'Abitato,Strada Urbana,Incrocio,Incidente tra veicoli,1,0
2020,Foggia,Foggia,Nell'Abitato,Strada Urbana,Rettilineo,Investimento di pedone,1,0
2020,Foggia,Foggia,Nell'Abitato,Strada Urbana,Incrocio,Investimento di pedone,1,0
2020,Foggia,Foggia,Fuori Abitato,Strada comunale extraurbana,Incrocio,Incidente tra veicoli,4,0
2020,Foggia,Foggia,Nell'Abitato,Strada Urbana,Incrocio,Incidente tra veicoli,1,0
2020,Foggia,Foggia,Nell'Abitato,Strada Urbana,Incrocio,Incidente tra veicoli,4,0
2020,Foggia,Foggia,Nell'Abitato,Strada Urbana,Rettilineo,Investimento di pedone,1,0
2020,Foggia,Foggia,Nell'Abitato,Strada Urbana,Incrocio,Incidente tra veicoli,1,0
2020,Foggia,Foggia,Nell'Abitato,Strada Urbana,Rettilineo,Incidente tra veicoli,1,0
2020,Foggia,Foggia,Fuori Abitato,Strada Statale,Curva,Incidente a veicolo isolato,1,0
2020,Foggia,Foggia,Nell'Abitato,Strada Urbana,Rettilineo,Investimento di pedone,1,0
2020,Foggia,Foggia,Nell'Abitato,Strada Urbana,Rettilineo,Incidente tra veicoli,2,0
2020,Foggia,San Giovanni Rotondo,Fuori Abitato,Strada Provinciale,Incrocio,Incidente tra veicoli,1,0
2020,Foggia,Torremaggiore,Nell'Abitato,Strada Urbana,Rettilineo,Incidente tra veicoli,2,0
2020,Foggia,Foggia,Nell'Abitato,Strada Urbana,Incrocio,Incidente a veicolo isolato,2,0
2020,Foggia,Lucera,Nell'Abitato,Strada Urbana,Incrocio,Incidente tra veicoli,1,0
2020,Foggia,Foggia,Nell'Abitato,Strada Urbana,Incrocio,Incidente tra veicoli,5,0
2020,Foggia,Troia,Fuori Abitato,Strada comunale extraurbana,Incrocio,Incidente tra veicoli,3,0
2020,Foggia,Foggia,Nell'Abitato,Strada Urbana,Rettilineo,Incidente tra veicoli,1,0
2020,Foggia,Foggia,Nell'Abitato,Strada Urbana,Incrocio,Incidente tra veicoli,3,0
2020,Foggia,Foggia,Nell'Abitato,Strada Urbana,Incrocio,Incidente tra veicoli,1,0
2020,Foggia,Foggia,Nell'Abitato,Strada Urbana,Incrocio,Incidente tra veicoli,1,0
2020,Foggia,Foggia,Nell'Abitato,Strada Urbana,Rettilineo,Incidente tra veicoli,3,0
2020,Foggia,Foggia,Fuori Abitato,Strada Provinciale,Rettilineo,Incidente a veicolo isolato,1,0
2020,Foggia,Foggia,Fuori Abitato,Strada Statale,Incrocio,Incidente tra veicoli,5,0
2020,Foggia,Torremaggiore,Nell'Abitato,Strada Urbana,Incrocio,Incidente tra veicoli,2,0
2020,Foggia,Troia,Nell'Abitato,Strada Urbana,Rettilineo,Incidente tra veicoli,2,0
2020,Foggia,Foggia,Nell'Abitato,Strada Urbana,Rettilineo,Incidente tra veicoli,3,0
2020,Foggia,Deliceto,Nell'Abitato,Strada Urbana,Rettilineo,Investimento di pedone,1,0
2020,Foggia,Vico del Gargano,Nell'Abitato,Strada Urbana,Rettilineo,Incidente tra veicoli,1,0
2020,Foggia,Foggia,Fuori Abitato,Strada Statale,Rotatoria,Incidente a veicolo isolato,1,0
2020,Foggia,Foggia,Nell'Abitato,Strada Urbana,Incrocio,Incidente tra veicoli,2,0
2020,Foggia,Foggia,Nell'Abitato,Strada Urbana,Incrocio,Incidente tra veicoli,1,0
2020,Foggia,Foggia,Nell'Abitato,Strada Statale,Rettilineo,Incidente tra veicoli,1,1
2020,Foggia,Foggia,Fuori Abitato,Strada Statale,Rettilineo,Incidente tra veicoli,2,0
2020,Foggia,Lucera,Fuori Abitato,Strada Statale,Rettilineo,Incidente tra veicoli,2,0
2020,Foggia,Cerignola,Fuori Abitato,Strada Provinciale,Rettilineo,Incidente a veicolo isolato,1,0
2020,Foggia,San Severo,Nell'Abitato,Strada Urbana,Curva,Incidente a veicolo isolato,1,0
2020,Foggia,Manfredonia,Nell'Abitato,Strada Urbana,Rettilineo,Investimento di pedone,1,0
2020,Foggia,Manfredonia,Fuori Abitato,Strada Provinciale,Rettilineo,Incidente a veicolo isolato,0,1
2020,Foggia,Cerignola,Nell'Abitato,Strada Urbana,Incrocio,Incidente tra veicoli,1,0
2020,Foggia,Cerignola,Nell'Abitato,Strada Urbana,Rettilineo,Incidente tra veicoli,2,0
2020,Foggia,Cerignola,Nell'Abitato,Strada Urbana,Incrocio,Incidente tra veicoli,2,0
2020,Foggia,Cerignola,Nell'Abitato,Strada Urbana,Incrocio,Incidente tra veicoli,1,0
2020,Foggia,Cerignola,Fuori Abitato,Strada comunale extraurbana,Incrocio,Incidente tra veicoli,1,0
2020,Foggia,Cerignola,Nell'Abitato,Strada Provinciale,Rettilineo,Incidente tra veicoli,5,0
2020,Foggia,San Giovanni Rotondo,Fuori Abitato,Strada Statale,Curva,Incidente tra veicoli,2,0
2020,Foggia,Manfredonia,Nell'Abitato,Strada Urbana,Incrocio,Incidente tra veicoli,2,0
2020,Foggia,Manfredonia,Nell'Abitato,Strada Urbana,Rettilineo,Incidente tra veicoli,1,0
2020,Foggia,San Severo,Nell'Abitato,Strada Urbana,Rettilineo,Incidente tra veicoli,1,0
2020,Foggia,Manfredonia,Nell'Abitato,Strada Urbana,Incrocio,Incidente tra veicoli,4,0
